id,orden_id,tipo_evento,fecha_evento,payload
1,623,ORDEN_CANCELADA,2025-11-22 15:16:39,"{""evento_id"": ""1"", ""tipo"": ""ORDEN_CANCELADA""}"
2,40,ORDEN_CREADA,2025-02-16 01:47:15,"{""evento_id"": ""2"", ""tipo"": ""ORDEN_CREADA""}"
3,760,ORDEN_CONFIRMADA,2025-01-20 15:17:00,"{""evento_id"": ""3"", ""tipo"": ""ORDEN_CONFIRMADA""}"
4,821,ORDEN_CREADA,2025-03-09 12:25:26,"{""evento_id"": ""4"", ""tipo"": ""ORDEN_CREADA""}"
5,358,VALIDACION_FISCAL,2025-07-24 20:01:27,"{""evento_id"": ""5"", ""tipo"": ""VALIDACION_FISCAL""}"
6,410,ORDEN_CONFIRMADA,2025-04-05 08:59:22,"{""evento_id"": ""6"", ""tipo"": ""ORDEN_CONFIRMADA""}"
7,874,ORDEN_ENTREGADA,2025-07-07 13:58:58,"{""evento_id"": ""7"", ""tipo"": ""ORDEN_ENTREGADA""}"
8,829,VALIDACION_FISCAL,2025-03-14 04:19:33,"{""evento_id"": ""8"", ""tipo"": ""VALIDACION_FISCAL""}"
9,691,ORDEN_ENTREGADA,2025-07-19 02:03:04,"{""evento_id"": ""9"", ""tipo"": ""ORDEN_ENTREGADA""}"
10,567,SLOT_RESERVADO,2025-11-05 05:45:34,"{""evento_id"": ""10"", ""tipo"": ""SLOT_RESERVADO""}"
11,721,ORDEN_ENTREGADA,2025-04-26 19:36:02,"{""evento_id"": ""11"", ""tipo"": ""ORDEN_ENTREGADA""}"
12,994,ORDEN_CREADA,2025-08-11 14:39:28,"{""evento_id"": ""12"", ""tipo"": ""ORDEN_CREADA""}"
13,458,ORDEN_CREADA,2025-07-09 02:23:50,"{""evento_id"": ""13"", ""tipo"": ""ORDEN_CREADA""}"
14,11,ORDEN_CONFIRMADA,2025-12-07 03:30:19,"{""evento_id"": ""14"", ""tipo"": ""ORDEN_CONFIRMADA""}"
15,49,ORDEN_ENTREGADA,2025-04-12 12:15:22,"{""evento_id"": ""15"", ""tipo"": ""ORDEN_ENTREGADA""}"
16,168,ORDEN_CREADA,2025-04-27 01:59:58,"{""evento_id"": ""16"", ""tipo"": ""ORDEN_CREADA""}"
17,63,ORDEN_CREADA,2025-05-27 01:54:20,"{""evento_id"": ""17"", ""tipo"": ""ORDEN_CREADA""}"
18,769,ORDEN_ENTREGADA,2025-05-27 13:56:56,"{""evento_id"": ""18"", ""tipo"": ""ORDEN_ENTREGADA""}"
19,918,ORDEN_CONFIRMADA,2025-04-18 10:37:54,"{""evento_id"": ""19"", ""tipo"": ""ORDEN_CONFIRMADA""}"
20,776,ORDEN_CONFIRMADA,2025-04-24 01:27:27,"{""evento_id"": ""20"", ""tipo"": ""ORDEN_CONFIRMADA""}"
21,602,ORDEN_CANCELADA,2025-10-15 15:24:38,"{""evento_id"": ""21"", ""tipo"": ""ORDEN_CANCELADA""}"
22,146,ORDEN_CONFIRMADA,2025-05-05 01:20:09,"{""evento_id"": ""22"", ""tipo"": ""ORDEN_CONFIRMADA""}"
23,75,VALIDACION_FISCAL,2025-07-06 05:20:38,"{""evento_id"": ""23"", ""tipo"": ""VALIDACION_FISCAL""}"
24,715,ORDEN_CONFIRMADA,2025-05-20 17:59:52,"{""evento_id"": ""24"", ""tipo"": ""ORDEN_CONFIRMADA""}"
25,659,ORDEN_CONFIRMADA,2025-12-05 23:56:55,"{""evento_id"": ""25"", ""tipo"": ""ORDEN_CONFIRMADA""}"
26,159,ORDEN_CANCELADA,2025-11-08 21:15:45,"{""evento_id"": ""26"", ""tipo"": ""ORDEN_CANCELADA""}"
27,417,SLOT_RESERVADO,2025-05-27 03:08:47,"{""evento_id"": ""27"", ""tipo"": ""SLOT_RESERVADO""}"
28,809,ORDEN_ENTREGADA,2025-06-02 12:54:09,"{""evento_id"": ""28"", ""tipo"": ""ORDEN_ENTREGADA""}"
29,337,ORDEN_CONFIRMADA,2025-01-17 14:45:22,"{""evento_id"": ""29"", ""tipo"": ""ORDEN_CONFIRMADA""}"
30,980,ORDEN_CANCELADA,2025-05-15 09:49:27,"{""evento_id"": ""30"", ""tipo"": ""ORDEN_CANCELADA""}"
31,939,ORDEN_ENTREGADA,2025-07-05 03:25:56,"{""evento_id"": ""31"", ""tipo"": ""ORDEN_ENTREGADA""}"
32,902,ORDEN_ENTREGADA,2025-10-18 14:32:07,"{""evento_id"": ""32"", ""tipo"": ""ORDEN_ENTREGADA""}"
33,859,VALIDACION_FISCAL,2025-10-08 12:34:11,"{""evento_id"": ""33"", ""tipo"": ""VALIDACION_FISCAL""}"
34,411,ORDEN_CONFIRMADA,2025-06-19 04:38:47,"{""evento_id"": ""34"", ""tipo"": ""ORDEN_CONFIRMADA""}"
35,774,SLOT_RESERVADO,2025-06-15 05:04:05,"{""evento_id"": ""35"", ""tipo"": ""SLOT_RESERVADO""}"
36,544,SLOT_RESERVADO,2025-02-02 07:58:09,"{""evento_id"": ""36"", ""tipo"": ""SLOT_RESERVADO""}"
37,498,ORDEN_CONFIRMADA,2025-10-12 00:38:22,"{""evento_id"": ""37"", ""tipo"": ""ORDEN_CONFIRMADA""}"
38,241,ORDEN_ENTREGADA,2025-12-20 17:18:17,"{""evento_id"": ""38"", ""tipo"": ""ORDEN_ENTREGADA""}"
39,727,ORDEN_CONFIRMADA,2025-05-01 21:04:07,"{""evento_id"": ""39"", ""tipo"": ""ORDEN_CONFIRMADA""}"
40,673,ORDEN_CONFIRMADA,2025-06-23 13:31:38,"{""evento_id"": ""40"", ""tipo"": ""ORDEN_CONFIRMADA""}"
41,29,ORDEN_ENTREGADA,2025-03-31 11:10:26,"{""evento_id"": ""41"", ""tipo"": ""ORDEN_ENTREGADA""}"
42,223,SLOT_RESERVADO,2025-02-03 22:23:15,"{""evento_id"": ""42"", ""tipo"": ""SLOT_RESERVADO""}"
43,368,ORDEN_CANCELADA,2025-08-19 20:53:22,"{""evento_id"": ""43"", ""tipo"": ""ORDEN_CANCELADA""}"
44,409,ORDEN_CANCELADA,2025-03-12 11:10:48,"{""evento_id"": ""44"", ""tipo"": ""ORDEN_CANCELADA""}"
45,374,ORDEN_ENTREGADA,2025-08-17 20:13:28,"{""evento_id"": ""45"", ""tipo"": ""ORDEN_ENTREGADA""}"
46,905,ORDEN_CANCELADA,2025-06-14 18:39:07,"{""evento_id"": ""46"", ""tipo"": ""ORDEN_CANCELADA""}"
47,254,ORDEN_CREADA,2025-01-02 23:06:55,"{""evento_id"": ""47"", ""tipo"": ""ORDEN_CREADA""}"
48,66,ORDEN_CONFIRMADA,2025-07-23 12:24:10,"{""evento_id"": ""48"", ""tipo"": ""ORDEN_CONFIRMADA""}"
49,62,SLOT_RESERVADO,2025-04-09 14:30:45,"{""evento_id"": ""49"", ""tipo"": ""SLOT_RESERVADO""}"
50,774,ORDEN_CONFIRMADA,2025-05-23 15:35:35,"{""evento_id"": ""50"", ""tipo"": ""ORDEN_CONFIRMADA""}"
51,451,ORDEN_CREADA,2025-06-12 19:00:45,"{""evento_id"": ""51"", ""tipo"": ""ORDEN_CREADA""}"
52,177,ORDEN_CONFIRMADA,2025-08-12 16:40:50,"{""evento_id"": ""52"", ""tipo"": ""ORDEN_CONFIRMADA""}"
53,803,ORDEN_CANCELADA,2025-02-01 07:06:51,"{""evento_id"": ""53"", ""tipo"": ""ORDEN_CANCELADA""}"
54,142,VALIDACION_FISCAL,2025-01-07 04:50:59,"{""evento_id"": ""54"", ""tipo"": ""VALIDACION_FISCAL""}"
55,90,ORDEN_CREADA,2025-01-03 18:29:07,"{""evento_id"": ""55"", ""tipo"": ""ORDEN_CREADA""}"
56,340,ORDEN_CONFIRMADA,2025-08-22 11:16:25,"{""evento_id"": ""56"", ""tipo"": ""ORDEN_CONFIRMADA""}"
57,881,ORDEN_CANCELADA,2025-09-24 09:13:41,"{""evento_id"": ""57"", ""tipo"": ""ORDEN_CANCELADA""}"
58,167,VALIDACION_FISCAL,2025-09-14 13:24:31,"{""evento_id"": ""58"", ""tipo"": ""VALIDACION_FISCAL""}"
59,204,SLOT_RESERVADO,2025-04-12 08:10:24,"{""evento_id"": ""59"", ""tipo"": ""SLOT_RESERVADO""}"
60,363,ORDEN_CREADA,2025-06-25 10:04:33,"{""evento_id"": ""60"", ""tipo"": ""ORDEN_CREADA""}"
61,506,ORDEN_CREADA,2025-04-04 12:29:28,"{""evento_id"": ""61"", ""tipo"": ""ORDEN_CREADA""}"
62,222,ORDEN_CREADA,2025-11-22 09:22:17,"{""evento_id"": ""62"", ""tipo"": ""ORDEN_CREADA""}"
63,73,ORDEN_CANCELADA,2025-05-05 11:10:39,"{""evento_id"": ""63"", ""tipo"": ""ORDEN_CANCELADA""}"
64,651,SLOT_RESERVADO,2025-10-13 01:01:32,"{""evento_id"": ""64"", ""tipo"": ""SLOT_RESERVADO""}"
65,36,VALIDACION_FISCAL,2025-06-01 17:20:27,"{""evento_id"": ""65"", ""tipo"": ""VALIDACION_FISCAL""}"
66,104,ORDEN_CONFIRMADA,2025-08-28 05:46:52,"{""evento_id"": ""66"", ""tipo"": ""ORDEN_CONFIRMADA""}"
67,785,ORDEN_CREADA,2025-06-18 08:03:27,"{""evento_id"": ""67"", ""tipo"": ""ORDEN_CREADA""}"
68,737,ORDEN_CANCELADA,2025-02-03 05:19:20,"{""evento_id"": ""68"", ""tipo"": ""ORDEN_CANCELADA""}"
69,975,ORDEN_CANCELADA,2025-01-16 07:26:52,"{""evento_id"": ""69"", ""tipo"": ""ORDEN_CANCELADA""}"
70,678,VALIDACION_FISCAL,2025-05-04 03:06:52,"{""evento_id"": ""70"", ""tipo"": ""VALIDACION_FISCAL""}"
71,489,ORDEN_CONFIRMADA,2025-09-15 03:02:57,"{""evento_id"": ""71"", ""tipo"": ""ORDEN_CONFIRMADA""}"
72,637,SLOT_RESERVADO,2025-07-26 11:57:31,"{""evento_id"": ""72"", ""tipo"": ""SLOT_RESERVADO""}"
73,402,ORDEN_ENTREGADA,2025-02-02 00:21:59,"{""evento_id"": ""73"", ""tipo"": ""ORDEN_ENTREGADA""}"
74,752,ORDEN_ENTREGADA,2025-12-05 18:29:26,"{""evento_id"": ""74"", ""tipo"": ""ORDEN_ENTREGADA""}"
75,142,ORDEN_ENTREGADA,2025-01-31 01:16:21,"{""evento_id"": ""75"", ""tipo"": ""ORDEN_ENTREGADA""}"
76,870,ORDEN_CREADA,2025-03-10 03:44:31,"{""evento_id"": ""76"", ""tipo"": ""ORDEN_CREADA""}"
77,635,SLOT_RESERVADO,2025-05-29 02:11:33,"{""evento_id"": ""77"", ""tipo"": ""SLOT_RESERVADO""}"
78,302,SLOT_RESERVADO,2025-03-30 17:05:29,"{""evento_id"": ""78"", ""tipo"": ""SLOT_RESERVADO""}"
79,460,VALIDACION_FISCAL,2025-03-27 16:05:21,"{""evento_id"": ""79"", ""tipo"": ""VALIDACION_FISCAL""}"
80,909,ORDEN_CONFIRMADA,2025-03-18 23:55:43,"{""evento_id"": ""80"", ""tipo"": ""ORDEN_CONFIRMADA""}"
81,926,VALIDACION_FISCAL,2025-08-26 22:29:37,"{""evento_id"": ""81"", ""tipo"": ""VALIDACION_FISCAL""}"
82,630,ORDEN_CANCELADA,2025-04-21 08:55:47,"{""evento_id"": ""82"", ""tipo"": ""ORDEN_CANCELADA""}"
83,668,ORDEN_ENTREGADA,2025-06-16 19:07:32,"{""evento_id"": ""83"", ""tipo"": ""ORDEN_ENTREGADA""}"
84,677,SLOT_RESERVADO,2025-05-10 22:12:38,"{""evento_id"": ""84"", ""tipo"": ""SLOT_RESERVADO""}"
85,468,ORDEN_CONFIRMADA,2025-01-04 05:35:05,"{""evento_id"": ""85"", ""tipo"": ""ORDEN_CONFIRMADA""}"
86,169,ORDEN_CREADA,2025-11-08 13:38:40,"{""evento_id"": ""86"", ""tipo"": ""ORDEN_CREADA""}"
87,365,ORDEN_ENTREGADA,2025-02-06 18:51:20,"{""evento_id"": ""87"", ""tipo"": ""ORDEN_ENTREGADA""}"
88,900,ORDEN_ENTREGADA,2025-01-05 14:39:17,"{""evento_id"": ""88"", ""tipo"": ""ORDEN_ENTREGADA""}"
89,183,ORDEN_CANCELADA,2025-03-10 16:15:08,"{""evento_id"": ""89"", ""tipo"": ""ORDEN_CANCELADA""}"
90,507,SLOT_RESERVADO,2025-03-14 16:38:28,"{""evento_id"": ""90"", ""tipo"": ""SLOT_RESERVADO""}"
91,670,VALIDACION_FISCAL,2025-10-28 12:06:05,"{""evento_id"": ""91"", ""tipo"": ""VALIDACION_FISCAL""}"
92,506,ORDEN_CREADA,2025-10-25 23:37:45,"{""evento_id"": ""92"", ""tipo"": ""ORDEN_CREADA""}"
93,721,VALIDACION_FISCAL,2025-02-05 14:49:08,"{""evento_id"": ""93"", ""tipo"": ""VALIDACION_FISCAL""}"
94,206,ORDEN_ENTREGADA,2025-10-13 21:51:13,"{""evento_id"": ""94"", ""tipo"": ""ORDEN_ENTREGADA""}"
95,561,VALIDACION_FISCAL,2025-10-29 08:11:56,"{""evento_id"": ""95"", ""tipo"": ""VALIDACION_FISCAL""}"
96,543,ORDEN_CONFIRMADA,2025-02-02 11:14:53,"{""evento_id"": ""96"", ""tipo"": ""ORDEN_CONFIRMADA""}"
97,984,ORDEN_CANCELADA,2025-05-06 19:49:05,"{""evento_id"": ""97"", ""tipo"": ""ORDEN_CANCELADA""}"
98,748,ORDEN_ENTREGADA,2025-02-11 11:30:51,"{""evento_id"": ""98"", ""tipo"": ""ORDEN_ENTREGADA""}"
99,939,VALIDACION_FISCAL,2025-10-03 17:20:43,"{""evento_id"": ""99"", ""tipo"": ""VALIDACION_FISCAL""}"
100,544,SLOT_RESERVADO,2025-12-23 13:57:11,"{""evento_id"": ""100"", ""tipo"": ""SLOT_RESERVADO""}"
101,855,ORDEN_CREADA,2025-08-04 04:34:12,"{""evento_id"": ""101"", ""tipo"": ""ORDEN_CREADA""}"
102,518,VALIDACION_FISCAL,2025-01-04 22:00:52,"{""evento_id"": ""102"", ""tipo"": ""VALIDACION_FISCAL""}"
103,4,VALIDACION_FISCAL,2025-08-03 00:42:01,"{""evento_id"": ""103"", ""tipo"": ""VALIDACION_FISCAL""}"
104,769,ORDEN_CONFIRMADA,2025-02-07 22:38:41,"{""evento_id"": ""104"", ""tipo"": ""ORDEN_CONFIRMADA""}"
105,790,ORDEN_CONFIRMADA,2025-05-13 20:20:42,"{""evento_id"": ""105"", ""tipo"": ""ORDEN_CONFIRMADA""}"
106,419,ORDEN_ENTREGADA,2025-11-30 18:47:01,"{""evento_id"": ""106"", ""tipo"": ""ORDEN_ENTREGADA""}"
107,692,ORDEN_CONFIRMADA,2025-04-10 10:47:56,"{""evento_id"": ""107"", ""tipo"": ""ORDEN_CONFIRMADA""}"
108,105,ORDEN_CONFIRMADA,2025-09-21 14:56:05,"{""evento_id"": ""108"", ""tipo"": ""ORDEN_CONFIRMADA""}"
109,868,ORDEN_CANCELADA,2025-03-26 01:28:32,"{""evento_id"": ""109"", ""tipo"": ""ORDEN_CANCELADA""}"
110,49,SLOT_RESERVADO,2025-04-16 11:01:42,"{""evento_id"": ""110"", ""tipo"": ""SLOT_RESERVADO""}"
111,569,ORDEN_CANCELADA,2025-04-29 18:23:34,"{""evento_id"": ""111"", ""tipo"": ""ORDEN_CANCELADA""}"
112,239,ORDEN_CREADA,2025-12-04 13:40:22,"{""evento_id"": ""112"", ""tipo"": ""ORDEN_CREADA""}"
113,272,ORDEN_CONFIRMADA,2025-01-27 21:10:07,"{""evento_id"": ""113"", ""tipo"": ""ORDEN_CONFIRMADA""}"
114,155,VALIDACION_FISCAL,2025-10-19 09:02:45,"{""evento_id"": ""114"", ""tipo"": ""VALIDACION_FISCAL""}"
115,152,ORDEN_CREADA,2025-07-14 04:52:50,"{""evento_id"": ""115"", ""tipo"": ""ORDEN_CREADA""}"
116,502,ORDEN_CANCELADA,2025-09-13 21:22:03,"{""evento_id"": ""116"", ""tipo"": ""ORDEN_CANCELADA""}"
117,164,ORDEN_ENTREGADA,2025-04-25 21:36:34,"{""evento_id"": ""117"", ""tipo"": ""ORDEN_ENTREGADA""}"
118,472,SLOT_RESERVADO,2025-09-30 06:00:54,"{""evento_id"": ""118"", ""tipo"": ""SLOT_RESERVADO""}"
119,953,ORDEN_CONFIRMADA,2025-03-01 08:07:22,"{""evento_id"": ""119"", ""tipo"": ""ORDEN_CONFIRMADA""}"
120,491,ORDEN_CANCELADA,2025-08-10 18:56:27,"{""evento_id"": ""120"", ""tipo"": ""ORDEN_CANCELADA""}"
121,809,ORDEN_CREADA,2025-10-15 21:18:33,"{""evento_id"": ""121"", ""tipo"": ""ORDEN_CREADA""}"
122,779,ORDEN_ENTREGADA,2025-12-13 07:01:46,"{""evento_id"": ""122"", ""tipo"": ""ORDEN_ENTREGADA""}"
123,848,ORDEN_CONFIRMADA,2025-07-29 17:40:13,"{""evento_id"": ""123"", ""tipo"": ""ORDEN_CONFIRMADA""}"
124,262,VALIDACION_FISCAL,2025-11-21 11:16:53,"{""evento_id"": ""124"", ""tipo"": ""VALIDACION_FISCAL""}"
125,582,ORDEN_ENTREGADA,2025-05-25 06:31:53,"{""evento_id"": ""125"", ""tipo"": ""ORDEN_ENTREGADA""}"
126,429,VALIDACION_FISCAL,2025-10-09 17:45:03,"{""evento_id"": ""126"", ""tipo"": ""VALIDACION_FISCAL""}"
127,204,ORDEN_ENTREGADA,2025-04-22 23:00:21,"{""evento_id"": ""127"", ""tipo"": ""ORDEN_ENTREGADA""}"
128,657,ORDEN_ENTREGADA,2025-10-03 09:19:31,"{""evento_id"": ""128"", ""tipo"": ""ORDEN_ENTREGADA""}"
129,329,SLOT_RESERVADO,2025-07-28 09:52:48,"{""evento_id"": ""129"", ""tipo"": ""SLOT_RESERVADO""}"
130,774,ORDEN_CREADA,2025-09-08 10:09:57,"{""evento_id"": ""130"", ""tipo"": ""ORDEN_CREADA""}"
131,987,SLOT_RESERVADO,2025-01-26 13:22:02,"{""evento_id"": ""131"", ""tipo"": ""SLOT_RESERVADO""}"
132,122,ORDEN_CONFIRMADA,2025-12-29 11:33:03,"{""evento_id"": ""132"", ""tipo"": ""ORDEN_CONFIRMADA""}"
133,51,VALIDACION_FISCAL,2025-09-05 11:06:04,"{""evento_id"": ""133"", ""tipo"": ""VALIDACION_FISCAL""}"
134,987,VALIDACION_FISCAL,2025-12-20 22:33:16,"{""evento_id"": ""134"", ""tipo"": ""VALIDACION_FISCAL""}"
135,481,ORDEN_ENTREGADA,2025-03-09 23:57:21,"{""evento_id"": ""135"", ""tipo"": ""ORDEN_ENTREGADA""}"
136,965,SLOT_RESERVADO,2025-02-24 17:48:25,"{""evento_id"": ""136"", ""tipo"": ""SLOT_RESERVADO""}"
137,779,VALIDACION_FISCAL,2025-09-29 05:47:47,"{""evento_id"": ""137"", ""tipo"": ""VALIDACION_FISCAL""}"
138,176,ORDEN_CANCELADA,2025-12-21 09:04:59,"{""evento_id"": ""138"", ""tipo"": ""ORDEN_CANCELADA""}"
139,977,SLOT_RESERVADO,2025-08-25 15:07:02,"{""evento_id"": ""139"", ""tipo"": ""SLOT_RESERVADO""}"
140,124,ORDEN_CONFIRMADA,2025-04-20 21:10:40,"{""evento_id"": ""140"", ""tipo"": ""ORDEN_CONFIRMADA""}"
141,232,ORDEN_CONFIRMADA,2025-06-22 12:33:32,"{""evento_id"": ""141"", ""tipo"": ""ORDEN_CONFIRMADA""}"
142,285,SLOT_RESERVADO,2025-09-11 05:48:06,"{""evento_id"": ""142"", ""tipo"": ""SLOT_RESERVADO""}"
143,841,VALIDACION_FISCAL,2025-09-30 03:54:11,"{""evento_id"": ""143"", ""tipo"": ""VALIDACION_FISCAL""}"
144,214,ORDEN_CREADA,2025-04-07 00:18:26,"{""evento_id"": ""144"", ""tipo"": ""ORDEN_CREADA""}"
145,903,ORDEN_ENTREGADA,2025-05-19 00:21:22,"{""evento_id"": ""145"", ""tipo"": ""ORDEN_ENTREGADA""}"
146,111,ORDEN_CONFIRMADA,2025-01-07 17:15:59,"{""evento_id"": ""146"", ""tipo"": ""ORDEN_CONFIRMADA""}"
147,896,ORDEN_CONFIRMADA,2025-01-12 03:00:23,"{""evento_id"": ""147"", ""tipo"": ""ORDEN_CONFIRMADA""}"
148,669,VALIDACION_FISCAL,2025-02-03 00:44:30,"{""evento_id"": ""148"", ""tipo"": ""VALIDACION_FISCAL""}"
149,39,ORDEN_CONFIRMADA,2025-07-29 21:42:08,"{""evento_id"": ""149"", ""tipo"": ""ORDEN_CONFIRMADA""}"
150,570,VALIDACION_FISCAL,2025-08-06 21:21:30,"{""evento_id"": ""150"", ""tipo"": ""VALIDACION_FISCAL""}"
151,989,VALIDACION_FISCAL,2025-07-25 02:51:55,"{""evento_id"": ""151"", ""tipo"": ""VALIDACION_FISCAL""}"
152,749,ORDEN_CONFIRMADA,2025-09-13 23:09:32,"{""evento_id"": ""152"", ""tipo"": ""ORDEN_CONFIRMADA""}"
153,981,ORDEN_CONFIRMADA,2025-08-18 04:38:22,"{""evento_id"": ""153"", ""tipo"": ""ORDEN_CONFIRMADA""}"
154,423,SLOT_RESERVADO,2025-10-28 15:56:18,"{""evento_id"": ""154"", ""tipo"": ""SLOT_RESERVADO""}"
155,732,VALIDACION_FISCAL,2025-02-27 00:50:53,"{""evento_id"": ""155"", ""tipo"": ""VALIDACION_FISCAL""}"
156,588,SLOT_RESERVADO,2025-03-22 15:08:35,"{""evento_id"": ""156"", ""tipo"": ""SLOT_RESERVADO""}"
157,842,ORDEN_ENTREGADA,2025-07-08 08:07:08,"{""evento_id"": ""157"", ""tipo"": ""ORDEN_ENTREGADA""}"
158,903,SLOT_RESERVADO,2025-06-07 06:27:58,"{""evento_id"": ""158"", ""tipo"": ""SLOT_RESERVADO""}"
159,187,ORDEN_ENTREGADA,2025-04-06 20:53:49,"{""evento_id"": ""159"", ""tipo"": ""ORDEN_ENTREGADA""}"
160,902,ORDEN_CONFIRMADA,2025-11-20 00:50:09,"{""evento_id"": ""160"", ""tipo"": ""ORDEN_CONFIRMADA""}"
161,366,ORDEN_CREADA,2025-07-10 00:36:33,"{""evento_id"": ""161"", ""tipo"": ""ORDEN_CREADA""}"
162,30,ORDEN_ENTREGADA,2025-12-27 19:00:45,"{""evento_id"": ""162"", ""tipo"": ""ORDEN_ENTREGADA""}"
163,76,ORDEN_CONFIRMADA,2025-08-19 14:36:39,"{""evento_id"": ""163"", ""tipo"": ""ORDEN_CONFIRMADA""}"
164,528,ORDEN_CONFIRMADA,2025-01-02 20:09:43,"{""evento_id"": ""164"", ""tipo"": ""ORDEN_CONFIRMADA""}"
165,996,VALIDACION_FISCAL,2025-03-18 15:44:32,"{""evento_id"": ""165"", ""tipo"": ""VALIDACION_FISCAL""}"
166,885,SLOT_RESERVADO,2025-01-12 21:36:39,"{""evento_id"": ""166"", ""tipo"": ""SLOT_RESERVADO""}"
167,239,SLOT_RESERVADO,2025-04-15 02:24:01,"{""evento_id"": ""167"", ""tipo"": ""SLOT_RESERVADO""}"
168,173,ORDEN_CANCELADA,2025-06-23 10:28:30,"{""evento_id"": ""168"", ""tipo"": ""ORDEN_CANCELADA""}"
169,609,VALIDACION_FISCAL,2025-05-26 01:18:23,"{""evento_id"": ""169"", ""tipo"": ""VALIDACION_FISCAL""}"
170,982,ORDEN_CREADA,2025-12-05 04:20:11,"{""evento_id"": ""170"", ""tipo"": ""ORDEN_CREADA""}"
171,50,ORDEN_CANCELADA,2025-03-09 08:59:04,"{""evento_id"": ""171"", ""tipo"": ""ORDEN_CANCELADA""}"
172,99,ORDEN_CREADA,2025-08-28 05:20:57,"{""evento_id"": ""172"", ""tipo"": ""ORDEN_CREADA""}"
173,999,ORDEN_ENTREGADA,2025-06-27 02:33:37,"{""evento_id"": ""173"", ""tipo"": ""ORDEN_ENTREGADA""}"
174,764,SLOT_RESERVADO,2025-09-04 07:15:50,"{""evento_id"": ""174"", ""tipo"": ""SLOT_RESERVADO""}"
175,315,VALIDACION_FISCAL,2025-07-25 14:00:44,"{""evento_id"": ""175"", ""tipo"": ""VALIDACION_FISCAL""}"
176,520,VALIDACION_FISCAL,2025-08-02 07:12:13,"{""evento_id"": ""176"", ""tipo"": ""VALIDACION_FISCAL""}"
177,576,ORDEN_ENTREGADA,2025-12-14 18:29:28,"{""evento_id"": ""177"", ""tipo"": ""ORDEN_ENTREGADA""}"
178,380,VALIDACION_FISCAL,2025-09-12 22:03:01,"{""evento_id"": ""178"", ""tipo"": ""VALIDACION_FISCAL""}"
179,246,VALIDACION_FISCAL,2025-10-17 05:24:54,"{""evento_id"": ""179"", ""tipo"": ""VALIDACION_FISCAL""}"
180,715,VALIDACION_FISCAL,2025-06-11 08:41:46,"{""evento_id"": ""180"", ""tipo"": ""VALIDACION_FISCAL""}"
181,855,VALIDACION_FISCAL,2025-01-30 19:25:30,"{""evento_id"": ""181"", ""tipo"": ""VALIDACION_FISCAL""}"
182,893,SLOT_RESERVADO,2025-10-19 04:01:23,"{""evento_id"": ""182"", ""tipo"": ""SLOT_RESERVADO""}"
183,551,SLOT_RESERVADO,2025-04-15 21:09:15,"{""evento_id"": ""183"", ""tipo"": ""SLOT_RESERVADO""}"
184,86,ORDEN_CONFIRMADA,2025-11-22 23:31:24,"{""evento_id"": ""184"", ""tipo"": ""ORDEN_CONFIRMADA""}"
185,345,SLOT_RESERVADO,2025-12-06 05:26:19,"{""evento_id"": ""185"", ""tipo"": ""SLOT_RESERVADO""}"
186,68,ORDEN_ENTREGADA,2025-10-21 01:01:35,"{""evento_id"": ""186"", ""tipo"": ""ORDEN_ENTREGADA""}"
187,912,ORDEN_CONFIRMADA,2025-03-27 10:46:38,"{""evento_id"": ""187"", ""tipo"": ""ORDEN_CONFIRMADA""}"
188,164,ORDEN_ENTREGADA,2025-11-23 06:35:29,"{""evento_id"": ""188"", ""tipo"": ""ORDEN_ENTREGADA""}"
189,143,VALIDACION_FISCAL,2025-09-27 05:12:23,"{""evento_id"": ""189"", ""tipo"": ""VALIDACION_FISCAL""}"
190,951,ORDEN_ENTREGADA,2025-03-09 20:27:55,"{""evento_id"": ""190"", ""tipo"": ""ORDEN_ENTREGADA""}"
191,743,SLOT_RESERVADO,2025-11-07 07:22:59,"{""evento_id"": ""191"", ""tipo"": ""SLOT_RESERVADO""}"
192,922,ORDEN_CREADA,2025-12-28 08:26:20,"{""evento_id"": ""192"", ""tipo"": ""ORDEN_CREADA""}"
193,639,ORDEN_CANCELADA,2025-01-06 02:34:30,"{""evento_id"": ""193"", ""tipo"": ""ORDEN_CANCELADA""}"
194,896,ORDEN_CANCELADA,2025-09-10 15:35:14,"{""evento_id"": ""194"", ""tipo"": ""ORDEN_CANCELADA""}"
195,689,SLOT_RESERVADO,2025-10-04 13:37:54,"{""evento_id"": ""195"", ""tipo"": ""SLOT_RESERVADO""}"
196,24,ORDEN_CREADA,2025-03-22 01:05:13,"{""evento_id"": ""196"", ""tipo"": ""ORDEN_CREADA""}"
197,574,VALIDACION_FISCAL,2025-03-20 04:54:10,"{""evento_id"": ""197"", ""tipo"": ""VALIDACION_FISCAL""}"
198,496,ORDEN_ENTREGADA,2025-03-05 20:22:48,"{""evento_id"": ""198"", ""tipo"": ""ORDEN_ENTREGADA""}"
199,776,ORDEN_ENTREGADA,2025-03-08 17:07:24,"{""evento_id"": ""199"", ""tipo"": ""ORDEN_ENTREGADA""}"
200,278,VALIDACION_FISCAL,2025-08-16 19:23:43,"{""evento_id"": ""200"", ""tipo"": ""VALIDACION_FISCAL""}"
201,912,SLOT_RESERVADO,2025-12-25 20:55:40,"{""evento_id"": ""201"", ""tipo"": ""SLOT_RESERVADO""}"
202,843,ORDEN_CANCELADA,2025-04-28 17:49:54,"{""evento_id"": ""202"", ""tipo"": ""ORDEN_CANCELADA""}"
203,144,ORDEN_CONFIRMADA,2025-06-24 00:35:05,"{""evento_id"": ""203"", ""tipo"": ""ORDEN_CONFIRMADA""}"
204,280,ORDEN_ENTREGADA,2025-06-13 01:48:54,"{""evento_id"": ""204"", ""tipo"": ""ORDEN_ENTREGADA""}"
205,435,VALIDACION_FISCAL,2025-07-25 21:38:56,"{""evento_id"": ""205"", ""tipo"": ""VALIDACION_FISCAL""}"
206,345,ORDEN_ENTREGADA,2025-06-18 08:09:34,"{""evento_id"": ""206"", ""tipo"": ""ORDEN_ENTREGADA""}"
207,376,ORDEN_CREADA,2025-11-11 05:39:00,"{""evento_id"": ""207"", ""tipo"": ""ORDEN_CREADA""}"
208,490,ORDEN_CONFIRMADA,2025-03-05 02:56:42,"{""evento_id"": ""208"", ""tipo"": ""ORDEN_CONFIRMADA""}"
209,776,ORDEN_CREADA,2025-12-24 22:33:26,"{""evento_id"": ""209"", ""tipo"": ""ORDEN_CREADA""}"
210,374,SLOT_RESERVADO,2025-10-15 15:52:25,"{""evento_id"": ""210"", ""tipo"": ""SLOT_RESERVADO""}"
211,685,ORDEN_ENTREGADA,2025-11-20 18:52:46,"{""evento_id"": ""211"", ""tipo"": ""ORDEN_ENTREGADA""}"
212,335,SLOT_RESERVADO,2025-08-26 11:56:33,"{""evento_id"": ""212"", ""tipo"": ""SLOT_RESERVADO""}"
213,879,VALIDACION_FISCAL,2025-06-02 04:59:37,"{""evento_id"": ""213"", ""tipo"": ""VALIDACION_FISCAL""}"
214,51,ORDEN_CANCELADA,2025-04-17 05:54:40,"{""evento_id"": ""214"", ""tipo"": ""ORDEN_CANCELADA""}"
215,558,ORDEN_CREADA,2025-04-01 01:08:11,"{""evento_id"": ""215"", ""tipo"": ""ORDEN_CREADA""}"
216,109,ORDEN_CREADA,2025-10-06 00:25:46,"{""evento_id"": ""216"", ""tipo"": ""ORDEN_CREADA""}"
217,191,ORDEN_CREADA,2025-08-01 04:05:36,"{""evento_id"": ""217"", ""tipo"": ""ORDEN_CREADA""}"
218,910,ORDEN_ENTREGADA,2025-07-03 04:30:52,"{""evento_id"": ""218"", ""tipo"": ""ORDEN_ENTREGADA""}"
219,624,SLOT_RESERVADO,2025-11-27 15:10:36,"{""evento_id"": ""219"", ""tipo"": ""SLOT_RESERVADO""}"
220,573,VALIDACION_FISCAL,2025-05-20 03:38:52,"{""evento_id"": ""220"", ""tipo"": ""VALIDACION_FISCAL""}"
221,553,SLOT_RESERVADO,2025-09-10 11:07:33,"{""evento_id"": ""221"", ""tipo"": ""SLOT_RESERVADO""}"
222,620,ORDEN_CONFIRMADA,2025-11-13 10:50:44,"{""evento_id"": ""222"", ""tipo"": ""ORDEN_CONFIRMADA""}"
223,33,ORDEN_CONFIRMADA,2025-04-21 21:49:09,"{""evento_id"": ""223"", ""tipo"": ""ORDEN_CONFIRMADA""}"
224,906,ORDEN_CANCELADA,2025-05-28 08:09:56,"{""evento_id"": ""224"", ""tipo"": ""ORDEN_CANCELADA""}"
225,779,ORDEN_CONFIRMADA,2025-05-25 09:11:46,"{""evento_id"": ""225"", ""tipo"": ""ORDEN_CONFIRMADA""}"
226,890,ORDEN_ENTREGADA,2025-04-10 18:18:13,"{""evento_id"": ""226"", ""tipo"": ""ORDEN_ENTREGADA""}"
227,387,ORDEN_CREADA,2025-03-05 03:07:33,"{""evento_id"": ""227"", ""tipo"": ""ORDEN_CREADA""}"
228,968,ORDEN_CONFIRMADA,2025-11-17 19:59:11,"{""evento_id"": ""228"", ""tipo"": ""ORDEN_CONFIRMADA""}"
229,251,ORDEN_CREADA,2025-03-08 05:04:09,"{""evento_id"": ""229"", ""tipo"": ""ORDEN_CREADA""}"
230,302,ORDEN_CREADA,2025-08-16 05:07:32,"{""evento_id"": ""230"", ""tipo"": ""ORDEN_CREADA""}"
231,372,VALIDACION_FISCAL,2025-08-26 05:37:04,"{""evento_id"": ""231"", ""tipo"": ""VALIDACION_FISCAL""}"
232,60,VALIDACION_FISCAL,2025-03-16 01:23:18,"{""evento_id"": ""232"", ""tipo"": ""VALIDACION_FISCAL""}"
233,784,ORDEN_CREADA,2025-03-13 10:25:44,"{""evento_id"": ""233"", ""tipo"": ""ORDEN_CREADA""}"
234,808,VALIDACION_FISCAL,2025-08-15 16:51:40,"{""evento_id"": ""234"", ""tipo"": ""VALIDACION_FISCAL""}"
235,948,ORDEN_CREADA,2025-08-28 16:30:39,"{""evento_id"": ""235"", ""tipo"": ""ORDEN_CREADA""}"
236,12,ORDEN_CREADA,2025-02-14 17:39:56,"{""evento_id"": ""236"", ""tipo"": ""ORDEN_CREADA""}"
237,914,ORDEN_CREADA,2025-08-11 21:27:00,"{""evento_id"": ""237"", ""tipo"": ""ORDEN_CREADA""}"
238,472,ORDEN_CONFIRMADA,2025-11-19 18:57:47,"{""evento_id"": ""238"", ""tipo"": ""ORDEN_CONFIRMADA""}"
239,172,ORDEN_CONFIRMADA,2025-07-09 16:01:08,"{""evento_id"": ""239"", ""tipo"": ""ORDEN_CONFIRMADA""}"
240,773,ORDEN_CREADA,2025-02-24 08:11:20,"{""evento_id"": ""240"", ""tipo"": ""ORDEN_CREADA""}"
241,222,SLOT_RESERVADO,2025-11-18 01:02:23,"{""evento_id"": ""241"", ""tipo"": ""SLOT_RESERVADO""}"
242,358,ORDEN_CANCELADA,2025-11-26 20:46:53,"{""evento_id"": ""242"", ""tipo"": ""ORDEN_CANCELADA""}"
243,343,VALIDACION_FISCAL,2025-11-28 08:49:27,"{""evento_id"": ""243"", ""tipo"": ""VALIDACION_FISCAL""}"
244,446,ORDEN_CONFIRMADA,2025-04-13 19:40:12,"{""evento_id"": ""244"", ""tipo"": ""ORDEN_CONFIRMADA""}"
245,346,SLOT_RESERVADO,2025-03-01 17:50:22,"{""evento_id"": ""245"", ""tipo"": ""SLOT_RESERVADO""}"
246,401,ORDEN_CONFIRMADA,2025-08-11 16:39:13,"{""evento_id"": ""246"", ""tipo"": ""ORDEN_CONFIRMADA""}"
247,163,VALIDACION_FISCAL,2025-01-10 20:12:22,"{""evento_id"": ""247"", ""tipo"": ""VALIDACION_FISCAL""}"
248,820,SLOT_RESERVADO,2025-08-02 05:51:19,"{""evento_id"": ""248"", ""tipo"": ""SLOT_RESERVADO""}"
249,325,SLOT_RESERVADO,2025-07-09 19:14:35,"{""evento_id"": ""249"", ""tipo"": ""SLOT_RESERVADO""}"
250,183,ORDEN_CONFIRMADA,2025-11-13 05:04:42,"{""evento_id"": ""250"", ""tipo"": ""ORDEN_CONFIRMADA""}"
251,276,SLOT_RESERVADO,2025-11-12 12:41:08,"{""evento_id"": ""251"", ""tipo"": ""SLOT_RESERVADO""}"
252,510,ORDEN_ENTREGADA,2025-10-05 22:53:37,"{""evento_id"": ""252"", ""tipo"": ""ORDEN_ENTREGADA""}"
253,894,ORDEN_CREADA,2025-12-17 13:17:17,"{""evento_id"": ""253"", ""tipo"": ""ORDEN_CREADA""}"
254,427,SLOT_RESERVADO,2025-12-15 17:57:13,"{""evento_id"": ""254"", ""tipo"": ""SLOT_RESERVADO""}"
255,656,SLOT_RESERVADO,2025-04-11 02:04:59,"{""evento_id"": ""255"", ""tipo"": ""SLOT_RESERVADO""}"
256,790,ORDEN_CANCELADA,2025-04-16 11:19:13,"{""evento_id"": ""256"", ""tipo"": ""ORDEN_CANCELADA""}"
257,622,SLOT_RESERVADO,2025-06-25 13:30:47,"{""evento_id"": ""257"", ""tipo"": ""SLOT_RESERVADO""}"
258,459,ORDEN_ENTREGADA,2025-09-09 02:18:31,"{""evento_id"": ""258"", ""tipo"": ""ORDEN_ENTREGADA""}"
259,442,ORDEN_CONFIRMADA,2025-06-10 03:24:28,"{""evento_id"": ""259"", ""tipo"": ""ORDEN_CONFIRMADA""}"
260,369,VALIDACION_FISCAL,2025-12-16 16:22:51,"{""evento_id"": ""260"", ""tipo"": ""VALIDACION_FISCAL""}"
261,890,ORDEN_CONFIRMADA,2025-04-10 00:17:32,"{""evento_id"": ""261"", ""tipo"": ""ORDEN_CONFIRMADA""}"
262,385,ORDEN_CONFIRMADA,2025-04-06 00:53:53,"{""evento_id"": ""262"", ""tipo"": ""ORDEN_CONFIRMADA""}"
263,972,ORDEN_CREADA,2025-11-02 06:05:14,"{""evento_id"": ""263"", ""tipo"": ""ORDEN_CREADA""}"
264,393,ORDEN_CANCELADA,2025-07-10 14:34:30,"{""evento_id"": ""264"", ""tipo"": ""ORDEN_CANCELADA""}"
265,263,ORDEN_ENTREGADA,2025-06-10 10:26:19,"{""evento_id"": ""265"", ""tipo"": ""ORDEN_ENTREGADA""}"
266,30,VALIDACION_FISCAL,2025-07-27 18:19:37,"{""evento_id"": ""266"", ""tipo"": ""VALIDACION_FISCAL""}"
267,665,SLOT_RESERVADO,2025-04-26 01:57:58,"{""evento_id"": ""267"", ""tipo"": ""SLOT_RESERVADO""}"
268,325,ORDEN_CANCELADA,2025-05-18 02:06:58,"{""evento_id"": ""268"", ""tipo"": ""ORDEN_CANCELADA""}"
269,383,ORDEN_CREADA,2025-01-07 20:41:34,"{""evento_id"": ""269"", ""tipo"": ""ORDEN_CREADA""}"
270,583,ORDEN_CREADA,2025-10-19 13:10:50,"{""evento_id"": ""270"", ""tipo"": ""ORDEN_CREADA""}"
271,311,ORDEN_ENTREGADA,2025-08-24 19:52:19,"{""evento_id"": ""271"", ""tipo"": ""ORDEN_ENTREGADA""}"
272,360,ORDEN_ENTREGADA,2025-02-13 03:13:48,"{""evento_id"": ""272"", ""tipo"": ""ORDEN_ENTREGADA""}"
273,387,VALIDACION_FISCAL,2025-12-12 11:29:39,"{""evento_id"": ""273"", ""tipo"": ""VALIDACION_FISCAL""}"
274,630,SLOT_RESERVADO,2025-07-23 12:30:46,"{""evento_id"": ""274"", ""tipo"": ""SLOT_RESERVADO""}"
275,965,ORDEN_CANCELADA,2025-03-04 20:40:02,"{""evento_id"": ""275"", ""tipo"": ""ORDEN_CANCELADA""}"
276,45,ORDEN_CONFIRMADA,2025-10-24 17:03:06,"{""evento_id"": ""276"", ""tipo"": ""ORDEN_CONFIRMADA""}"
277,701,ORDEN_ENTREGADA,2025-02-24 22:00:30,"{""evento_id"": ""277"", ""tipo"": ""ORDEN_ENTREGADA""}"
278,883,ORDEN_ENTREGADA,2025-05-14 05:39:28,"{""evento_id"": ""278"", ""tipo"": ""ORDEN_ENTREGADA""}"
279,694,SLOT_RESERVADO,2025-06-08 06:57:36,"{""evento_id"": ""279"", ""tipo"": ""SLOT_RESERVADO""}"
280,574,SLOT_RESERVADO,2025-03-19 14:22:39,"{""evento_id"": ""280"", ""tipo"": ""SLOT_RESERVADO""}"
281,253,VALIDACION_FISCAL,2025-11-11 10:55:37,"{""evento_id"": ""281"", ""tipo"": ""VALIDACION_FISCAL""}"
282,64,ORDEN_CANCELADA,2025-01-08 03:33:15,"{""evento_id"": ""282"", ""tipo"": ""ORDEN_CANCELADA""}"
283,669,SLOT_RESERVADO,2025-03-08 06:44:17,"{""evento_id"": ""283"", ""tipo"": ""SLOT_RESERVADO""}"
284,540,VALIDACION_FISCAL,2025-06-23 23:17:37,"{""evento_id"": ""284"", ""tipo"": ""VALIDACION_FISCAL""}"
285,485,VALIDACION_FISCAL,2025-11-19 10:41:44,"{""evento_id"": ""285"", ""tipo"": ""VALIDACION_FISCAL""}"
286,191,SLOT_RESERVADO,2025-09-08 23:46:26,"{""evento_id"": ""286"", ""tipo"": ""SLOT_RESERVADO""}"
287,336,VALIDACION_FISCAL,2025-11-17 13:55:03,"{""evento_id"": ""287"", ""tipo"": ""VALIDACION_FISCAL""}"
288,762,ORDEN_CONFIRMADA,2025-11-26 05:09:39,"{""evento_id"": ""288"", ""tipo"": ""ORDEN_CONFIRMADA""}"
289,915,ORDEN_ENTREGADA,2025-10-20 15:03:16,"{""evento_id"": ""289"", ""tipo"": ""ORDEN_ENTREGADA""}"
290,820,ORDEN_ENTREGADA,2025-06-13 16:30:45,"{""evento_id"": ""290"", ""tipo"": ""ORDEN_ENTREGADA""}"
291,225,ORDEN_CONFIRMADA,2025-07-08 21:31:56,"{""evento_id"": ""291"", ""tipo"": ""ORDEN_CONFIRMADA""}"
292,611,ORDEN_CONFIRMADA,2025-04-22 21:43:56,"{""evento_id"": ""292"", ""tipo"": ""ORDEN_CONFIRMADA""}"
293,39,VALIDACION_FISCAL,2025-07-19 03:16:58,"{""evento_id"": ""293"", ""tipo"": ""VALIDACION_FISCAL""}"
294,455,ORDEN_ENTREGADA,2025-02-14 15:48:37,"{""evento_id"": ""294"", ""tipo"": ""ORDEN_ENTREGADA""}"
295,324,ORDEN_CANCELADA,2025-12-22 02:11:53,"{""evento_id"": ""295"", ""tipo"": ""ORDEN_CANCELADA""}"
296,478,SLOT_RESERVADO,2025-10-21 23:05:20,"{""evento_id"": ""296"", ""tipo"": ""SLOT_RESERVADO""}"
297,575,ORDEN_CONFIRMADA,2025-08-06 08:35:33,"{""evento_id"": ""297"", ""tipo"": ""ORDEN_CONFIRMADA""}"
298,148,ORDEN_CONFIRMADA,2025-02-04 14:11:05,"{""evento_id"": ""298"", ""tipo"": ""ORDEN_CONFIRMADA""}"
299,140,VALIDACION_FISCAL,2025-05-28 12:56:16,"{""evento_id"": ""299"", ""tipo"": ""VALIDACION_FISCAL""}"
300,238,ORDEN_ENTREGADA,2025-04-15 15:38:55,"{""evento_id"": ""300"", ""tipo"": ""ORDEN_ENTREGADA""}"
301,810,ORDEN_CANCELADA,2025-08-09 11:38:09,"{""evento_id"": ""301"", ""tipo"": ""ORDEN_CANCELADA""}"
302,698,ORDEN_CANCELADA,2025-01-09 08:21:22,"{""evento_id"": ""302"", ""tipo"": ""ORDEN_CANCELADA""}"
303,265,ORDEN_CANCELADA,2025-05-21 22:39:31,"{""evento_id"": ""303"", ""tipo"": ""ORDEN_CANCELADA""}"
304,706,VALIDACION_FISCAL,2025-03-10 19:24:40,"{""evento_id"": ""304"", ""tipo"": ""VALIDACION_FISCAL""}"
305,158,SLOT_RESERVADO,2025-09-09 01:22:50,"{""evento_id"": ""305"", ""tipo"": ""SLOT_RESERVADO""}"
306,93,ORDEN_CANCELADA,2025-08-17 05:46:30,"{""evento_id"": ""306"", ""tipo"": ""ORDEN_CANCELADA""}"
307,237,SLOT_RESERVADO,2025-10-05 08:21:27,"{""evento_id"": ""307"", ""tipo"": ""SLOT_RESERVADO""}"
308,541,SLOT_RESERVADO,2025-10-20 21:08:34,"{""evento_id"": ""308"", ""tipo"": ""SLOT_RESERVADO""}"
309,943,ORDEN_CANCELADA,2025-10-15 01:32:43,"{""evento_id"": ""309"", ""tipo"": ""ORDEN_CANCELADA""}"
310,289,ORDEN_ENTREGADA,2025-09-06 02:31:32,"{""evento_id"": ""310"", ""tipo"": ""ORDEN_ENTREGADA""}"
311,115,ORDEN_ENTREGADA,2025-10-08 11:19:33,"{""evento_id"": ""311"", ""tipo"": ""ORDEN_ENTREGADA""}"
312,662,ORDEN_CONFIRMADA,2025-02-28 18:35:12,"{""evento_id"": ""312"", ""tipo"": ""ORDEN_CONFIRMADA""}"
313,11,ORDEN_CANCELADA,2025-01-17 01:25:21,"{""evento_id"": ""313"", ""tipo"": ""ORDEN_CANCELADA""}"
314,678,ORDEN_CREADA,2025-03-01 04:14:54,"{""evento_id"": ""314"", ""tipo"": ""ORDEN_CREADA""}"
315,392,VALIDACION_FISCAL,2025-06-15 20:46:41,"{""evento_id"": ""315"", ""tipo"": ""VALIDACION_FISCAL""}"
316,940,ORDEN_ENTREGADA,2025-12-15 06:20:26,"{""evento_id"": ""316"", ""tipo"": ""ORDEN_ENTREGADA""}"
317,741,ORDEN_CANCELADA,2025-03-01 05:16:24,"{""evento_id"": ""317"", ""tipo"": ""ORDEN_CANCELADA""}"
318,941,ORDEN_ENTREGADA,2025-10-17 11:07:41,"{""evento_id"": ""318"", ""tipo"": ""ORDEN_ENTREGADA""}"
319,705,ORDEN_CANCELADA,2025-02-04 01:10:44,"{""evento_id"": ""319"", ""tipo"": ""ORDEN_CANCELADA""}"
320,93,VALIDACION_FISCAL,2025-05-29 06:40:22,"{""evento_id"": ""320"", ""tipo"": ""VALIDACION_FISCAL""}"
321,100,ORDEN_CANCELADA,2025-05-23 17:12:54,"{""evento_id"": ""321"", ""tipo"": ""ORDEN_CANCELADA""}"
322,77,ORDEN_CANCELADA,2025-01-02 13:12:07,"{""evento_id"": ""322"", ""tipo"": ""ORDEN_CANCELADA""}"
323,976,ORDEN_CONFIRMADA,2025-11-04 20:19:22,"{""evento_id"": ""323"", ""tipo"": ""ORDEN_CONFIRMADA""}"
324,345,VALIDACION_FISCAL,2025-12-24 23:56:06,"{""evento_id"": ""324"", ""tipo"": ""VALIDACION_FISCAL""}"
325,948,ORDEN_CONFIRMADA,2025-07-22 11:35:04,"{""evento_id"": ""325"", ""tipo"": ""ORDEN_CONFIRMADA""}"
326,941,VALIDACION_FISCAL,2025-05-07 11:32:30,"{""evento_id"": ""326"", ""tipo"": ""VALIDACION_FISCAL""}"
327,259,VALIDACION_FISCAL,2025-03-14 11:49:47,"{""evento_id"": ""327"", ""tipo"": ""VALIDACION_FISCAL""}"
328,256,VALIDACION_FISCAL,2025-06-05 13:09:15,"{""evento_id"": ""328"", ""tipo"": ""VALIDACION_FISCAL""}"
329,953,ORDEN_CREADA,2025-12-21 12:20:57,"{""evento_id"": ""329"", ""tipo"": ""ORDEN_CREADA""}"
330,983,VALIDACION_FISCAL,2025-11-20 13:33:49,"{""evento_id"": ""330"", ""tipo"": ""VALIDACION_FISCAL""}"
331,754,SLOT_RESERVADO,2025-08-18 13:37:19,"{""evento_id"": ""331"", ""tipo"": ""SLOT_RESERVADO""}"
332,828,ORDEN_ENTREGADA,2025-03-21 02:36:43,"{""evento_id"": ""332"", ""tipo"": ""ORDEN_ENTREGADA""}"
333,845,ORDEN_CONFIRMADA,2025-01-02 15:27:30,"{""evento_id"": ""333"", ""tipo"": ""ORDEN_CONFIRMADA""}"
334,683,SLOT_RESERVADO,2025-12-20 22:38:42,"{""evento_id"": ""334"", ""tipo"": ""SLOT_RESERVADO""}"
335,2,SLOT_RESERVADO,2025-01-19 19:06:47,"{""evento_id"": ""335"", ""tipo"": ""SLOT_RESERVADO""}"
336,974,ORDEN_ENTREGADA,2025-05-08 15:38:43,"{""evento_id"": ""336"", ""tipo"": ""ORDEN_ENTREGADA""}"
337,793,ORDEN_CREADA,2025-12-06 16:21:54,"{""evento_id"": ""337"", ""tipo"": ""ORDEN_CREADA""}"
338,314,ORDEN_CREADA,2025-02-14 15:05:03,"{""evento_id"": ""338"", ""tipo"": ""ORDEN_CREADA""}"
339,495,SLOT_RESERVADO,2025-05-05 05:06:20,"{""evento_id"": ""339"", ""tipo"": ""SLOT_RESERVADO""}"
340,246,VALIDACION_FISCAL,2025-01-19 01:26:27,"{""evento_id"": ""340"", ""tipo"": ""VALIDACION_FISCAL""}"
341,588,ORDEN_CONFIRMADA,2025-01-26 13:27:55,"{""evento_id"": ""341"", ""tipo"": ""ORDEN_CONFIRMADA""}"
342,866,ORDEN_CANCELADA,2025-03-15 01:19:11,"{""evento_id"": ""342"", ""tipo"": ""ORDEN_CANCELADA""}"
343,145,ORDEN_CANCELADA,2025-12-08 17:44:44,"{""evento_id"": ""343"", ""tipo"": ""ORDEN_CANCELADA""}"
344,378,ORDEN_ENTREGADA,2025-09-06 13:30:00,"{""evento_id"": ""344"", ""tipo"": ""ORDEN_ENTREGADA""}"
345,621,ORDEN_CONFIRMADA,2025-07-04 19:01:27,"{""evento_id"": ""345"", ""tipo"": ""ORDEN_CONFIRMADA""}"
346,193,ORDEN_CONFIRMADA,2025-09-09 07:35:41,"{""evento_id"": ""346"", ""tipo"": ""ORDEN_CONFIRMADA""}"
347,764,ORDEN_ENTREGADA,2025-03-15 17:51:57,"{""evento_id"": ""347"", ""tipo"": ""ORDEN_ENTREGADA""}"
348,889,ORDEN_ENTREGADA,2025-01-18 12:05:56,"{""evento_id"": ""348"", ""tipo"": ""ORDEN_ENTREGADA""}"
349,120,ORDEN_CREADA,2025-02-13 21:15:36,"{""evento_id"": ""349"", ""tipo"": ""ORDEN_CREADA""}"
350,54,ORDEN_ENTREGADA,2025-07-19 18:13:11,"{""evento_id"": ""350"", ""tipo"": ""ORDEN_ENTREGADA""}"
351,327,ORDEN_CONFIRMADA,2025-09-06 05:57:20,"{""evento_id"": ""351"", ""tipo"": ""ORDEN_CONFIRMADA""}"
352,998,ORDEN_ENTREGADA,2025-10-28 01:17:16,"{""evento_id"": ""352"", ""tipo"": ""ORDEN_ENTREGADA""}"
353,907,ORDEN_CONFIRMADA,2025-01-14 04:29:18,"{""evento_id"": ""353"", ""tipo"": ""ORDEN_CONFIRMADA""}"
354,971,ORDEN_CANCELADA,2025-11-26 09:11:01,"{""evento_id"": ""354"", ""tipo"": ""ORDEN_CANCELADA""}"
355,461,ORDEN_CREADA,2025-06-03 16:45:55,"{""evento_id"": ""355"", ""tipo"": ""ORDEN_CREADA""}"
356,169,ORDEN_CONFIRMADA,2025-07-29 20:29:04,"{""evento_id"": ""356"", ""tipo"": ""ORDEN_CONFIRMADA""}"
357,525,ORDEN_CREADA,2025-07-09 10:40:02,"{""evento_id"": ""357"", ""tipo"": ""ORDEN_CREADA""}"
358,196,ORDEN_ENTREGADA,2025-05-26 19:28:40,"{""evento_id"": ""358"", ""tipo"": ""ORDEN_ENTREGADA""}"
359,367,ORDEN_CANCELADA,2025-09-03 05:22:31,"{""evento_id"": ""359"", ""tipo"": ""ORDEN_CANCELADA""}"
360,114,ORDEN_CREADA,2025-10-27 01:30:17,"{""evento_id"": ""360"", ""tipo"": ""ORDEN_CREADA""}"
361,618,ORDEN_CREADA,2025-03-07 14:27:54,"{""evento_id"": ""361"", ""tipo"": ""ORDEN_CREADA""}"
362,82,ORDEN_ENTREGADA,2025-06-13 10:29:53,"{""evento_id"": ""362"", ""tipo"": ""ORDEN_ENTREGADA""}"
363,339,ORDEN_CONFIRMADA,2025-06-03 01:48:52,"{""evento_id"": ""363"", ""tipo"": ""ORDEN_CONFIRMADA""}"
364,41,ORDEN_ENTREGADA,2025-03-12 01:33:04,"{""evento_id"": ""364"", ""tipo"": ""ORDEN_ENTREGADA""}"
365,919,ORDEN_CREADA,2025-02-17 13:06:26,"{""evento_id"": ""365"", ""tipo"": ""ORDEN_CREADA""}"
366,262,ORDEN_CREADA,2025-03-21 22:54:52,"{""evento_id"": ""366"", ""tipo"": ""ORDEN_CREADA""}"
367,72,VALIDACION_FISCAL,2025-09-17 13:14:44,"{""evento_id"": ""367"", ""tipo"": ""VALIDACION_FISCAL""}"
368,485,SLOT_RESERVADO,2025-07-23 01:37:58,"{""evento_id"": ""368"", ""tipo"": ""SLOT_RESERVADO""}"
369,556,ORDEN_CREADA,2025-04-09 05:44:07,"{""evento_id"": ""369"", ""tipo"": ""ORDEN_CREADA""}"
370,634,ORDEN_CREADA,2025-03-07 20:55:49,"{""evento_id"": ""370"", ""tipo"": ""ORDEN_CREADA""}"
371,904,ORDEN_CANCELADA,2025-11-19 02:10:14,"{""evento_id"": ""371"", ""tipo"": ""ORDEN_CANCELADA""}"
372,95,ORDEN_CREADA,2025-08-02 09:42:34,"{""evento_id"": ""372"", ""tipo"": ""ORDEN_CREADA""}"
373,296,ORDEN_ENTREGADA,2025-04-03 15:07:18,"{""evento_id"": ""373"", ""tipo"": ""ORDEN_ENTREGADA""}"
374,867,ORDEN_CONFIRMADA,2025-10-25 06:12:54,"{""evento_id"": ""374"", ""tipo"": ""ORDEN_CONFIRMADA""}"
375,447,VALIDACION_FISCAL,2025-02-25 08:21:29,"{""evento_id"": ""375"", ""tipo"": ""VALIDACION_FISCAL""}"
376,782,ORDEN_CONFIRMADA,2025-08-09 02:08:04,"{""evento_id"": ""376"", ""tipo"": ""ORDEN_CONFIRMADA""}"
377,36,VALIDACION_FISCAL,2025-05-25 00:58:15,"{""evento_id"": ""377"", ""tipo"": ""VALIDACION_FISCAL""}"
378,370,ORDEN_ENTREGADA,2025-07-04 06:04:58,"{""evento_id"": ""378"", ""tipo"": ""ORDEN_ENTREGADA""}"
379,823,VALIDACION_FISCAL,2025-02-20 15:18:19,"{""evento_id"": ""379"", ""tipo"": ""VALIDACION_FISCAL""}"
380,718,ORDEN_CANCELADA,2025-01-15 10:45:27,"{""evento_id"": ""380"", ""tipo"": ""ORDEN_CANCELADA""}"
381,70,ORDEN_CANCELADA,2025-05-28 13:44:31,"{""evento_id"": ""381"", ""tipo"": ""ORDEN_CANCELADA""}"
382,896,ORDEN_CONFIRMADA,2025-05-18 09:05:01,"{""evento_id"": ""382"", ""tipo"": ""ORDEN_CONFIRMADA""}"
383,401,ORDEN_CANCELADA,2025-09-19 08:29:14,"{""evento_id"": ""383"", ""tipo"": ""ORDEN_CANCELADA""}"
384,792,ORDEN_CONFIRMADA,2025-03-19 15:26:58,"{""evento_id"": ""384"", ""tipo"": ""ORDEN_CONFIRMADA""}"
385,880,SLOT_RESERVADO,2025-03-27 17:36:05,"{""evento_id"": ""385"", ""tipo"": ""SLOT_RESERVADO""}"
386,889,ORDEN_CONFIRMADA,2025-11-23 14:49:51,"{""evento_id"": ""386"", ""tipo"": ""ORDEN_CONFIRMADA""}"
387,403,VALIDACION_FISCAL,2025-02-25 16:15:42,"{""evento_id"": ""387"", ""tipo"": ""VALIDACION_FISCAL""}"
388,418,VALIDACION_FISCAL,2025-10-19 03:57:59,"{""evento_id"": ""388"", ""tipo"": ""VALIDACION_FISCAL""}"
389,762,SLOT_RESERVADO,2025-02-11 07:40:47,"{""evento_id"": ""389"", ""tipo"": ""SLOT_RESERVADO""}"
390,228,SLOT_RESERVADO,2025-09-01 13:43:18,"{""evento_id"": ""390"", ""tipo"": ""SLOT_RESERVADO""}"
391,391,ORDEN_ENTREGADA,2025-02-11 23:08:30,"{""evento_id"": ""391"", ""tipo"": ""ORDEN_ENTREGADA""}"
392,967,ORDEN_CONFIRMADA,2025-10-05 01:23:30,"{""evento_id"": ""392"", ""tipo"": ""ORDEN_CONFIRMADA""}"
393,755,SLOT_RESERVADO,2025-03-20 01:08:46,"{""evento_id"": ""393"", ""tipo"": ""SLOT_RESERVADO""}"
394,354,ORDEN_CREADA,2025-10-26 01:58:38,"{""evento_id"": ""394"", ""tipo"": ""ORDEN_CREADA""}"
395,133,ORDEN_ENTREGADA,2025-10-02 00:02:04,"{""evento_id"": ""395"", ""tipo"": ""ORDEN_ENTREGADA""}"
396,77,ORDEN_ENTREGADA,2025-05-09 21:48:53,"{""evento_id"": ""396"", ""tipo"": ""ORDEN_ENTREGADA""}"
397,154,ORDEN_ENTREGADA,2025-06-25 04:08:39,"{""evento_id"": ""397"", ""tipo"": ""ORDEN_ENTREGADA""}"
398,340,ORDEN_CONFIRMADA,2025-01-18 16:32:57,"{""evento_id"": ""398"", ""tipo"": ""ORDEN_CONFIRMADA""}"
399,330,ORDEN_CONFIRMADA,2025-04-01 12:13:25,"{""evento_id"": ""399"", ""tipo"": ""ORDEN_CONFIRMADA""}"
400,200,ORDEN_CANCELADA,2025-12-03 19:48:32,"{""evento_id"": ""400"", ""tipo"": ""ORDEN_CANCELADA""}"
401,497,SLOT_RESERVADO,2025-05-26 23:53:37,"{""evento_id"": ""401"", ""tipo"": ""SLOT_RESERVADO""}"
402,731,ORDEN_CANCELADA,2025-05-25 14:36:41,"{""evento_id"": ""402"", ""tipo"": ""ORDEN_CANCELADA""}"
403,539,ORDEN_CREADA,2025-06-30 08:51:01,"{""evento_id"": ""403"", ""tipo"": ""ORDEN_CREADA""}"
404,34,ORDEN_CREADA,2025-02-17 15:46:38,"{""evento_id"": ""404"", ""tipo"": ""ORDEN_CREADA""}"
405,988,VALIDACION_FISCAL,2025-07-02 10:49:01,"{""evento_id"": ""405"", ""tipo"": ""VALIDACION_FISCAL""}"
406,575,VALIDACION_FISCAL,2025-06-26 21:21:22,"{""evento_id"": ""406"", ""tipo"": ""VALIDACION_FISCAL""}"
407,857,VALIDACION_FISCAL,2025-11-25 08:27:25,"{""evento_id"": ""407"", ""tipo"": ""VALIDACION_FISCAL""}"
408,854,SLOT_RESERVADO,2025-05-09 16:57:59,"{""evento_id"": ""408"", ""tipo"": ""SLOT_RESERVADO""}"
409,881,VALIDACION_FISCAL,2025-02-26 08:01:11,"{""evento_id"": ""409"", ""tipo"": ""VALIDACION_FISCAL""}"
410,770,ORDEN_CANCELADA,2025-06-30 00:27:29,"{""evento_id"": ""410"", ""tipo"": ""ORDEN_CANCELADA""}"
411,679,VALIDACION_FISCAL,2025-09-21 13:11:51,"{""evento_id"": ""411"", ""tipo"": ""VALIDACION_FISCAL""}"
412,603,ORDEN_CREADA,2025-03-19 17:40:04,"{""evento_id"": ""412"", ""tipo"": ""ORDEN_CREADA""}"
413,826,SLOT_RESERVADO,2025-06-29 01:03:42,"{""evento_id"": ""413"", ""tipo"": ""SLOT_RESERVADO""}"
414,269,ORDEN_ENTREGADA,2025-01-19 04:13:07,"{""evento_id"": ""414"", ""tipo"": ""ORDEN_ENTREGADA""}"
415,645,VALIDACION_FISCAL,2025-02-02 07:00:43,"{""evento_id"": ""415"", ""tipo"": ""VALIDACION_FISCAL""}"
416,211,VALIDACION_FISCAL,2025-10-18 23:58:56,"{""evento_id"": ""416"", ""tipo"": ""VALIDACION_FISCAL""}"
417,548,ORDEN_ENTREGADA,2025-05-29 12:22:48,"{""evento_id"": ""417"", ""tipo"": ""ORDEN_ENTREGADA""}"
418,51,ORDEN_CONFIRMADA,2025-09-09 21:07:38,"{""evento_id"": ""418"", ""tipo"": ""ORDEN_CONFIRMADA""}"
419,699,ORDEN_ENTREGADA,2025-10-05 08:14:55,"{""evento_id"": ""419"", ""tipo"": ""ORDEN_ENTREGADA""}"
420,371,SLOT_RESERVADO,2025-05-19 10:54:49,"{""evento_id"": ""420"", ""tipo"": ""SLOT_RESERVADO""}"
421,214,VALIDACION_FISCAL,2025-06-02 01:41:41,"{""evento_id"": ""421"", ""tipo"": ""VALIDACION_FISCAL""}"
422,986,ORDEN_CONFIRMADA,2025-06-09 15:52:50,"{""evento_id"": ""422"", ""tipo"": ""ORDEN_CONFIRMADA""}"
423,633,VALIDACION_FISCAL,2025-06-09 23:28:36,"{""evento_id"": ""423"", ""tipo"": ""VALIDACION_FISCAL""}"
424,734,ORDEN_CREADA,2025-08-09 18:59:59,"{""evento_id"": ""424"", ""tipo"": ""ORDEN_CREADA""}"
425,4,ORDEN_CREADA,2025-10-02 12:47:05,"{""evento_id"": ""425"", ""tipo"": ""ORDEN_CREADA""}"
426,411,VALIDACION_FISCAL,2025-06-25 10:25:18,"{""evento_id"": ""426"", ""tipo"": ""VALIDACION_FISCAL""}"
427,354,ORDEN_CREADA,2025-12-30 01:24:21,"{""evento_id"": ""427"", ""tipo"": ""ORDEN_CREADA""}"
428,116,ORDEN_CANCELADA,2025-01-22 09:52:00,"{""evento_id"": ""428"", ""tipo"": ""ORDEN_CANCELADA""}"
429,429,ORDEN_ENTREGADA,2025-02-05 17:53:51,"{""evento_id"": ""429"", ""tipo"": ""ORDEN_ENTREGADA""}"
430,312,ORDEN_CANCELADA,2025-04-12 09:51:12,"{""evento_id"": ""430"", ""tipo"": ""ORDEN_CANCELADA""}"
431,973,SLOT_RESERVADO,2025-11-15 15:15:19,"{""evento_id"": ""431"", ""tipo"": ""SLOT_RESERVADO""}"
432,583,VALIDACION_FISCAL,2025-05-01 09:17:28,"{""evento_id"": ""432"", ""tipo"": ""VALIDACION_FISCAL""}"
433,714,ORDEN_CANCELADA,2025-04-05 07:49:27,"{""evento_id"": ""433"", ""tipo"": ""ORDEN_CANCELADA""}"
434,724,ORDEN_CREADA,2025-10-10 02:05:48,"{""evento_id"": ""434"", ""tipo"": ""ORDEN_CREADA""}"
435,123,ORDEN_CANCELADA,2025-06-27 20:40:51,"{""evento_id"": ""435"", ""tipo"": ""ORDEN_CANCELADA""}"
436,15,SLOT_RESERVADO,2025-03-18 21:07:10,"{""evento_id"": ""436"", ""tipo"": ""SLOT_RESERVADO""}"
437,389,ORDEN_CANCELADA,2025-05-03 10:06:29,"{""evento_id"": ""437"", ""tipo"": ""ORDEN_CANCELADA""}"
438,615,ORDEN_CANCELADA,2025-10-05 11:54:41,"{""evento_id"": ""438"", ""tipo"": ""ORDEN_CANCELADA""}"
439,379,ORDEN_ENTREGADA,2025-07-25 09:32:47,"{""evento_id"": ""439"", ""tipo"": ""ORDEN_ENTREGADA""}"
440,293,ORDEN_CONFIRMADA,2025-01-24 06:31:15,"{""evento_id"": ""440"", ""tipo"": ""ORDEN_CONFIRMADA""}"
441,363,SLOT_RESERVADO,2025-07-11 14:40:12,"{""evento_id"": ""441"", ""tipo"": ""SLOT_RESERVADO""}"
442,886,ORDEN_CREADA,2025-07-27 12:43:56,"{""evento_id"": ""442"", ""tipo"": ""ORDEN_CREADA""}"
443,938,ORDEN_CANCELADA,2025-12-21 19:06:20,"{""evento_id"": ""443"", ""tipo"": ""ORDEN_CANCELADA""}"
444,635,ORDEN_ENTREGADA,2025-01-17 12:53:01,"{""evento_id"": ""444"", ""tipo"": ""ORDEN_ENTREGADA""}"
445,409,ORDEN_CONFIRMADA,2025-12-16 00:18:28,"{""evento_id"": ""445"", ""tipo"": ""ORDEN_CONFIRMADA""}"
446,42,SLOT_RESERVADO,2025-12-10 22:37:40,"{""evento_id"": ""446"", ""tipo"": ""SLOT_RESERVADO""}"
447,53,SLOT_RESERVADO,2025-12-09 17:24:31,"{""evento_id"": ""447"", ""tipo"": ""SLOT_RESERVADO""}"
448,259,ORDEN_CONFIRMADA,2025-01-05 23:43:28,"{""evento_id"": ""448"", ""tipo"": ""ORDEN_CONFIRMADA""}"
449,987,ORDEN_CONFIRMADA,2025-05-13 16:51:47,"{""evento_id"": ""449"", ""tipo"": ""ORDEN_CONFIRMADA""}"
450,332,SLOT_RESERVADO,2025-12-01 02:22:17,"{""evento_id"": ""450"", ""tipo"": ""SLOT_RESERVADO""}"
451,940,ORDEN_ENTREGADA,2025-07-04 16:57:50,"{""evento_id"": ""451"", ""tipo"": ""ORDEN_ENTREGADA""}"
452,225,SLOT_RESERVADO,2025-02-18 23:19:09,"{""evento_id"": ""452"", ""tipo"": ""SLOT_RESERVADO""}"
453,35,SLOT_RESERVADO,2025-08-15 17:38:03,"{""evento_id"": ""453"", ""tipo"": ""SLOT_RESERVADO""}"
454,588,VALIDACION_FISCAL,2025-12-08 08:24:49,"{""evento_id"": ""454"", ""tipo"": ""VALIDACION_FISCAL""}"
455,247,ORDEN_CANCELADA,2025-08-31 22:48:28,"{""evento_id"": ""455"", ""tipo"": ""ORDEN_CANCELADA""}"
456,387,SLOT_RESERVADO,2025-01-11 15:17:28,"{""evento_id"": ""456"", ""tipo"": ""SLOT_RESERVADO""}"
457,969,VALIDACION_FISCAL,2025-05-28 11:07:08,"{""evento_id"": ""457"", ""tipo"": ""VALIDACION_FISCAL""}"
458,405,SLOT_RESERVADO,2025-08-24 18:59:11,"{""evento_id"": ""458"", ""tipo"": ""SLOT_RESERVADO""}"
459,841,SLOT_RESERVADO,2025-08-25 04:02:31,"{""evento_id"": ""459"", ""tipo"": ""SLOT_RESERVADO""}"
460,238,ORDEN_CREADA,2025-02-12 22:54:45,"{""evento_id"": ""460"", ""tipo"": ""ORDEN_CREADA""}"
461,357,ORDEN_ENTREGADA,2025-02-07 10:51:14,"{""evento_id"": ""461"", ""tipo"": ""ORDEN_ENTREGADA""}"
462,483,ORDEN_ENTREGADA,2025-12-16 12:24:20,"{""evento_id"": ""462"", ""tipo"": ""ORDEN_ENTREGADA""}"
463,44,ORDEN_ENTREGADA,2025-04-27 02:52:44,"{""evento_id"": ""463"", ""tipo"": ""ORDEN_ENTREGADA""}"
464,158,ORDEN_CREADA,2025-11-03 07:52:40,"{""evento_id"": ""464"", ""tipo"": ""ORDEN_CREADA""}"
465,70,ORDEN_CONFIRMADA,2025-09-17 04:06:19,"{""evento_id"": ""465"", ""tipo"": ""ORDEN_CONFIRMADA""}"
466,219,VALIDACION_FISCAL,2025-01-22 15:10:24,"{""evento_id"": ""466"", ""tipo"": ""VALIDACION_FISCAL""}"
467,30,ORDEN_ENTREGADA,2025-08-24 21:24:55,"{""evento_id"": ""467"", ""tipo"": ""ORDEN_ENTREGADA""}"
468,78,ORDEN_CREADA,2025-08-06 05:47:17,"{""evento_id"": ""468"", ""tipo"": ""ORDEN_CREADA""}"
469,375,ORDEN_ENTREGADA,2025-06-01 07:45:56,"{""evento_id"": ""469"", ""tipo"": ""ORDEN_ENTREGADA""}"
470,235,VALIDACION_FISCAL,2025-07-08 12:22:36,"{""evento_id"": ""470"", ""tipo"": ""VALIDACION_FISCAL""}"
471,315,ORDEN_CANCELADA,2025-02-15 17:04:56,"{""evento_id"": ""471"", ""tipo"": ""ORDEN_CANCELADA""}"
472,154,ORDEN_CANCELADA,2025-02-25 17:21:14,"{""evento_id"": ""472"", ""tipo"": ""ORDEN_CANCELADA""}"
473,392,VALIDACION_FISCAL,2025-01-09 20:05:42,"{""evento_id"": ""473"", ""tipo"": ""VALIDACION_FISCAL""}"
474,85,ORDEN_CONFIRMADA,2025-01-05 00:55:29,"{""evento_id"": ""474"", ""tipo"": ""ORDEN_CONFIRMADA""}"
475,440,ORDEN_CREADA,2025-07-21 06:37:44,"{""evento_id"": ""475"", ""tipo"": ""ORDEN_CREADA""}"
476,48,ORDEN_CREADA,2025-07-12 09:26:12,"{""evento_id"": ""476"", ""tipo"": ""ORDEN_CREADA""}"
477,160,ORDEN_CANCELADA,2025-12-05 04:52:25,"{""evento_id"": ""477"", ""tipo"": ""ORDEN_CANCELADA""}"
478,232,ORDEN_CONFIRMADA,2025-01-05 08:46:19,"{""evento_id"": ""478"", ""tipo"": ""ORDEN_CONFIRMADA""}"
479,621,ORDEN_CANCELADA,2025-10-19 22:19:17,"{""evento_id"": ""479"", ""tipo"": ""ORDEN_CANCELADA""}"
480,154,SLOT_RESERVADO,2025-04-16 23:06:32,"{""evento_id"": ""480"", ""tipo"": ""SLOT_RESERVADO""}"
481,637,ORDEN_ENTREGADA,2025-01-03 04:27:18,"{""evento_id"": ""481"", ""tipo"": ""ORDEN_ENTREGADA""}"
482,599,ORDEN_CANCELADA,2025-12-28 17:09:45,"{""evento_id"": ""482"", ""tipo"": ""ORDEN_CANCELADA""}"
483,232,ORDEN_CONFIRMADA,2025-04-22 07:23:30,"{""evento_id"": ""483"", ""tipo"": ""ORDEN_CONFIRMADA""}"
484,742,ORDEN_CONFIRMADA,2025-08-16 08:20:37,"{""evento_id"": ""484"", ""tipo"": ""ORDEN_CONFIRMADA""}"
485,949,ORDEN_CREADA,2025-06-28 00:14:38,"{""evento_id"": ""485"", ""tipo"": ""ORDEN_CREADA""}"
486,464,ORDEN_CANCELADA,2025-11-09 15:35:36,"{""evento_id"": ""486"", ""tipo"": ""ORDEN_CANCELADA""}"
487,177,ORDEN_CANCELADA,2025-12-05 16:00:41,"{""evento_id"": ""487"", ""tipo"": ""ORDEN_CANCELADA""}"
488,116,ORDEN_CONFIRMADA,2025-10-07 19:10:21,"{""evento_id"": ""488"", ""tipo"": ""ORDEN_CONFIRMADA""}"
489,161,ORDEN_CREADA,2025-06-14 14:54:02,"{""evento_id"": ""489"", ""tipo"": ""ORDEN_CREADA""}"
490,826,ORDEN_ENTREGADA,2025-11-06 18:16:32,"{""evento_id"": ""490"", ""tipo"": ""ORDEN_ENTREGADA""}"
491,276,ORDEN_ENTREGADA,2025-09-12 22:37:31,"{""evento_id"": ""491"", ""tipo"": ""ORDEN_ENTREGADA""}"
492,215,SLOT_RESERVADO,2025-01-27 14:56:39,"{""evento_id"": ""492"", ""tipo"": ""SLOT_RESERVADO""}"
493,73,VALIDACION_FISCAL,2025-03-26 05:31:32,"{""evento_id"": ""493"", ""tipo"": ""VALIDACION_FISCAL""}"
494,990,ORDEN_CREADA,2025-02-23 11:21:43,"{""evento_id"": ""494"", ""tipo"": ""ORDEN_CREADA""}"
495,656,ORDEN_CREADA,2025-10-20 04:20:49,"{""evento_id"": ""495"", ""tipo"": ""ORDEN_CREADA""}"
496,502,VALIDACION_FISCAL,2025-12-03 22:06:13,"{""evento_id"": ""496"", ""tipo"": ""VALIDACION_FISCAL""}"
497,467,ORDEN_CREADA,2025-03-10 08:13:51,"{""evento_id"": ""497"", ""tipo"": ""ORDEN_CREADA""}"
498,623,VALIDACION_FISCAL,2025-11-22 20:35:00,"{""evento_id"": ""498"", ""tipo"": ""VALIDACION_FISCAL""}"
499,661,ORDEN_CONFIRMADA,2025-11-30 07:10:01,"{""evento_id"": ""499"", ""tipo"": ""ORDEN_CONFIRMADA""}"
500,504,ORDEN_CONFIRMADA,2025-05-02 08:08:14,"{""evento_id"": ""500"", ""tipo"": ""ORDEN_CONFIRMADA""}"
501,336,ORDEN_ENTREGADA,2025-01-15 05:09:02,"{""evento_id"": ""501"", ""tipo"": ""ORDEN_ENTREGADA""}"
502,210,ORDEN_CONFIRMADA,2025-03-17 20:52:08,"{""evento_id"": ""502"", ""tipo"": ""ORDEN_CONFIRMADA""}"
503,699,SLOT_RESERVADO,2025-09-03 12:10:48,"{""evento_id"": ""503"", ""tipo"": ""SLOT_RESERVADO""}"
504,518,ORDEN_ENTREGADA,2025-04-15 09:40:19,"{""evento_id"": ""504"", ""tipo"": ""ORDEN_ENTREGADA""}"
505,965,ORDEN_CANCELADA,2025-08-06 14:24:17,"{""evento_id"": ""505"", ""tipo"": ""ORDEN_CANCELADA""}"
506,525,VALIDACION_FISCAL,2025-11-14 03:31:11,"{""evento_id"": ""506"", ""tipo"": ""VALIDACION_FISCAL""}"
507,309,ORDEN_CONFIRMADA,2025-05-23 02:57:23,"{""evento_id"": ""507"", ""tipo"": ""ORDEN_CONFIRMADA""}"
508,722,ORDEN_CREADA,2025-10-05 21:02:59,"{""evento_id"": ""508"", ""tipo"": ""ORDEN_CREADA""}"
509,205,ORDEN_CANCELADA,2025-10-21 22:13:00,"{""evento_id"": ""509"", ""tipo"": ""ORDEN_CANCELADA""}"
510,483,VALIDACION_FISCAL,2025-07-10 11:41:34,"{""evento_id"": ""510"", ""tipo"": ""VALIDACION_FISCAL""}"
511,376,VALIDACION_FISCAL,2025-10-02 21:37:32,"{""evento_id"": ""511"", ""tipo"": ""VALIDACION_FISCAL""}"
512,184,VALIDACION_FISCAL,2025-10-10 14:02:02,"{""evento_id"": ""512"", ""tipo"": ""VALIDACION_FISCAL""}"
513,151,SLOT_RESERVADO,2025-12-08 12:06:33,"{""evento_id"": ""513"", ""tipo"": ""SLOT_RESERVADO""}"
514,97,ORDEN_CONFIRMADA,2025-05-26 10:02:39,"{""evento_id"": ""514"", ""tipo"": ""ORDEN_CONFIRMADA""}"
515,470,ORDEN_CANCELADA,2025-12-19 22:51:21,"{""evento_id"": ""515"", ""tipo"": ""ORDEN_CANCELADA""}"
516,684,ORDEN_CREADA,2025-08-06 15:11:25,"{""evento_id"": ""516"", ""tipo"": ""ORDEN_CREADA""}"
517,556,SLOT_RESERVADO,2025-07-03 03:04:25,"{""evento_id"": ""517"", ""tipo"": ""SLOT_RESERVADO""}"
518,528,ORDEN_ENTREGADA,2025-02-02 08:04:59,"{""evento_id"": ""518"", ""tipo"": ""ORDEN_ENTREGADA""}"
519,699,ORDEN_ENTREGADA,2025-01-11 21:51:48,"{""evento_id"": ""519"", ""tipo"": ""ORDEN_ENTREGADA""}"
520,931,ORDEN_CREADA,2025-04-15 09:07:45,"{""evento_id"": ""520"", ""tipo"": ""ORDEN_CREADA""}"
521,999,ORDEN_CONFIRMADA,2025-11-18 22:23:09,"{""evento_id"": ""521"", ""tipo"": ""ORDEN_CONFIRMADA""}"
522,94,ORDEN_CANCELADA,2025-01-08 23:11:00,"{""evento_id"": ""522"", ""tipo"": ""ORDEN_CANCELADA""}"
523,380,ORDEN_CONFIRMADA,2025-03-10 01:39:45,"{""evento_id"": ""523"", ""tipo"": ""ORDEN_CONFIRMADA""}"
524,508,ORDEN_CREADA,2025-09-23 04:24:30,"{""evento_id"": ""524"", ""tipo"": ""ORDEN_CREADA""}"
525,711,ORDEN_ENTREGADA,2025-01-16 08:56:07,"{""evento_id"": ""525"", ""tipo"": ""ORDEN_ENTREGADA""}"
526,298,ORDEN_CREADA,2025-06-18 19:52:22,"{""evento_id"": ""526"", ""tipo"": ""ORDEN_CREADA""}"
527,997,SLOT_RESERVADO,2025-09-10 23:30:29,"{""evento_id"": ""527"", ""tipo"": ""SLOT_RESERVADO""}"
528,401,VALIDACION_FISCAL,2025-10-20 10:48:07,"{""evento_id"": ""528"", ""tipo"": ""VALIDACION_FISCAL""}"
529,255,ORDEN_CANCELADA,2025-07-28 21:59:35,"{""evento_id"": ""529"", ""tipo"": ""ORDEN_CANCELADA""}"
530,3,ORDEN_CONFIRMADA,2025-06-29 11:42:21,"{""evento_id"": ""530"", ""tipo"": ""ORDEN_CONFIRMADA""}"
531,247,ORDEN_CANCELADA,2025-12-26 05:59:17,"{""evento_id"": ""531"", ""tipo"": ""ORDEN_CANCELADA""}"
532,549,SLOT_RESERVADO,2025-10-27 02:46:43,"{""evento_id"": ""532"", ""tipo"": ""SLOT_RESERVADO""}"
533,725,ORDEN_CREADA,2025-07-07 12:06:15,"{""evento_id"": ""533"", ""tipo"": ""ORDEN_CREADA""}"
534,349,ORDEN_CANCELADA,2025-07-27 00:53:16,"{""evento_id"": ""534"", ""tipo"": ""ORDEN_CANCELADA""}"
535,891,ORDEN_CANCELADA,2025-04-18 04:43:27,"{""evento_id"": ""535"", ""tipo"": ""ORDEN_CANCELADA""}"
536,448,VALIDACION_FISCAL,2025-09-18 20:30:29,"{""evento_id"": ""536"", ""tipo"": ""VALIDACION_FISCAL""}"
537,962,SLOT_RESERVADO,2025-11-24 14:32:32,"{""evento_id"": ""537"", ""tipo"": ""SLOT_RESERVADO""}"
538,602,ORDEN_CREADA,2025-02-01 18:45:42,"{""evento_id"": ""538"", ""tipo"": ""ORDEN_CREADA""}"
539,785,ORDEN_CANCELADA,2025-03-06 20:06:10,"{""evento_id"": ""539"", ""tipo"": ""ORDEN_CANCELADA""}"
540,331,ORDEN_CREADA,2025-01-24 11:18:00,"{""evento_id"": ""540"", ""tipo"": ""ORDEN_CREADA""}"
541,138,ORDEN_CONFIRMADA,2025-03-03 15:05:04,"{""evento_id"": ""541"", ""tipo"": ""ORDEN_CONFIRMADA""}"
542,63,ORDEN_CANCELADA,2025-02-21 23:02:36,"{""evento_id"": ""542"", ""tipo"": ""ORDEN_CANCELADA""}"
543,205,ORDEN_CONFIRMADA,2025-03-10 15:42:23,"{""evento_id"": ""543"", ""tipo"": ""ORDEN_CONFIRMADA""}"
544,118,ORDEN_CANCELADA,2025-02-21 07:40:18,"{""evento_id"": ""544"", ""tipo"": ""ORDEN_CANCELADA""}"
545,468,VALIDACION_FISCAL,2025-07-13 05:34:06,"{""evento_id"": ""545"", ""tipo"": ""VALIDACION_FISCAL""}"
546,414,SLOT_RESERVADO,2025-04-24 19:22:21,"{""evento_id"": ""546"", ""tipo"": ""SLOT_RESERVADO""}"
547,650,ORDEN_CREADA,2025-05-21 11:15:49,"{""evento_id"": ""547"", ""tipo"": ""ORDEN_CREADA""}"
548,325,VALIDACION_FISCAL,2025-10-24 16:30:47,"{""evento_id"": ""548"", ""tipo"": ""VALIDACION_FISCAL""}"
549,646,ORDEN_ENTREGADA,2025-04-14 23:10:51,"{""evento_id"": ""549"", ""tipo"": ""ORDEN_ENTREGADA""}"
550,452,ORDEN_ENTREGADA,2025-09-02 05:30:51,"{""evento_id"": ""550"", ""tipo"": ""ORDEN_ENTREGADA""}"
551,170,ORDEN_CANCELADA,2025-11-26 21:17:01,"{""evento_id"": ""551"", ""tipo"": ""ORDEN_CANCELADA""}"
552,979,ORDEN_ENTREGADA,2025-01-29 02:38:45,"{""evento_id"": ""552"", ""tipo"": ""ORDEN_ENTREGADA""}"
553,349,ORDEN_CREADA,2025-12-26 23:14:31,"{""evento_id"": ""553"", ""tipo"": ""ORDEN_CREADA""}"
554,208,ORDEN_CREADA,2025-04-17 10:37:01,"{""evento_id"": ""554"", ""tipo"": ""ORDEN_CREADA""}"
555,591,ORDEN_CONFIRMADA,2025-09-01 05:01:45,"{""evento_id"": ""555"", ""tipo"": ""ORDEN_CONFIRMADA""}"
556,781,SLOT_RESERVADO,2025-10-25 19:21:24,"{""evento_id"": ""556"", ""tipo"": ""SLOT_RESERVADO""}"
557,771,ORDEN_CREADA,2025-06-05 14:37:25,"{""evento_id"": ""557"", ""tipo"": ""ORDEN_CREADA""}"
558,875,ORDEN_CONFIRMADA,2025-01-14 20:18:40,"{""evento_id"": ""558"", ""tipo"": ""ORDEN_CONFIRMADA""}"
559,990,ORDEN_ENTREGADA,2025-03-24 13:25:18,"{""evento_id"": ""559"", ""tipo"": ""ORDEN_ENTREGADA""}"
560,570,VALIDACION_FISCAL,2025-07-22 06:41:27,"{""evento_id"": ""560"", ""tipo"": ""VALIDACION_FISCAL""}"
561,243,ORDEN_CONFIRMADA,2025-01-20 06:16:27,"{""evento_id"": ""561"", ""tipo"": ""ORDEN_CONFIRMADA""}"
562,178,ORDEN_ENTREGADA,2025-02-16 13:34:53,"{""evento_id"": ""562"", ""tipo"": ""ORDEN_ENTREGADA""}"
563,195,ORDEN_CONFIRMADA,2025-03-29 20:58:39,"{""evento_id"": ""563"", ""tipo"": ""ORDEN_CONFIRMADA""}"
564,520,ORDEN_CONFIRMADA,2025-11-19 18:42:19,"{""evento_id"": ""564"", ""tipo"": ""ORDEN_CONFIRMADA""}"
565,570,SLOT_RESERVADO,2025-03-11 17:09:31,"{""evento_id"": ""565"", ""tipo"": ""SLOT_RESERVADO""}"
566,115,VALIDACION_FISCAL,2025-11-30 08:59:05,"{""evento_id"": ""566"", ""tipo"": ""VALIDACION_FISCAL""}"
567,876,VALIDACION_FISCAL,2025-07-26 10:54:16,"{""evento_id"": ""567"", ""tipo"": ""VALIDACION_FISCAL""}"
568,469,ORDEN_CONFIRMADA,2025-01-18 10:56:58,"{""evento_id"": ""568"", ""tipo"": ""ORDEN_CONFIRMADA""}"
569,901,ORDEN_CONFIRMADA,2025-06-09 19:53:30,"{""evento_id"": ""569"", ""tipo"": ""ORDEN_CONFIRMADA""}"
570,291,VALIDACION_FISCAL,2025-02-17 12:51:26,"{""evento_id"": ""570"", ""tipo"": ""VALIDACION_FISCAL""}"
571,226,ORDEN_ENTREGADA,2025-07-22 16:42:58,"{""evento_id"": ""571"", ""tipo"": ""ORDEN_ENTREGADA""}"
572,313,VALIDACION_FISCAL,2025-09-20 17:41:41,"{""evento_id"": ""572"", ""tipo"": ""VALIDACION_FISCAL""}"
573,179,ORDEN_ENTREGADA,2025-06-11 14:51:17,"{""evento_id"": ""573"", ""tipo"": ""ORDEN_ENTREGADA""}"
574,963,ORDEN_CREADA,2025-11-10 17:52:42,"{""evento_id"": ""574"", ""tipo"": ""ORDEN_CREADA""}"
575,982,VALIDACION_FISCAL,2025-03-28 18:52:47,"{""evento_id"": ""575"", ""tipo"": ""VALIDACION_FISCAL""}"
576,481,VALIDACION_FISCAL,2025-09-20 20:24:40,"{""evento_id"": ""576"", ""tipo"": ""VALIDACION_FISCAL""}"
577,981,VALIDACION_FISCAL,2025-10-15 04:56:03,"{""evento_id"": ""577"", ""tipo"": ""VALIDACION_FISCAL""}"
578,73,ORDEN_CONFIRMADA,2025-09-24 23:11:58,"{""evento_id"": ""578"", ""tipo"": ""ORDEN_CONFIRMADA""}"
579,238,ORDEN_ENTREGADA,2025-03-30 05:27:32,"{""evento_id"": ""579"", ""tipo"": ""ORDEN_ENTREGADA""}"
580,586,SLOT_RESERVADO,2025-07-04 13:24:50,"{""evento_id"": ""580"", ""tipo"": ""SLOT_RESERVADO""}"
581,981,ORDEN_CONFIRMADA,2025-01-05 07:55:47,"{""evento_id"": ""581"", ""tipo"": ""ORDEN_CONFIRMADA""}"
582,706,ORDEN_CREADA,2025-07-01 05:09:11,"{""evento_id"": ""582"", ""tipo"": ""ORDEN_CREADA""}"
583,753,ORDEN_CONFIRMADA,2025-04-19 21:39:08,"{""evento_id"": ""583"", ""tipo"": ""ORDEN_CONFIRMADA""}"
584,777,ORDEN_CREADA,2025-02-08 17:40:10,"{""evento_id"": ""584"", ""tipo"": ""ORDEN_CREADA""}"
585,230,SLOT_RESERVADO,2025-03-10 21:31:21,"{""evento_id"": ""585"", ""tipo"": ""SLOT_RESERVADO""}"
586,164,SLOT_RESERVADO,2025-09-18 23:44:11,"{""evento_id"": ""586"", ""tipo"": ""SLOT_RESERVADO""}"
587,161,ORDEN_CREADA,2025-06-20 14:14:58,"{""evento_id"": ""587"", ""tipo"": ""ORDEN_CREADA""}"
588,517,ORDEN_CREADA,2025-03-20 09:28:14,"{""evento_id"": ""588"", ""tipo"": ""ORDEN_CREADA""}"
589,128,ORDEN_CANCELADA,2025-03-06 04:16:37,"{""evento_id"": ""589"", ""tipo"": ""ORDEN_CANCELADA""}"
590,927,SLOT_RESERVADO,2025-04-01 20:35:17,"{""evento_id"": ""590"", ""tipo"": ""SLOT_RESERVADO""}"
591,608,SLOT_RESERVADO,2025-06-12 12:35:05,"{""evento_id"": ""591"", ""tipo"": ""SLOT_RESERVADO""}"
592,857,VALIDACION_FISCAL,2025-04-28 21:19:25,"{""evento_id"": ""592"", ""tipo"": ""VALIDACION_FISCAL""}"
593,642,ORDEN_CREADA,2025-03-23 04:51:22,"{""evento_id"": ""593"", ""tipo"": ""ORDEN_CREADA""}"
594,614,ORDEN_CANCELADA,2025-07-21 07:35:40,"{""evento_id"": ""594"", ""tipo"": ""ORDEN_CANCELADA""}"
595,742,VALIDACION_FISCAL,2025-10-03 01:58:00,"{""evento_id"": ""595"", ""tipo"": ""VALIDACION_FISCAL""}"
596,770,ORDEN_ENTREGADA,2025-10-08 23:13:08,"{""evento_id"": ""596"", ""tipo"": ""ORDEN_ENTREGADA""}"
597,167,VALIDACION_FISCAL,2025-12-20 11:41:57,"{""evento_id"": ""597"", ""tipo"": ""VALIDACION_FISCAL""}"
598,706,ORDEN_CONFIRMADA,2025-07-29 10:13:49,"{""evento_id"": ""598"", ""tipo"": ""ORDEN_CONFIRMADA""}"
599,461,SLOT_RESERVADO,2025-06-10 05:38:36,"{""evento_id"": ""599"", ""tipo"": ""SLOT_RESERVADO""}"
600,891,ORDEN_CREADA,2025-04-30 08:34:07,"{""evento_id"": ""600"", ""tipo"": ""ORDEN_CREADA""}"
601,155,SLOT_RESERVADO,2025-05-28 17:10:49,"{""evento_id"": ""601"", ""tipo"": ""SLOT_RESERVADO""}"
602,12,ORDEN_CANCELADA,2025-09-07 23:52:31,"{""evento_id"": ""602"", ""tipo"": ""ORDEN_CANCELADA""}"
603,972,ORDEN_CONFIRMADA,2025-03-09 06:39:32,"{""evento_id"": ""603"", ""tipo"": ""ORDEN_CONFIRMADA""}"
604,435,VALIDACION_FISCAL,2025-12-02 03:19:15,"{""evento_id"": ""604"", ""tipo"": ""VALIDACION_FISCAL""}"
605,640,ORDEN_CANCELADA,2025-07-01 10:36:28,"{""evento_id"": ""605"", ""tipo"": ""ORDEN_CANCELADA""}"
606,471,ORDEN_CANCELADA,2025-12-27 22:35:39,"{""evento_id"": ""606"", ""tipo"": ""ORDEN_CANCELADA""}"
607,819,VALIDACION_FISCAL,2025-09-15 15:38:47,"{""evento_id"": ""607"", ""tipo"": ""VALIDACION_FISCAL""}"
608,59,VALIDACION_FISCAL,2025-08-30 09:43:08,"{""evento_id"": ""608"", ""tipo"": ""VALIDACION_FISCAL""}"
609,231,ORDEN_CREADA,2025-06-16 09:44:50,"{""evento_id"": ""609"", ""tipo"": ""ORDEN_CREADA""}"
610,96,ORDEN_CANCELADA,2025-11-06 00:34:37,"{""evento_id"": ""610"", ""tipo"": ""ORDEN_CANCELADA""}"
611,608,VALIDACION_FISCAL,2025-01-11 07:32:14,"{""evento_id"": ""611"", ""tipo"": ""VALIDACION_FISCAL""}"
612,714,ORDEN_CREADA,2025-01-15 20:04:08,"{""evento_id"": ""612"", ""tipo"": ""ORDEN_CREADA""}"
613,844,SLOT_RESERVADO,2025-04-16 21:55:37,"{""evento_id"": ""613"", ""tipo"": ""SLOT_RESERVADO""}"
614,131,ORDEN_CREADA,2025-03-30 07:27:09,"{""evento_id"": ""614"", ""tipo"": ""ORDEN_CREADA""}"
615,506,ORDEN_CREADA,2025-05-08 13:18:28,"{""evento_id"": ""615"", ""tipo"": ""ORDEN_CREADA""}"
616,59,ORDEN_CANCELADA,2025-08-21 08:43:46,"{""evento_id"": ""616"", ""tipo"": ""ORDEN_CANCELADA""}"
617,499,SLOT_RESERVADO,2025-09-12 07:30:32,"{""evento_id"": ""617"", ""tipo"": ""SLOT_RESERVADO""}"
618,407,ORDEN_CREADA,2025-06-25 02:08:18,"{""evento_id"": ""618"", ""tipo"": ""ORDEN_CREADA""}"
619,961,ORDEN_ENTREGADA,2025-01-18 21:17:59,"{""evento_id"": ""619"", ""tipo"": ""ORDEN_ENTREGADA""}"
620,677,ORDEN_ENTREGADA,2025-10-28 21:07:10,"{""evento_id"": ""620"", ""tipo"": ""ORDEN_ENTREGADA""}"
621,141,VALIDACION_FISCAL,2025-03-07 22:24:06,"{""evento_id"": ""621"", ""tipo"": ""VALIDACION_FISCAL""}"
622,823,VALIDACION_FISCAL,2025-06-24 21:51:59,"{""evento_id"": ""622"", ""tipo"": ""VALIDACION_FISCAL""}"
623,727,VALIDACION_FISCAL,2025-11-27 10:24:42,"{""evento_id"": ""623"", ""tipo"": ""VALIDACION_FISCAL""}"
624,822,ORDEN_ENTREGADA,2025-11-17 03:45:15,"{""evento_id"": ""624"", ""tipo"": ""ORDEN_ENTREGADA""}"
625,683,ORDEN_CONFIRMADA,2025-07-15 04:29:12,"{""evento_id"": ""625"", ""tipo"": ""ORDEN_CONFIRMADA""}"
626,493,VALIDACION_FISCAL,2025-10-27 11:22:25,"{""evento_id"": ""626"", ""tipo"": ""VALIDACION_FISCAL""}"
627,119,ORDEN_ENTREGADA,2025-11-09 01:50:41,"{""evento_id"": ""627"", ""tipo"": ""ORDEN_ENTREGADA""}"
628,542,VALIDACION_FISCAL,2025-03-17 13:38:02,"{""evento_id"": ""628"", ""tipo"": ""VALIDACION_FISCAL""}"
629,233,ORDEN_CONFIRMADA,2025-06-12 05:25:50,"{""evento_id"": ""629"", ""tipo"": ""ORDEN_CONFIRMADA""}"
630,759,ORDEN_CREADA,2025-09-14 00:25:17,"{""evento_id"": ""630"", ""tipo"": ""ORDEN_CREADA""}"
631,777,VALIDACION_FISCAL,2025-07-22 06:43:04,"{""evento_id"": ""631"", ""tipo"": ""VALIDACION_FISCAL""}"
632,229,VALIDACION_FISCAL,2025-11-13 09:29:42,"{""evento_id"": ""632"", ""tipo"": ""VALIDACION_FISCAL""}"
633,219,ORDEN_CONFIRMADA,2025-01-31 03:32:31,"{""evento_id"": ""633"", ""tipo"": ""ORDEN_CONFIRMADA""}"
634,506,SLOT_RESERVADO,2025-04-17 02:04:02,"{""evento_id"": ""634"", ""tipo"": ""SLOT_RESERVADO""}"
635,915,ORDEN_ENTREGADA,2025-05-24 14:49:50,"{""evento_id"": ""635"", ""tipo"": ""ORDEN_ENTREGADA""}"
636,37,VALIDACION_FISCAL,2025-12-26 01:53:01,"{""evento_id"": ""636"", ""tipo"": ""VALIDACION_FISCAL""}"
637,793,ORDEN_CREADA,2025-04-06 11:39:43,"{""evento_id"": ""637"", ""tipo"": ""ORDEN_CREADA""}"
638,195,ORDEN_CONFIRMADA,2025-11-21 10:10:10,"{""evento_id"": ""638"", ""tipo"": ""ORDEN_CONFIRMADA""}"
639,142,VALIDACION_FISCAL,2025-10-12 04:46:33,"{""evento_id"": ""639"", ""tipo"": ""VALIDACION_FISCAL""}"
640,897,ORDEN_CANCELADA,2025-08-24 20:48:49,"{""evento_id"": ""640"", ""tipo"": ""ORDEN_CANCELADA""}"
641,221,ORDEN_ENTREGADA,2025-11-29 18:11:59,"{""evento_id"": ""641"", ""tipo"": ""ORDEN_ENTREGADA""}"
642,200,ORDEN_CONFIRMADA,2025-08-18 03:49:33,"{""evento_id"": ""642"", ""tipo"": ""ORDEN_CONFIRMADA""}"
643,401,ORDEN_CREADA,2025-08-08 03:23:11,"{""evento_id"": ""643"", ""tipo"": ""ORDEN_CREADA""}"
644,366,ORDEN_CANCELADA,2025-06-01 06:48:57,"{""evento_id"": ""644"", ""tipo"": ""ORDEN_CANCELADA""}"
645,811,ORDEN_CANCELADA,2025-10-09 12:55:06,"{""evento_id"": ""645"", ""tipo"": ""ORDEN_CANCELADA""}"
646,961,ORDEN_CREADA,2025-11-06 13:07:39,"{""evento_id"": ""646"", ""tipo"": ""ORDEN_CREADA""}"
647,894,ORDEN_CREADA,2025-07-10 01:46:03,"{""evento_id"": ""647"", ""tipo"": ""ORDEN_CREADA""}"
648,916,VALIDACION_FISCAL,2025-01-14 11:35:41,"{""evento_id"": ""648"", ""tipo"": ""VALIDACION_FISCAL""}"
649,736,SLOT_RESERVADO,2025-07-02 09:56:52,"{""evento_id"": ""649"", ""tipo"": ""SLOT_RESERVADO""}"
650,808,ORDEN_CREADA,2025-03-12 15:34:30,"{""evento_id"": ""650"", ""tipo"": ""ORDEN_CREADA""}"
651,586,ORDEN_CREADA,2025-07-14 16:59:33,"{""evento_id"": ""651"", ""tipo"": ""ORDEN_CREADA""}"
652,749,ORDEN_CREADA,2025-05-07 23:36:19,"{""evento_id"": ""652"", ""tipo"": ""ORDEN_CREADA""}"
653,491,VALIDACION_FISCAL,2025-11-21 13:54:52,"{""evento_id"": ""653"", ""tipo"": ""VALIDACION_FISCAL""}"
654,548,ORDEN_ENTREGADA,2025-02-16 14:08:22,"{""evento_id"": ""654"", ""tipo"": ""ORDEN_ENTREGADA""}"
655,355,ORDEN_ENTREGADA,2025-09-14 20:09:34,"{""evento_id"": ""655"", ""tipo"": ""ORDEN_ENTREGADA""}"
656,504,SLOT_RESERVADO,2025-12-22 02:55:59,"{""evento_id"": ""656"", ""tipo"": ""SLOT_RESERVADO""}"
657,227,ORDEN_CONFIRMADA,2025-04-19 18:15:46,"{""evento_id"": ""657"", ""tipo"": ""ORDEN_CONFIRMADA""}"
658,505,VALIDACION_FISCAL,2025-07-11 19:34:49,"{""evento_id"": ""658"", ""tipo"": ""VALIDACION_FISCAL""}"
659,120,VALIDACION_FISCAL,2025-08-07 07:09:57,"{""evento_id"": ""659"", ""tipo"": ""VALIDACION_FISCAL""}"
660,39,ORDEN_CONFIRMADA,2025-02-07 22:29:55,"{""evento_id"": ""660"", ""tipo"": ""ORDEN_CONFIRMADA""}"
661,888,VALIDACION_FISCAL,2025-09-06 04:02:45,"{""evento_id"": ""661"", ""tipo"": ""VALIDACION_FISCAL""}"
662,286,ORDEN_CANCELADA,2025-09-20 21:47:33,"{""evento_id"": ""662"", ""tipo"": ""ORDEN_CANCELADA""}"
663,59,ORDEN_CANCELADA,2025-04-25 02:12:00,"{""evento_id"": ""663"", ""tipo"": ""ORDEN_CANCELADA""}"
664,228,SLOT_RESERVADO,2025-11-10 21:54:03,"{""evento_id"": ""664"", ""tipo"": ""SLOT_RESERVADO""}"
665,34,ORDEN_CONFIRMADA,2025-06-04 03:42:17,"{""evento_id"": ""665"", ""tipo"": ""ORDEN_CONFIRMADA""}"
666,609,SLOT_RESERVADO,2025-06-28 14:29:14,"{""evento_id"": ""666"", ""tipo"": ""SLOT_RESERVADO""}"
667,470,SLOT_RESERVADO,2025-08-30 05:21:22,"{""evento_id"": ""667"", ""tipo"": ""SLOT_RESERVADO""}"
668,259,ORDEN_CREADA,2025-04-14 21:05:59,"{""evento_id"": ""668"", ""tipo"": ""ORDEN_CREADA""}"
669,107,VALIDACION_FISCAL,2025-02-03 08:37:24,"{""evento_id"": ""669"", ""tipo"": ""VALIDACION_FISCAL""}"
670,349,ORDEN_CONFIRMADA,2025-08-01 11:48:44,"{""evento_id"": ""670"", ""tipo"": ""ORDEN_CONFIRMADA""}"
671,486,SLOT_RESERVADO,2025-12-29 11:33:11,"{""evento_id"": ""671"", ""tipo"": ""SLOT_RESERVADO""}"
672,902,ORDEN_CANCELADA,2025-01-05 20:17:54,"{""evento_id"": ""672"", ""tipo"": ""ORDEN_CANCELADA""}"
673,215,VALIDACION_FISCAL,2025-11-28 18:27:20,"{""evento_id"": ""673"", ""tipo"": ""VALIDACION_FISCAL""}"
674,427,ORDEN_CONFIRMADA,2025-03-27 04:27:55,"{""evento_id"": ""674"", ""tipo"": ""ORDEN_CONFIRMADA""}"
675,625,SLOT_RESERVADO,2025-07-22 00:03:21,"{""evento_id"": ""675"", ""tipo"": ""SLOT_RESERVADO""}"
676,756,ORDEN_CANCELADA,2025-03-04 08:28:14,"{""evento_id"": ""676"", ""tipo"": ""ORDEN_CANCELADA""}"
677,733,ORDEN_CANCELADA,2025-02-12 17:02:10,"{""evento_id"": ""677"", ""tipo"": ""ORDEN_CANCELADA""}"
678,172,ORDEN_CONFIRMADA,2025-06-11 18:59:59,"{""evento_id"": ""678"", ""tipo"": ""ORDEN_CONFIRMADA""}"
679,423,SLOT_RESERVADO,2025-01-12 07:44:54,"{""evento_id"": ""679"", ""tipo"": ""SLOT_RESERVADO""}"
680,410,ORDEN_CONFIRMADA,2025-09-18 12:41:58,"{""evento_id"": ""680"", ""tipo"": ""ORDEN_CONFIRMADA""}"
681,111,ORDEN_ENTREGADA,2025-09-27 20:39:43,"{""evento_id"": ""681"", ""tipo"": ""ORDEN_ENTREGADA""}"
682,277,ORDEN_CANCELADA,2025-08-06 09:30:51,"{""evento_id"": ""682"", ""tipo"": ""ORDEN_CANCELADA""}"
683,881,ORDEN_CONFIRMADA,2025-08-05 03:06:04,"{""evento_id"": ""683"", ""tipo"": ""ORDEN_CONFIRMADA""}"
684,320,SLOT_RESERVADO,2025-05-22 20:37:59,"{""evento_id"": ""684"", ""tipo"": ""SLOT_RESERVADO""}"
685,45,ORDEN_CONFIRMADA,2025-10-06 17:11:17,"{""evento_id"": ""685"", ""tipo"": ""ORDEN_CONFIRMADA""}"
686,675,ORDEN_CANCELADA,2025-03-29 16:47:26,"{""evento_id"": ""686"", ""tipo"": ""ORDEN_CANCELADA""}"
687,475,SLOT_RESERVADO,2025-04-04 04:37:41,"{""evento_id"": ""687"", ""tipo"": ""SLOT_RESERVADO""}"
688,784,SLOT_RESERVADO,2025-04-12 04:15:21,"{""evento_id"": ""688"", ""tipo"": ""SLOT_RESERVADO""}"
689,426,ORDEN_CREADA,2025-02-26 05:06:27,"{""evento_id"": ""689"", ""tipo"": ""ORDEN_CREADA""}"
690,78,ORDEN_CANCELADA,2025-08-06 08:46:11,"{""evento_id"": ""690"", ""tipo"": ""ORDEN_CANCELADA""}"
691,175,SLOT_RESERVADO,2025-04-05 10:02:02,"{""evento_id"": ""691"", ""tipo"": ""SLOT_RESERVADO""}"
692,602,ORDEN_ENTREGADA,2025-06-05 05:28:10,"{""evento_id"": ""692"", ""tipo"": ""ORDEN_ENTREGADA""}"
693,781,ORDEN_CONFIRMADA,2025-11-01 19:45:58,"{""evento_id"": ""693"", ""tipo"": ""ORDEN_CONFIRMADA""}"
694,365,VALIDACION_FISCAL,2025-04-10 02:14:58,"{""evento_id"": ""694"", ""tipo"": ""VALIDACION_FISCAL""}"
695,484,ORDEN_CONFIRMADA,2025-04-01 11:10:27,"{""evento_id"": ""695"", ""tipo"": ""ORDEN_CONFIRMADA""}"
696,746,SLOT_RESERVADO,2025-09-10 16:41:11,"{""evento_id"": ""696"", ""tipo"": ""SLOT_RESERVADO""}"
697,590,ORDEN_CREADA,2025-08-20 10:54:20,"{""evento_id"": ""697"", ""tipo"": ""ORDEN_CREADA""}"
698,576,ORDEN_CONFIRMADA,2025-07-14 12:02:16,"{""evento_id"": ""698"", ""tipo"": ""ORDEN_CONFIRMADA""}"
699,789,SLOT_RESERVADO,2025-11-13 20:18:05,"{""evento_id"": ""699"", ""tipo"": ""SLOT_RESERVADO""}"
700,343,ORDEN_CANCELADA,2025-12-09 12:34:27,"{""evento_id"": ""700"", ""tipo"": ""ORDEN_CANCELADA""}"
701,919,SLOT_RESERVADO,2025-03-31 09:09:50,"{""evento_id"": ""701"", ""tipo"": ""SLOT_RESERVADO""}"
702,305,ORDEN_CREADA,2025-08-13 09:46:10,"{""evento_id"": ""702"", ""tipo"": ""ORDEN_CREADA""}"
703,393,VALIDACION_FISCAL,2025-10-13 13:43:34,"{""evento_id"": ""703"", ""tipo"": ""VALIDACION_FISCAL""}"
704,388,ORDEN_CANCELADA,2025-02-24 22:50:06,"{""evento_id"": ""704"", ""tipo"": ""ORDEN_CANCELADA""}"
705,521,ORDEN_CREADA,2025-11-16 02:26:45,"{""evento_id"": ""705"", ""tipo"": ""ORDEN_CREADA""}"
706,736,ORDEN_CANCELADA,2025-02-19 16:37:47,"{""evento_id"": ""706"", ""tipo"": ""ORDEN_CANCELADA""}"
707,387,ORDEN_ENTREGADA,2025-04-23 21:54:07,"{""evento_id"": ""707"", ""tipo"": ""ORDEN_ENTREGADA""}"
708,454,ORDEN_CANCELADA,2025-02-25 11:02:59,"{""evento_id"": ""708"", ""tipo"": ""ORDEN_CANCELADA""}"
709,697,ORDEN_CONFIRMADA,2025-08-09 00:08:16,"{""evento_id"": ""709"", ""tipo"": ""ORDEN_CONFIRMADA""}"
710,338,ORDEN_CREADA,2025-11-08 08:27:46,"{""evento_id"": ""710"", ""tipo"": ""ORDEN_CREADA""}"
711,826,ORDEN_CONFIRMADA,2025-07-24 02:04:09,"{""evento_id"": ""711"", ""tipo"": ""ORDEN_CONFIRMADA""}"
712,382,ORDEN_CREADA,2025-05-26 15:17:52,"{""evento_id"": ""712"", ""tipo"": ""ORDEN_CREADA""}"
713,504,SLOT_RESERVADO,2025-11-25 20:00:08,"{""evento_id"": ""713"", ""tipo"": ""SLOT_RESERVADO""}"
714,639,ORDEN_CANCELADA,2025-05-15 09:08:24,"{""evento_id"": ""714"", ""tipo"": ""ORDEN_CANCELADA""}"
715,89,ORDEN_ENTREGADA,2025-05-28 02:41:39,"{""evento_id"": ""715"", ""tipo"": ""ORDEN_ENTREGADA""}"
716,518,ORDEN_CANCELADA,2025-06-29 00:39:03,"{""evento_id"": ""716"", ""tipo"": ""ORDEN_CANCELADA""}"
717,139,ORDEN_CANCELADA,2025-04-08 20:39:52,"{""evento_id"": ""717"", ""tipo"": ""ORDEN_CANCELADA""}"
718,539,VALIDACION_FISCAL,2025-06-15 21:47:08,"{""evento_id"": ""718"", ""tipo"": ""VALIDACION_FISCAL""}"
719,539,ORDEN_CREADA,2025-04-20 21:09:15,"{""evento_id"": ""719"", ""tipo"": ""ORDEN_CREADA""}"
720,607,VALIDACION_FISCAL,2025-05-19 07:55:24,"{""evento_id"": ""720"", ""tipo"": ""VALIDACION_FISCAL""}"
721,152,ORDEN_ENTREGADA,2025-08-21 13:05:09,"{""evento_id"": ""721"", ""tipo"": ""ORDEN_ENTREGADA""}"
722,845,VALIDACION_FISCAL,2025-12-31 19:45:18,"{""evento_id"": ""722"", ""tipo"": ""VALIDACION_FISCAL""}"
723,702,ORDEN_CONFIRMADA,2025-06-28 05:53:15,"{""evento_id"": ""723"", ""tipo"": ""ORDEN_CONFIRMADA""}"
724,651,ORDEN_CONFIRMADA,2025-09-25 10:59:35,"{""evento_id"": ""724"", ""tipo"": ""ORDEN_CONFIRMADA""}"
725,448,ORDEN_CONFIRMADA,2025-03-30 09:46:59,"{""evento_id"": ""725"", ""tipo"": ""ORDEN_CONFIRMADA""}"
726,309,VALIDACION_FISCAL,2025-07-04 09:26:16,"{""evento_id"": ""726"", ""tipo"": ""VALIDACION_FISCAL""}"
727,853,ORDEN_ENTREGADA,2025-04-06 15:26:37,"{""evento_id"": ""727"", ""tipo"": ""ORDEN_ENTREGADA""}"
728,858,SLOT_RESERVADO,2025-03-01 11:58:30,"{""evento_id"": ""728"", ""tipo"": ""SLOT_RESERVADO""}"
729,49,VALIDACION_FISCAL,2025-10-28 16:24:05,"{""evento_id"": ""729"", ""tipo"": ""VALIDACION_FISCAL""}"
730,512,SLOT_RESERVADO,2025-05-04 11:32:00,"{""evento_id"": ""730"", ""tipo"": ""SLOT_RESERVADO""}"
731,96,SLOT_RESERVADO,2025-09-22 19:11:06,"{""evento_id"": ""731"", ""tipo"": ""SLOT_RESERVADO""}"
732,759,SLOT_RESERVADO,2025-11-19 04:28:29,"{""evento_id"": ""732"", ""tipo"": ""SLOT_RESERVADO""}"
733,202,ORDEN_CONFIRMADA,2025-10-05 14:05:25,"{""evento_id"": ""733"", ""tipo"": ""ORDEN_CONFIRMADA""}"
734,382,ORDEN_CANCELADA,2025-11-14 15:09:10,"{""evento_id"": ""734"", ""tipo"": ""ORDEN_CANCELADA""}"
735,799,ORDEN_CREADA,2025-06-03 04:34:18,"{""evento_id"": ""735"", ""tipo"": ""ORDEN_CREADA""}"
736,96,SLOT_RESERVADO,2025-06-22 06:11:27,"{""evento_id"": ""736"", ""tipo"": ""SLOT_RESERVADO""}"
737,313,ORDEN_CREADA,2025-11-26 17:36:46,"{""evento_id"": ""737"", ""tipo"": ""ORDEN_CREADA""}"
738,361,SLOT_RESERVADO,2025-09-02 21:35:03,"{""evento_id"": ""738"", ""tipo"": ""SLOT_RESERVADO""}"
739,263,ORDEN_CANCELADA,2025-10-18 03:31:39,"{""evento_id"": ""739"", ""tipo"": ""ORDEN_CANCELADA""}"
740,331,VALIDACION_FISCAL,2025-06-11 17:31:37,"{""evento_id"": ""740"", ""tipo"": ""VALIDACION_FISCAL""}"
741,166,ORDEN_CREADA,2025-06-27 00:05:13,"{""evento_id"": ""741"", ""tipo"": ""ORDEN_CREADA""}"
742,767,ORDEN_ENTREGADA,2025-05-14 22:03:46,"{""evento_id"": ""742"", ""tipo"": ""ORDEN_ENTREGADA""}"
743,568,VALIDACION_FISCAL,2025-09-09 10:06:54,"{""evento_id"": ""743"", ""tipo"": ""VALIDACION_FISCAL""}"
744,24,ORDEN_CANCELADA,2025-11-07 23:20:45,"{""evento_id"": ""744"", ""tipo"": ""ORDEN_CANCELADA""}"
745,444,ORDEN_CONFIRMADA,2025-03-30 03:29:41,"{""evento_id"": ""745"", ""tipo"": ""ORDEN_CONFIRMADA""}"
746,639,ORDEN_CREADA,2025-03-30 10:16:27,"{""evento_id"": ""746"", ""tipo"": ""ORDEN_CREADA""}"
747,68,ORDEN_CANCELADA,2025-06-29 20:59:32,"{""evento_id"": ""747"", ""tipo"": ""ORDEN_CANCELADA""}"
748,669,ORDEN_CONFIRMADA,2025-10-22 23:29:44,"{""evento_id"": ""748"", ""tipo"": ""ORDEN_CONFIRMADA""}"
749,274,SLOT_RESERVADO,2025-10-01 10:32:55,"{""evento_id"": ""749"", ""tipo"": ""SLOT_RESERVADO""}"
750,956,ORDEN_CANCELADA,2025-01-19 17:28:24,"{""evento_id"": ""750"", ""tipo"": ""ORDEN_CANCELADA""}"
751,715,VALIDACION_FISCAL,2025-10-30 00:23:27,"{""evento_id"": ""751"", ""tipo"": ""VALIDACION_FISCAL""}"
752,435,SLOT_RESERVADO,2025-12-17 09:18:21,"{""evento_id"": ""752"", ""tipo"": ""SLOT_RESERVADO""}"
753,127,ORDEN_CANCELADA,2025-02-02 08:29:32,"{""evento_id"": ""753"", ""tipo"": ""ORDEN_CANCELADA""}"
754,202,ORDEN_CONFIRMADA,2025-06-08 08:32:17,"{""evento_id"": ""754"", ""tipo"": ""ORDEN_CONFIRMADA""}"
755,535,ORDEN_CONFIRMADA,2025-02-15 13:35:20,"{""evento_id"": ""755"", ""tipo"": ""ORDEN_CONFIRMADA""}"
756,275,VALIDACION_FISCAL,2025-08-17 17:59:13,"{""evento_id"": ""756"", ""tipo"": ""VALIDACION_FISCAL""}"
757,47,SLOT_RESERVADO,2025-05-23 15:17:22,"{""evento_id"": ""757"", ""tipo"": ""SLOT_RESERVADO""}"
758,259,ORDEN_ENTREGADA,2025-10-18 13:25:35,"{""evento_id"": ""758"", ""tipo"": ""ORDEN_ENTREGADA""}"
759,600,ORDEN_CREADA,2025-06-26 20:56:28,"{""evento_id"": ""759"", ""tipo"": ""ORDEN_CREADA""}"
760,996,ORDEN_ENTREGADA,2025-01-06 20:12:21,"{""evento_id"": ""760"", ""tipo"": ""ORDEN_ENTREGADA""}"
761,725,ORDEN_CONFIRMADA,2025-05-10 20:35:36,"{""evento_id"": ""761"", ""tipo"": ""ORDEN_CONFIRMADA""}"
762,84,ORDEN_CREADA,2025-02-07 05:41:18,"{""evento_id"": ""762"", ""tipo"": ""ORDEN_CREADA""}"
763,624,ORDEN_CANCELADA,2025-02-25 20:26:31,"{""evento_id"": ""763"", ""tipo"": ""ORDEN_CANCELADA""}"
764,22,VALIDACION_FISCAL,2025-02-07 23:19:32,"{""evento_id"": ""764"", ""tipo"": ""VALIDACION_FISCAL""}"
765,534,VALIDACION_FISCAL,2025-01-22 09:00:30,"{""evento_id"": ""765"", ""tipo"": ""VALIDACION_FISCAL""}"
766,253,ORDEN_CONFIRMADA,2025-11-16 13:27:17,"{""evento_id"": ""766"", ""tipo"": ""ORDEN_CONFIRMADA""}"
767,224,ORDEN_ENTREGADA,2025-05-20 03:46:50,"{""evento_id"": ""767"", ""tipo"": ""ORDEN_ENTREGADA""}"
768,780,ORDEN_CANCELADA,2025-02-24 15:04:23,"{""evento_id"": ""768"", ""tipo"": ""ORDEN_CANCELADA""}"
769,472,VALIDACION_FISCAL,2025-03-03 12:21:08,"{""evento_id"": ""769"", ""tipo"": ""VALIDACION_FISCAL""}"
770,525,ORDEN_ENTREGADA,2025-05-05 16:47:12,"{""evento_id"": ""770"", ""tipo"": ""ORDEN_ENTREGADA""}"
771,991,ORDEN_CREADA,2025-11-20 05:17:25,"{""evento_id"": ""771"", ""tipo"": ""ORDEN_CREADA""}"
772,516,ORDEN_CONFIRMADA,2025-02-19 00:11:13,"{""evento_id"": ""772"", ""tipo"": ""ORDEN_CONFIRMADA""}"
773,936,ORDEN_ENTREGADA,2025-11-11 02:10:50,"{""evento_id"": ""773"", ""tipo"": ""ORDEN_ENTREGADA""}"
774,947,ORDEN_CANCELADA,2025-11-07 04:50:37,"{""evento_id"": ""774"", ""tipo"": ""ORDEN_CANCELADA""}"
775,894,ORDEN_CANCELADA,2025-01-25 13:06:29,"{""evento_id"": ""775"", ""tipo"": ""ORDEN_CANCELADA""}"
776,361,ORDEN_CONFIRMADA,2025-07-21 10:28:28,"{""evento_id"": ""776"", ""tipo"": ""ORDEN_CONFIRMADA""}"
777,891,ORDEN_CONFIRMADA,2025-09-06 21:06:21,"{""evento_id"": ""777"", ""tipo"": ""ORDEN_CONFIRMADA""}"
778,439,SLOT_RESERVADO,2025-11-04 07:01:42,"{""evento_id"": ""778"", ""tipo"": ""SLOT_RESERVADO""}"
779,733,VALIDACION_FISCAL,2025-01-12 15:10:19,"{""evento_id"": ""779"", ""tipo"": ""VALIDACION_FISCAL""}"
780,251,VALIDACION_FISCAL,2025-11-01 20:48:15,"{""evento_id"": ""780"", ""tipo"": ""VALIDACION_FISCAL""}"
781,480,VALIDACION_FISCAL,2025-04-18 11:55:31,"{""evento_id"": ""781"", ""tipo"": ""VALIDACION_FISCAL""}"
782,831,ORDEN_CREADA,2025-05-18 06:56:58,"{""evento_id"": ""782"", ""tipo"": ""ORDEN_CREADA""}"
783,116,ORDEN_CANCELADA,2025-03-02 08:21:34,"{""evento_id"": ""783"", ""tipo"": ""ORDEN_CANCELADA""}"
784,930,ORDEN_ENTREGADA,2025-04-26 09:43:14,"{""evento_id"": ""784"", ""tipo"": ""ORDEN_ENTREGADA""}"
785,394,VALIDACION_FISCAL,2025-07-14 10:46:36,"{""evento_id"": ""785"", ""tipo"": ""VALIDACION_FISCAL""}"
786,118,ORDEN_CANCELADA,2025-05-01 20:18:31,"{""evento_id"": ""786"", ""tipo"": ""ORDEN_CANCELADA""}"
787,708,SLOT_RESERVADO,2025-04-25 08:03:16,"{""evento_id"": ""787"", ""tipo"": ""SLOT_RESERVADO""}"
788,389,VALIDACION_FISCAL,2025-12-22 22:53:38,"{""evento_id"": ""788"", ""tipo"": ""VALIDACION_FISCAL""}"
789,269,ORDEN_CANCELADA,2025-09-16 10:14:58,"{""evento_id"": ""789"", ""tipo"": ""ORDEN_CANCELADA""}"
790,733,ORDEN_CREADA,2025-10-05 11:49:30,"{""evento_id"": ""790"", ""tipo"": ""ORDEN_CREADA""}"
791,54,VALIDACION_FISCAL,2025-07-01 21:02:43,"{""evento_id"": ""791"", ""tipo"": ""VALIDACION_FISCAL""}"
792,555,ORDEN_CANCELADA,2025-11-03 07:56:43,"{""evento_id"": ""792"", ""tipo"": ""ORDEN_CANCELADA""}"
793,377,ORDEN_CANCELADA,2025-05-24 18:53:42,"{""evento_id"": ""793"", ""tipo"": ""ORDEN_CANCELADA""}"
794,344,ORDEN_ENTREGADA,2025-08-24 14:41:48,"{""evento_id"": ""794"", ""tipo"": ""ORDEN_ENTREGADA""}"
795,153,ORDEN_CANCELADA,2025-10-13 23:13:23,"{""evento_id"": ""795"", ""tipo"": ""ORDEN_CANCELADA""}"
796,806,ORDEN_CONFIRMADA,2025-10-11 00:26:47,"{""evento_id"": ""796"", ""tipo"": ""ORDEN_CONFIRMADA""}"
797,406,ORDEN_CONFIRMADA,2025-11-29 01:15:16,"{""evento_id"": ""797"", ""tipo"": ""ORDEN_CONFIRMADA""}"
798,685,ORDEN_CONFIRMADA,2025-05-11 06:20:29,"{""evento_id"": ""798"", ""tipo"": ""ORDEN_CONFIRMADA""}"
799,937,ORDEN_CREADA,2025-06-11 21:57:32,"{""evento_id"": ""799"", ""tipo"": ""ORDEN_CREADA""}"
800,424,SLOT_RESERVADO,2025-05-09 02:09:04,"{""evento_id"": ""800"", ""tipo"": ""SLOT_RESERVADO""}"
801,825,ORDEN_ENTREGADA,2025-05-25 23:56:46,"{""evento_id"": ""801"", ""tipo"": ""ORDEN_ENTREGADA""}"
802,845,ORDEN_CONFIRMADA,2025-03-09 09:38:58,"{""evento_id"": ""802"", ""tipo"": ""ORDEN_CONFIRMADA""}"
803,752,ORDEN_CREADA,2025-03-05 20:06:55,"{""evento_id"": ""803"", ""tipo"": ""ORDEN_CREADA""}"
804,274,ORDEN_ENTREGADA,2025-04-29 22:59:42,"{""evento_id"": ""804"", ""tipo"": ""ORDEN_ENTREGADA""}"
805,207,ORDEN_ENTREGADA,2025-11-23 02:28:47,"{""evento_id"": ""805"", ""tipo"": ""ORDEN_ENTREGADA""}"
806,914,ORDEN_ENTREGADA,2025-05-03 20:06:03,"{""evento_id"": ""806"", ""tipo"": ""ORDEN_ENTREGADA""}"
807,729,ORDEN_CONFIRMADA,2025-09-07 05:07:40,"{""evento_id"": ""807"", ""tipo"": ""ORDEN_CONFIRMADA""}"
808,948,ORDEN_CREADA,2025-03-24 16:56:53,"{""evento_id"": ""808"", ""tipo"": ""ORDEN_CREADA""}"
809,834,VALIDACION_FISCAL,2025-09-08 05:33:34,"{""evento_id"": ""809"", ""tipo"": ""VALIDACION_FISCAL""}"
810,818,VALIDACION_FISCAL,2025-12-31 09:46:44,"{""evento_id"": ""810"", ""tipo"": ""VALIDACION_FISCAL""}"
811,808,ORDEN_CANCELADA,2025-01-06 04:53:36,"{""evento_id"": ""811"", ""tipo"": ""ORDEN_CANCELADA""}"
812,643,ORDEN_ENTREGADA,2025-03-10 13:40:47,"{""evento_id"": ""812"", ""tipo"": ""ORDEN_ENTREGADA""}"
813,119,SLOT_RESERVADO,2025-10-24 09:31:26,"{""evento_id"": ""813"", ""tipo"": ""SLOT_RESERVADO""}"
814,790,SLOT_RESERVADO,2025-04-14 17:58:24,"{""evento_id"": ""814"", ""tipo"": ""SLOT_RESERVADO""}"
815,208,ORDEN_CONFIRMADA,2025-08-26 03:22:22,"{""evento_id"": ""815"", ""tipo"": ""ORDEN_CONFIRMADA""}"
816,538,ORDEN_CANCELADA,2025-04-27 15:17:39,"{""evento_id"": ""816"", ""tipo"": ""ORDEN_CANCELADA""}"
817,300,VALIDACION_FISCAL,2025-12-23 04:58:28,"{""evento_id"": ""817"", ""tipo"": ""VALIDACION_FISCAL""}"
818,689,ORDEN_ENTREGADA,2025-01-29 22:29:40,"{""evento_id"": ""818"", ""tipo"": ""ORDEN_ENTREGADA""}"
819,880,ORDEN_CREADA,2025-05-06 02:20:54,"{""evento_id"": ""819"", ""tipo"": ""ORDEN_CREADA""}"
820,922,ORDEN_CREADA,2025-07-20 22:47:20,"{""evento_id"": ""820"", ""tipo"": ""ORDEN_CREADA""}"
821,537,ORDEN_CANCELADA,2025-08-31 10:25:08,"{""evento_id"": ""821"", ""tipo"": ""ORDEN_CANCELADA""}"
822,139,ORDEN_CONFIRMADA,2025-09-02 23:45:53,"{""evento_id"": ""822"", ""tipo"": ""ORDEN_CONFIRMADA""}"
823,763,ORDEN_CANCELADA,2025-10-21 11:03:37,"{""evento_id"": ""823"", ""tipo"": ""ORDEN_CANCELADA""}"
824,821,ORDEN_CANCELADA,2025-09-10 09:52:33,"{""evento_id"": ""824"", ""tipo"": ""ORDEN_CANCELADA""}"
825,533,VALIDACION_FISCAL,2025-02-21 06:19:44,"{""evento_id"": ""825"", ""tipo"": ""VALIDACION_FISCAL""}"
826,363,ORDEN_CONFIRMADA,2025-06-01 11:17:46,"{""evento_id"": ""826"", ""tipo"": ""ORDEN_CONFIRMADA""}"
827,521,ORDEN_ENTREGADA,2025-04-29 17:23:44,"{""evento_id"": ""827"", ""tipo"": ""ORDEN_ENTREGADA""}"
828,269,ORDEN_CREADA,2025-07-28 21:17:46,"{""evento_id"": ""828"", ""tipo"": ""ORDEN_CREADA""}"
829,480,VALIDACION_FISCAL,2025-10-07 13:18:49,"{""evento_id"": ""829"", ""tipo"": ""VALIDACION_FISCAL""}"
830,900,ORDEN_CONFIRMADA,2025-04-13 21:12:56,"{""evento_id"": ""830"", ""tipo"": ""ORDEN_CONFIRMADA""}"
831,247,VALIDACION_FISCAL,2025-06-09 17:57:10,"{""evento_id"": ""831"", ""tipo"": ""VALIDACION_FISCAL""}"
832,815,ORDEN_CONFIRMADA,2025-12-19 11:54:45,"{""evento_id"": ""832"", ""tipo"": ""ORDEN_CONFIRMADA""}"
833,686,ORDEN_CANCELADA,2025-02-04 23:19:50,"{""evento_id"": ""833"", ""tipo"": ""ORDEN_CANCELADA""}"
834,779,ORDEN_ENTREGADA,2025-08-22 04:25:42,"{""evento_id"": ""834"", ""tipo"": ""ORDEN_ENTREGADA""}"
835,262,SLOT_RESERVADO,2025-04-05 13:31:20,"{""evento_id"": ""835"", ""tipo"": ""SLOT_RESERVADO""}"
836,325,ORDEN_CANCELADA,2025-04-21 08:55:26,"{""evento_id"": ""836"", ""tipo"": ""ORDEN_CANCELADA""}"
837,113,ORDEN_CANCELADA,2025-08-15 16:47:24,"{""evento_id"": ""837"", ""tipo"": ""ORDEN_CANCELADA""}"
838,666,SLOT_RESERVADO,2025-12-21 22:37:45,"{""evento_id"": ""838"", ""tipo"": ""SLOT_RESERVADO""}"
839,327,ORDEN_CREADA,2025-05-28 18:17:43,"{""evento_id"": ""839"", ""tipo"": ""ORDEN_CREADA""}"
840,405,ORDEN_CONFIRMADA,2025-08-06 23:50:56,"{""evento_id"": ""840"", ""tipo"": ""ORDEN_CONFIRMADA""}"
841,456,ORDEN_CONFIRMADA,2025-03-21 18:42:32,"{""evento_id"": ""841"", ""tipo"": ""ORDEN_CONFIRMADA""}"
842,253,VALIDACION_FISCAL,2025-11-10 01:31:58,"{""evento_id"": ""842"", ""tipo"": ""VALIDACION_FISCAL""}"
843,518,ORDEN_ENTREGADA,2025-01-31 12:44:52,"{""evento_id"": ""843"", ""tipo"": ""ORDEN_ENTREGADA""}"
844,587,SLOT_RESERVADO,2025-05-02 21:56:14,"{""evento_id"": ""844"", ""tipo"": ""SLOT_RESERVADO""}"
845,42,ORDEN_ENTREGADA,2025-08-14 19:24:15,"{""evento_id"": ""845"", ""tipo"": ""ORDEN_ENTREGADA""}"
846,247,ORDEN_CONFIRMADA,2025-12-05 22:31:48,"{""evento_id"": ""846"", ""tipo"": ""ORDEN_CONFIRMADA""}"
847,45,ORDEN_CANCELADA,2025-06-01 16:09:18,"{""evento_id"": ""847"", ""tipo"": ""ORDEN_CANCELADA""}"
848,740,ORDEN_CONFIRMADA,2025-09-20 19:47:12,"{""evento_id"": ""848"", ""tipo"": ""ORDEN_CONFIRMADA""}"
849,694,SLOT_RESERVADO,2025-10-15 09:27:52,"{""evento_id"": ""849"", ""tipo"": ""SLOT_RESERVADO""}"
850,710,VALIDACION_FISCAL,2025-03-25 20:21:18,"{""evento_id"": ""850"", ""tipo"": ""VALIDACION_FISCAL""}"
851,474,SLOT_RESERVADO,2025-11-29 14:12:06,"{""evento_id"": ""851"", ""tipo"": ""SLOT_RESERVADO""}"
852,798,ORDEN_CREADA,2025-02-10 18:01:23,"{""evento_id"": ""852"", ""tipo"": ""ORDEN_CREADA""}"
853,393,ORDEN_CANCELADA,2025-06-29 10:46:40,"{""evento_id"": ""853"", ""tipo"": ""ORDEN_CANCELADA""}"
854,214,SLOT_RESERVADO,2025-06-25 15:15:35,"{""evento_id"": ""854"", ""tipo"": ""SLOT_RESERVADO""}"
855,607,SLOT_RESERVADO,2025-05-28 16:07:02,"{""evento_id"": ""855"", ""tipo"": ""SLOT_RESERVADO""}"
856,483,ORDEN_ENTREGADA,2025-03-30 18:30:01,"{""evento_id"": ""856"", ""tipo"": ""ORDEN_ENTREGADA""}"
857,747,ORDEN_ENTREGADA,2025-07-13 11:13:05,"{""evento_id"": ""857"", ""tipo"": ""ORDEN_ENTREGADA""}"
858,598,ORDEN_ENTREGADA,2025-03-28 17:24:05,"{""evento_id"": ""858"", ""tipo"": ""ORDEN_ENTREGADA""}"
859,347,ORDEN_CANCELADA,2025-11-21 14:41:41,"{""evento_id"": ""859"", ""tipo"": ""ORDEN_CANCELADA""}"
860,777,ORDEN_ENTREGADA,2025-04-17 21:06:46,"{""evento_id"": ""860"", ""tipo"": ""ORDEN_ENTREGADA""}"
861,121,ORDEN_CREADA,2025-02-06 05:31:43,"{""evento_id"": ""861"", ""tipo"": ""ORDEN_CREADA""}"
862,11,ORDEN_ENTREGADA,2025-03-31 14:51:29,"{""evento_id"": ""862"", ""tipo"": ""ORDEN_ENTREGADA""}"
863,660,ORDEN_ENTREGADA,2025-03-16 12:26:47,"{""evento_id"": ""863"", ""tipo"": ""ORDEN_ENTREGADA""}"
864,975,ORDEN_CANCELADA,2025-01-02 19:45:21,"{""evento_id"": ""864"", ""tipo"": ""ORDEN_CANCELADA""}"
865,556,ORDEN_CREADA,2025-09-13 08:54:44,"{""evento_id"": ""865"", ""tipo"": ""ORDEN_CREADA""}"
866,388,VALIDACION_FISCAL,2025-07-07 11:34:23,"{""evento_id"": ""866"", ""tipo"": ""VALIDACION_FISCAL""}"
867,65,ORDEN_CANCELADA,2025-01-08 15:30:26,"{""evento_id"": ""867"", ""tipo"": ""ORDEN_CANCELADA""}"
868,689,ORDEN_CONFIRMADA,2025-08-29 08:25:58,"{""evento_id"": ""868"", ""tipo"": ""ORDEN_CONFIRMADA""}"
869,283,ORDEN_ENTREGADA,2025-10-11 23:21:20,"{""evento_id"": ""869"", ""tipo"": ""ORDEN_ENTREGADA""}"
870,131,SLOT_RESERVADO,2025-07-07 19:38:45,"{""evento_id"": ""870"", ""tipo"": ""SLOT_RESERVADO""}"
871,813,SLOT_RESERVADO,2025-12-26 17:01:39,"{""evento_id"": ""871"", ""tipo"": ""SLOT_RESERVADO""}"
872,493,ORDEN_ENTREGADA,2025-09-14 13:20:16,"{""evento_id"": ""872"", ""tipo"": ""ORDEN_ENTREGADA""}"
873,35,ORDEN_CANCELADA,2025-04-12 19:56:37,"{""evento_id"": ""873"", ""tipo"": ""ORDEN_CANCELADA""}"
874,661,ORDEN_CONFIRMADA,2025-08-02 17:56:23,"{""evento_id"": ""874"", ""tipo"": ""ORDEN_CONFIRMADA""}"
875,563,ORDEN_CREADA,2025-06-10 02:38:10,"{""evento_id"": ""875"", ""tipo"": ""ORDEN_CREADA""}"
876,181,VALIDACION_FISCAL,2025-12-22 04:12:51,"{""evento_id"": ""876"", ""tipo"": ""VALIDACION_FISCAL""}"
877,140,VALIDACION_FISCAL,2025-04-07 10:12:27,"{""evento_id"": ""877"", ""tipo"": ""VALIDACION_FISCAL""}"
878,981,ORDEN_CREADA,2025-02-17 15:44:40,"{""evento_id"": ""878"", ""tipo"": ""ORDEN_CREADA""}"
879,870,ORDEN_CREADA,2025-03-30 14:09:08,"{""evento_id"": ""879"", ""tipo"": ""ORDEN_CREADA""}"
880,503,ORDEN_CONFIRMADA,2025-05-12 14:39:05,"{""evento_id"": ""880"", ""tipo"": ""ORDEN_CONFIRMADA""}"
881,995,ORDEN_ENTREGADA,2025-08-08 15:27:21,"{""evento_id"": ""881"", ""tipo"": ""ORDEN_ENTREGADA""}"
882,635,ORDEN_CREADA,2025-02-13 16:30:28,"{""evento_id"": ""882"", ""tipo"": ""ORDEN_CREADA""}"
883,630,ORDEN_CONFIRMADA,2025-06-08 08:47:45,"{""evento_id"": ""883"", ""tipo"": ""ORDEN_CONFIRMADA""}"
884,579,ORDEN_CREADA,2025-08-08 16:58:03,"{""evento_id"": ""884"", ""tipo"": ""ORDEN_CREADA""}"
885,559,ORDEN_ENTREGADA,2025-12-01 12:40:24,"{""evento_id"": ""885"", ""tipo"": ""ORDEN_ENTREGADA""}"
886,354,ORDEN_CREADA,2025-03-03 03:33:59,"{""evento_id"": ""886"", ""tipo"": ""ORDEN_CREADA""}"
887,15,SLOT_RESERVADO,2025-05-09 00:40:29,"{""evento_id"": ""887"", ""tipo"": ""SLOT_RESERVADO""}"
888,964,ORDEN_CREADA,2025-07-29 21:00:52,"{""evento_id"": ""888"", ""tipo"": ""ORDEN_CREADA""}"
889,768,ORDEN_ENTREGADA,2025-11-20 22:49:44,"{""evento_id"": ""889"", ""tipo"": ""ORDEN_ENTREGADA""}"
890,893,VALIDACION_FISCAL,2025-02-13 08:02:23,"{""evento_id"": ""890"", ""tipo"": ""VALIDACION_FISCAL""}"
891,779,VALIDACION_FISCAL,2025-02-21 16:59:47,"{""evento_id"": ""891"", ""tipo"": ""VALIDACION_FISCAL""}"
892,576,ORDEN_CONFIRMADA,2025-02-28 13:45:41,"{""evento_id"": ""892"", ""tipo"": ""ORDEN_CONFIRMADA""}"
893,252,VALIDACION_FISCAL,2025-10-30 17:36:42,"{""evento_id"": ""893"", ""tipo"": ""VALIDACION_FISCAL""}"
894,504,ORDEN_CREADA,2025-12-23 04:37:30,"{""evento_id"": ""894"", ""tipo"": ""ORDEN_CREADA""}"
895,763,VALIDACION_FISCAL,2025-05-24 21:07:43,"{""evento_id"": ""895"", ""tipo"": ""VALIDACION_FISCAL""}"
896,784,ORDEN_CREADA,2025-10-19 01:08:52,"{""evento_id"": ""896"", ""tipo"": ""ORDEN_CREADA""}"
897,108,ORDEN_ENTREGADA,2025-11-04 03:48:21,"{""evento_id"": ""897"", ""tipo"": ""ORDEN_ENTREGADA""}"
898,416,ORDEN_CONFIRMADA,2025-11-02 11:27:41,"{""evento_id"": ""898"", ""tipo"": ""ORDEN_CONFIRMADA""}"
899,607,ORDEN_CREADA,2025-07-31 10:49:03,"{""evento_id"": ""899"", ""tipo"": ""ORDEN_CREADA""}"
900,738,ORDEN_CONFIRMADA,2025-08-06 23:45:36,"{""evento_id"": ""900"", ""tipo"": ""ORDEN_CONFIRMADA""}"
901,700,VALIDACION_FISCAL,2025-08-18 07:55:50,"{""evento_id"": ""901"", ""tipo"": ""VALIDACION_FISCAL""}"
902,741,SLOT_RESERVADO,2025-05-07 04:21:29,"{""evento_id"": ""902"", ""tipo"": ""SLOT_RESERVADO""}"
903,704,SLOT_RESERVADO,2025-06-23 07:52:16,"{""evento_id"": ""903"", ""tipo"": ""SLOT_RESERVADO""}"
904,296,SLOT_RESERVADO,2025-04-14 01:40:19,"{""evento_id"": ""904"", ""tipo"": ""SLOT_RESERVADO""}"
905,535,VALIDACION_FISCAL,2025-10-07 07:31:06,"{""evento_id"": ""905"", ""tipo"": ""VALIDACION_FISCAL""}"
906,488,ORDEN_CANCELADA,2025-09-26 04:30:52,"{""evento_id"": ""906"", ""tipo"": ""ORDEN_CANCELADA""}"
907,419,ORDEN_ENTREGADA,2025-10-31 15:52:35,"{""evento_id"": ""907"", ""tipo"": ""ORDEN_ENTREGADA""}"
908,602,ORDEN_CONFIRMADA,2025-05-07 14:04:21,"{""evento_id"": ""908"", ""tipo"": ""ORDEN_CONFIRMADA""}"
909,609,SLOT_RESERVADO,2025-05-29 22:31:07,"{""evento_id"": ""909"", ""tipo"": ""SLOT_RESERVADO""}"
910,246,ORDEN_CREADA,2025-10-18 06:04:02,"{""evento_id"": ""910"", ""tipo"": ""ORDEN_CREADA""}"
911,646,ORDEN_CREADA,2025-08-13 05:57:01,"{""evento_id"": ""911"", ""tipo"": ""ORDEN_CREADA""}"
912,631,ORDEN_CONFIRMADA,2025-01-15 20:29:33,"{""evento_id"": ""912"", ""tipo"": ""ORDEN_CONFIRMADA""}"
913,6,SLOT_RESERVADO,2025-01-14 14:36:34,"{""evento_id"": ""913"", ""tipo"": ""SLOT_RESERVADO""}"
914,530,VALIDACION_FISCAL,2025-03-29 08:56:39,"{""evento_id"": ""914"", ""tipo"": ""VALIDACION_FISCAL""}"
915,394,ORDEN_CANCELADA,2025-10-26 19:50:39,"{""evento_id"": ""915"", ""tipo"": ""ORDEN_CANCELADA""}"
916,982,ORDEN_CANCELADA,2025-01-28 05:44:41,"{""evento_id"": ""916"", ""tipo"": ""ORDEN_CANCELADA""}"
917,163,ORDEN_ENTREGADA,2025-02-25 09:55:31,"{""evento_id"": ""917"", ""tipo"": ""ORDEN_ENTREGADA""}"
918,85,ORDEN_CANCELADA,2025-07-02 20:35:45,"{""evento_id"": ""918"", ""tipo"": ""ORDEN_CANCELADA""}"
919,843,ORDEN_CANCELADA,2025-08-19 16:49:20,"{""evento_id"": ""919"", ""tipo"": ""ORDEN_CANCELADA""}"
920,287,ORDEN_ENTREGADA,2025-02-28 22:49:51,"{""evento_id"": ""920"", ""tipo"": ""ORDEN_ENTREGADA""}"
921,77,VALIDACION_FISCAL,2025-04-17 22:45:08,"{""evento_id"": ""921"", ""tipo"": ""VALIDACION_FISCAL""}"
922,522,VALIDACION_FISCAL,2025-11-11 11:35:42,"{""evento_id"": ""922"", ""tipo"": ""VALIDACION_FISCAL""}"
923,116,ORDEN_CONFIRMADA,2025-07-15 03:45:18,"{""evento_id"": ""923"", ""tipo"": ""ORDEN_CONFIRMADA""}"
924,865,VALIDACION_FISCAL,2025-06-30 18:11:57,"{""evento_id"": ""924"", ""tipo"": ""VALIDACION_FISCAL""}"
925,617,ORDEN_CANCELADA,2025-09-04 15:08:09,"{""evento_id"": ""925"", ""tipo"": ""ORDEN_CANCELADA""}"
926,724,VALIDACION_FISCAL,2025-10-03 16:11:56,"{""evento_id"": ""926"", ""tipo"": ""VALIDACION_FISCAL""}"
927,119,VALIDACION_FISCAL,2025-02-14 18:58:15,"{""evento_id"": ""927"", ""tipo"": ""VALIDACION_FISCAL""}"
928,255,ORDEN_CANCELADA,2025-04-04 00:36:23,"{""evento_id"": ""928"", ""tipo"": ""ORDEN_CANCELADA""}"
929,909,ORDEN_CONFIRMADA,2025-08-21 20:40:40,"{""evento_id"": ""929"", ""tipo"": ""ORDEN_CONFIRMADA""}"
930,370,ORDEN_CREADA,2025-12-20 18:54:50,"{""evento_id"": ""930"", ""tipo"": ""ORDEN_CREADA""}"
931,160,ORDEN_CREADA,2025-07-17 23:51:58,"{""evento_id"": ""931"", ""tipo"": ""ORDEN_CREADA""}"
932,631,ORDEN_ENTREGADA,2025-10-02 00:33:50,"{""evento_id"": ""932"", ""tipo"": ""ORDEN_ENTREGADA""}"
933,253,ORDEN_CANCELADA,2025-10-05 19:20:07,"{""evento_id"": ""933"", ""tipo"": ""ORDEN_CANCELADA""}"
934,490,ORDEN_CREADA,2025-04-20 07:17:03,"{""evento_id"": ""934"", ""tipo"": ""ORDEN_CREADA""}"
935,967,VALIDACION_FISCAL,2025-11-24 05:55:48,"{""evento_id"": ""935"", ""tipo"": ""VALIDACION_FISCAL""}"
936,925,SLOT_RESERVADO,2025-08-22 05:03:03,"{""evento_id"": ""936"", ""tipo"": ""SLOT_RESERVADO""}"
937,688,ORDEN_CREADA,2025-07-17 03:42:53,"{""evento_id"": ""937"", ""tipo"": ""ORDEN_CREADA""}"
938,594,ORDEN_CANCELADA,2025-07-26 21:56:33,"{""evento_id"": ""938"", ""tipo"": ""ORDEN_CANCELADA""}"
939,172,ORDEN_CANCELADA,2025-10-24 20:54:59,"{""evento_id"": ""939"", ""tipo"": ""ORDEN_CANCELADA""}"
940,408,SLOT_RESERVADO,2025-03-11 11:18:12,"{""evento_id"": ""940"", ""tipo"": ""SLOT_RESERVADO""}"
941,589,ORDEN_CANCELADA,2025-12-11 18:16:32,"{""evento_id"": ""941"", ""tipo"": ""ORDEN_CANCELADA""}"
942,529,ORDEN_ENTREGADA,2025-02-15 02:13:23,"{""evento_id"": ""942"", ""tipo"": ""ORDEN_ENTREGADA""}"
943,167,SLOT_RESERVADO,2025-10-21 06:54:13,"{""evento_id"": ""943"", ""tipo"": ""SLOT_RESERVADO""}"
944,695,ORDEN_CREADA,2025-10-30 22:59:09,"{""evento_id"": ""944"", ""tipo"": ""ORDEN_CREADA""}"
945,145,SLOT_RESERVADO,2025-12-16 22:42:35,"{""evento_id"": ""945"", ""tipo"": ""SLOT_RESERVADO""}"
946,414,ORDEN_ENTREGADA,2025-01-10 03:04:32,"{""evento_id"": ""946"", ""tipo"": ""ORDEN_ENTREGADA""}"
947,476,ORDEN_ENTREGADA,2025-08-24 09:04:46,"{""evento_id"": ""947"", ""tipo"": ""ORDEN_ENTREGADA""}"
948,116,VALIDACION_FISCAL,2025-06-20 22:59:30,"{""evento_id"": ""948"", ""tipo"": ""VALIDACION_FISCAL""}"
949,206,ORDEN_ENTREGADA,2025-09-17 07:55:55,"{""evento_id"": ""949"", ""tipo"": ""ORDEN_ENTREGADA""}"
950,574,ORDEN_CANCELADA,2025-04-27 05:42:23,"{""evento_id"": ""950"", ""tipo"": ""ORDEN_CANCELADA""}"
951,130,SLOT_RESERVADO,2025-02-26 03:57:50,"{""evento_id"": ""951"", ""tipo"": ""SLOT_RESERVADO""}"
952,345,ORDEN_CREADA,2025-12-25 04:34:41,"{""evento_id"": ""952"", ""tipo"": ""ORDEN_CREADA""}"
953,19,ORDEN_CREADA,2025-07-20 06:52:42,"{""evento_id"": ""953"", ""tipo"": ""ORDEN_CREADA""}"
954,978,ORDEN_CREADA,2025-04-10 20:20:39,"{""evento_id"": ""954"", ""tipo"": ""ORDEN_CREADA""}"
955,20,SLOT_RESERVADO,2025-09-04 14:21:20,"{""evento_id"": ""955"", ""tipo"": ""SLOT_RESERVADO""}"
956,648,ORDEN_CREADA,2025-12-17 22:28:22,"{""evento_id"": ""956"", ""tipo"": ""ORDEN_CREADA""}"
957,375,ORDEN_CREADA,2025-04-25 00:10:56,"{""evento_id"": ""957"", ""tipo"": ""ORDEN_CREADA""}"
958,434,ORDEN_ENTREGADA,2025-08-13 02:53:59,"{""evento_id"": ""958"", ""tipo"": ""ORDEN_ENTREGADA""}"
959,94,ORDEN_CONFIRMADA,2025-03-29 15:59:31,"{""evento_id"": ""959"", ""tipo"": ""ORDEN_CONFIRMADA""}"
960,503,ORDEN_CREADA,2025-06-07 00:39:35,"{""evento_id"": ""960"", ""tipo"": ""ORDEN_CREADA""}"
961,417,VALIDACION_FISCAL,2025-09-28 07:49:29,"{""evento_id"": ""961"", ""tipo"": ""VALIDACION_FISCAL""}"
962,848,ORDEN_CANCELADA,2025-07-17 17:11:13,"{""evento_id"": ""962"", ""tipo"": ""ORDEN_CANCELADA""}"
963,744,ORDEN_CONFIRMADA,2025-12-02 19:04:31,"{""evento_id"": ""963"", ""tipo"": ""ORDEN_CONFIRMADA""}"
964,330,VALIDACION_FISCAL,2025-06-24 10:22:40,"{""evento_id"": ""964"", ""tipo"": ""VALIDACION_FISCAL""}"
965,642,ORDEN_ENTREGADA,2025-02-20 01:14:07,"{""evento_id"": ""965"", ""tipo"": ""ORDEN_ENTREGADA""}"
966,526,ORDEN_CREADA,2025-04-15 02:22:55,"{""evento_id"": ""966"", ""tipo"": ""ORDEN_CREADA""}"
967,875,ORDEN_CREADA,2025-10-22 13:28:51,"{""evento_id"": ""967"", ""tipo"": ""ORDEN_CREADA""}"
968,587,ORDEN_CANCELADA,2025-08-02 18:14:40,"{""evento_id"": ""968"", ""tipo"": ""ORDEN_CANCELADA""}"
969,753,ORDEN_CONFIRMADA,2025-11-21 14:56:18,"{""evento_id"": ""969"", ""tipo"": ""ORDEN_CONFIRMADA""}"
970,720,SLOT_RESERVADO,2025-08-22 02:03:54,"{""evento_id"": ""970"", ""tipo"": ""SLOT_RESERVADO""}"
971,315,SLOT_RESERVADO,2025-04-28 18:43:30,"{""evento_id"": ""971"", ""tipo"": ""SLOT_RESERVADO""}"
972,875,SLOT_RESERVADO,2025-05-08 04:05:36,"{""evento_id"": ""972"", ""tipo"": ""SLOT_RESERVADO""}"
973,953,ORDEN_ENTREGADA,2025-09-29 04:25:29,"{""evento_id"": ""973"", ""tipo"": ""ORDEN_ENTREGADA""}"
974,793,VALIDACION_FISCAL,2025-07-14 03:08:15,"{""evento_id"": ""974"", ""tipo"": ""VALIDACION_FISCAL""}"
975,730,SLOT_RESERVADO,2025-08-02 00:27:18,"{""evento_id"": ""975"", ""tipo"": ""SLOT_RESERVADO""}"
976,541,ORDEN_CANCELADA,2025-08-10 21:27:13,"{""evento_id"": ""976"", ""tipo"": ""ORDEN_CANCELADA""}"
977,387,ORDEN_CONFIRMADA,2025-09-26 11:44:38,"{""evento_id"": ""977"", ""tipo"": ""ORDEN_CONFIRMADA""}"
978,159,VALIDACION_FISCAL,2025-03-30 17:06:04,"{""evento_id"": ""978"", ""tipo"": ""VALIDACION_FISCAL""}"
979,211,VALIDACION_FISCAL,2025-09-23 07:56:18,"{""evento_id"": ""979"", ""tipo"": ""VALIDACION_FISCAL""}"
980,100,ORDEN_CREADA,2025-07-05 07:33:38,"{""evento_id"": ""980"", ""tipo"": ""ORDEN_CREADA""}"
981,29,ORDEN_ENTREGADA,2025-12-09 12:01:20,"{""evento_id"": ""981"", ""tipo"": ""ORDEN_ENTREGADA""}"
982,271,ORDEN_CANCELADA,2025-07-21 19:25:25,"{""evento_id"": ""982"", ""tipo"": ""ORDEN_CANCELADA""}"
983,936,ORDEN_ENTREGADA,2025-07-23 05:35:01,"{""evento_id"": ""983"", ""tipo"": ""ORDEN_ENTREGADA""}"
984,670,ORDEN_ENTREGADA,2025-06-20 07:12:51,"{""evento_id"": ""984"", ""tipo"": ""ORDEN_ENTREGADA""}"
985,815,ORDEN_ENTREGADA,2025-02-18 20:41:12,"{""evento_id"": ""985"", ""tipo"": ""ORDEN_ENTREGADA""}"
986,74,ORDEN_CREADA,2025-04-09 23:42:03,"{""evento_id"": ""986"", ""tipo"": ""ORDEN_CREADA""}"
987,239,ORDEN_ENTREGADA,2025-12-13 04:02:37,"{""evento_id"": ""987"", ""tipo"": ""ORDEN_ENTREGADA""}"
988,720,ORDEN_ENTREGADA,2025-01-06 02:23:45,"{""evento_id"": ""988"", ""tipo"": ""ORDEN_ENTREGADA""}"
989,501,ORDEN_CONFIRMADA,2025-12-03 21:53:21,"{""evento_id"": ""989"", ""tipo"": ""ORDEN_CONFIRMADA""}"
990,973,ORDEN_ENTREGADA,2025-05-19 15:13:53,"{""evento_id"": ""990"", ""tipo"": ""ORDEN_ENTREGADA""}"
991,338,ORDEN_ENTREGADA,2025-02-09 09:16:06,"{""evento_id"": ""991"", ""tipo"": ""ORDEN_ENTREGADA""}"
992,15,ORDEN_CANCELADA,2025-12-07 02:19:50,"{""evento_id"": ""992"", ""tipo"": ""ORDEN_CANCELADA""}"
993,63,ORDEN_CREADA,2025-07-10 18:34:17,"{""evento_id"": ""993"", ""tipo"": ""ORDEN_CREADA""}"
994,716,ORDEN_CANCELADA,2025-01-25 07:01:04,"{""evento_id"": ""994"", ""tipo"": ""ORDEN_CANCELADA""}"
995,258,VALIDACION_FISCAL,2025-04-10 14:50:10,"{""evento_id"": ""995"", ""tipo"": ""VALIDACION_FISCAL""}"
996,823,SLOT_RESERVADO,2025-03-19 17:54:43,"{""evento_id"": ""996"", ""tipo"": ""SLOT_RESERVADO""}"
997,984,ORDEN_CANCELADA,2025-05-14 17:02:55,"{""evento_id"": ""997"", ""tipo"": ""ORDEN_CANCELADA""}"
998,797,SLOT_RESERVADO,2025-09-10 05:52:17,"{""evento_id"": ""998"", ""tipo"": ""SLOT_RESERVADO""}"
999,73,ORDEN_ENTREGADA,2025-11-17 05:02:49,"{""evento_id"": ""999"", ""tipo"": ""ORDEN_ENTREGADA""}"
1000,889,ORDEN_CREADA,2025-10-02 02:58:41,"{""evento_id"": ""1000"", ""tipo"": ""ORDEN_CREADA""}"
