id,orden_id,numero_linea,sku_id,cantidad,precio_unitario,cantidad_recibida,fecha_recepcion
1,1,1,2,28,229965.19,12,
2,1,2,30,22,483317.67,16,
3,1,3,13,89,268488.04,55,
4,1,4,5,51,445801.45,25,
5,1,5,38,8,447689.12,2,
6,2,1,37,6,186801.58,1,
7,2,2,49,58,485186.45,32,
8,2,3,3,72,445856.16,55,
9,2,4,18,89,125210.38,53,
10,2,5,42,84,412578.23,47,
11,3,1,27,84,313388.6,67,
12,3,2,26,41,124350.44,16,
13,3,3,40,34,445475.87,11,
14,3,4,13,65,184423.3,11,
15,3,5,8,64,302456.56,53,
16,4,1,12,22,111294.64,20,
17,4,2,47,15,148348.97,3,
18,4,3,39,54,118451.79,41,
19,4,4,6,28,135997.55,19,
20,4,5,19,46,80106.24,25,
21,5,1,49,81,304448.13,72,
22,5,2,37,58,276928.26,35,
23,5,3,49,82,104029.51,11,
24,5,4,31,46,137262.85,43,
25,5,5,44,43,375761.07,19,
26,6,1,2,4,133819.89,0,
27,6,2,43,22,146509.69,3,
28,6,3,13,22,23154.64,1,
29,6,4,40,88,75615.05,47,
30,6,5,45,89,146960.13,83,
31,7,1,27,91,244403.44,19,
32,7,2,33,99,105714.28,61,
33,7,3,33,3,200628.63,0,
34,7,4,13,58,468308.64,6,
35,7,5,21,35,430862.17,0,
36,8,1,46,17,232129.07,0,
37,8,2,35,62,270484.03,50,
38,8,3,12,63,145627.78,46,
39,8,4,2,88,127567.6,80,
40,8,5,29,56,291106.46,9,
41,9,1,30,30,132699.78,12,
42,9,2,39,13,470581.93,0,
43,9,3,27,1,54509.13,0,
44,9,4,9,13,474938.27,3,
45,9,5,18,40,26771.52,35,
46,10,1,37,58,104407.77,40,
47,10,2,5,82,170001.08,74,
48,10,3,4,33,10013.11,13,
49,10,4,2,34,327605.86,26,
50,10,5,25,77,265138.98,7,
51,11,1,31,45,442653.02,41,
52,11,2,5,64,171822.37,6,
53,11,3,19,55,217172.18,18,
54,11,4,36,37,272595.38,35,
55,11,5,48,39,464481.97,7,
56,12,1,22,73,426263.21,64,
57,12,2,30,73,208747.5,61,
58,12,3,49,46,303901.38,30,
59,12,4,5,64,173251.67,43,
60,12,5,40,59,233096.32,12,
61,13,1,2,63,315868.92,25,
62,13,2,20,65,188004.67,52,
63,13,3,25,40,202064.89,12,
64,13,4,23,76,252909.84,69,
65,13,5,18,71,4270.56,48,
66,14,1,35,45,46451.0,27,
67,14,2,6,47,369324.76,43,
68,14,3,20,2,124982.86,0,
69,14,4,22,35,50386.73,33,
70,14,5,12,56,141771.68,41,
71,15,1,21,30,241684.67,12,
72,15,2,25,40,52680.18,35,
73,15,3,39,43,67304.23,27,
74,15,4,50,12,14729.98,12,
75,15,5,42,63,94337.69,51,
76,16,1,48,55,182247.67,54,
77,16,2,22,76,382525.12,30,
78,16,3,16,64,297148.94,5,
79,16,4,48,75,96530.3,37,
80,16,5,3,73,311984.36,33,
81,17,1,37,100,78062.6,77,
82,17,2,10,94,25732.78,72,
83,17,3,10,95,459581.25,30,
84,17,4,28,12,366292.77,8,
85,17,5,45,10,193929.3,7,
86,18,1,4,31,446709.07,31,
87,18,2,1,33,47155.9,12,
88,18,3,37,4,280729.01,4,
89,18,4,33,18,9508.93,3,
90,18,5,39,63,469102.45,19,
91,19,1,39,64,262926.11,13,
92,19,2,12,81,469167.48,71,
93,19,3,35,34,438172.29,11,
94,19,4,16,49,239875.46,9,
95,19,5,40,72,35296.08,64,
96,20,1,36,61,476684.86,49,
97,20,2,45,23,462314.7,10,
98,20,3,25,53,8135.01,18,
99,20,4,40,61,102447.03,32,
100,20,5,50,72,70060.75,68,
101,21,1,3,19,451238.82,8,
102,21,2,6,79,438153.46,62,
103,21,3,3,54,253226.81,0,
104,21,4,1,2,116866.57,0,
105,21,5,10,68,261273.69,38,
106,22,1,49,86,368411.66,66,
107,22,2,35,40,108641.52,0,
108,22,3,36,30,149633.16,10,
109,22,4,9,19,148776.99,6,
110,22,5,35,84,238417.1,79,
111,23,1,29,98,351241.06,4,
112,23,2,30,53,480304.68,33,
113,23,3,22,50,174924.4,18,
114,23,4,26,5,354805.95,5,
115,23,5,15,88,184540.07,40,
116,24,1,11,4,177886.77,0,
117,24,2,9,26,325535.97,26,
118,24,3,50,100,466486.19,22,
119,24,4,50,92,62990.54,11,
120,24,5,15,36,443044.98,2,
121,25,1,37,25,183715.76,14,
122,25,2,29,64,7106.82,25,
123,25,3,36,23,478926.71,22,
124,25,4,42,73,27367.54,53,
125,25,5,40,86,10218.64,86,
126,26,1,27,12,388947.88,8,
127,26,2,45,7,86307.97,2,
128,26,3,19,15,113565.28,11,
129,26,4,14,29,435423.76,21,
130,26,5,5,100,353467.07,47,
131,27,1,43,32,337748.51,14,
132,27,2,29,10,118194.98,8,
133,27,3,16,3,211206.73,1,
134,27,4,11,25,277270.86,1,
135,27,5,31,52,435514.57,8,
136,28,1,43,65,334546.09,16,
137,28,2,31,42,207190.91,26,
138,28,3,42,33,299724.44,14,
139,28,4,48,42,61217.71,33,
140,28,5,47,80,173850.0,38,
141,29,1,39,64,282129.05,43,
142,29,2,28,18,292348.95,11,
143,29,3,28,69,468130.94,52,
144,29,4,48,89,211739.85,3,
145,29,5,34,67,84665.31,42,
146,30,1,13,37,454310.5,31,
147,30,2,24,86,58806.3,2,
148,30,3,24,82,462747.65,16,
149,30,4,20,89,134774.55,7,
150,30,5,34,38,184717.92,7,
151,31,1,19,38,442038.82,15,
152,31,2,34,37,227779.75,2,
153,31,3,27,100,250241.0,11,
154,31,4,2,20,375776.83,18,
155,31,5,27,30,289564.57,6,
156,32,1,16,72,337396.76,1,
157,32,2,33,38,373144.34,31,
158,32,3,17,7,257421.84,1,
159,32,4,34,29,458784.0,27,
160,32,5,44,30,183792.22,4,
161,33,1,16,29,398615.63,11,
162,33,2,49,40,321658.54,16,
163,33,3,2,10,27613.67,1,
164,33,4,14,15,417346.71,13,
165,33,5,11,64,491735.06,15,
166,34,1,4,85,106954.69,36,
167,34,2,5,11,455290.37,4,
168,34,3,34,36,428604.65,13,
169,34,4,42,45,53220.83,13,
170,34,5,12,9,420472.83,9,
171,35,1,8,60,215164.94,37,
172,35,2,29,22,366250.57,4,
173,35,3,39,91,340079.73,81,
174,35,4,28,85,225938.85,0,
175,35,5,28,16,2593.87,3,
176,36,1,40,6,396541.78,4,
177,36,2,22,86,31727.69,67,
178,36,3,3,48,24305.31,25,
179,36,4,19,25,289870.66,3,
180,36,5,38,6,415521.12,6,
181,37,1,19,16,42570.91,10,
182,37,2,44,85,287612.29,11,
183,37,3,23,73,143673.85,13,
184,37,4,36,7,117309.77,1,
185,37,5,31,2,412357.85,2,
186,38,1,29,31,293641.05,27,
187,38,2,24,74,90334.67,42,
188,38,3,3,6,76234.36,5,
189,38,4,25,64,371713.82,18,
190,38,5,27,100,213772.92,37,
191,39,1,33,91,278454.76,31,
192,39,2,22,21,317284.33,10,
193,39,3,20,23,193045.45,9,
194,39,4,30,52,355495.95,20,
195,39,5,46,37,405914.52,37,
196,40,1,17,75,340262.3,0,
197,40,2,38,23,484991.9,4,
198,40,3,35,69,298339.71,60,
199,40,4,35,14,256271.02,3,
200,40,5,38,17,99574.21,5,
201,41,1,19,60,59081.48,21,
202,41,2,6,37,420303.93,27,
203,41,3,5,82,364515.51,26,
204,41,4,45,90,294273.18,62,
205,41,5,44,70,474922.32,23,
206,42,1,30,41,119607.49,20,
207,42,2,2,78,34199.39,38,
208,42,3,31,87,25253.19,82,
209,42,4,14,82,243257.61,46,
210,42,5,35,95,337028.24,7,
211,43,1,19,50,420791.04,30,
212,43,2,19,80,278977.26,62,
213,43,3,18,100,245412.66,40,
214,43,4,21,77,427091.33,61,
215,43,5,35,75,452003.73,64,
216,44,1,33,81,254274.58,44,
217,44,2,13,47,447291.72,7,
218,44,3,22,25,249766.59,9,
219,44,4,41,69,367390.62,54,
220,44,5,13,35,132959.37,3,
221,45,1,24,76,253097.46,51,
222,45,2,19,87,169473.82,46,
223,45,3,20,98,255032.49,98,
224,45,4,20,72,364341.08,34,
225,45,5,35,6,130203.53,0,
226,46,1,36,66,171908.48,13,
227,46,2,13,67,322200.66,40,
228,46,3,28,60,83928.95,6,
229,46,4,4,68,165301.46,55,
230,46,5,19,56,269626.73,0,
231,47,1,45,38,102387.81,9,
232,47,2,28,51,486580.2,30,
233,47,3,2,87,337612.52,49,
234,47,4,19,97,142693.28,12,
235,47,5,48,65,82446.56,0,
236,48,1,27,12,465480.98,1,
237,48,2,40,23,77287.59,10,
238,48,3,32,25,158031.87,10,
239,48,4,8,43,256278.65,17,
240,48,5,41,27,480166.32,1,
241,49,1,33,84,263735.45,67,
242,49,2,44,22,169780.87,7,
243,49,3,47,59,466144.91,17,
244,49,4,18,21,179622.16,4,
245,49,5,2,11,237712.22,11,
246,50,1,7,89,28223.86,72,
247,50,2,48,65,313568.96,49,
248,50,3,35,98,379549.61,88,
249,50,4,29,16,81273.13,8,
250,50,5,36,31,496646.18,29,
251,51,1,27,60,124714.91,26,
252,51,2,22,28,235172.0,5,
253,51,3,43,100,156150.2,61,
254,51,4,24,51,362246.47,39,
255,51,5,18,61,298115.56,28,
256,52,1,47,47,169828.42,24,
257,52,2,29,20,407582.05,13,
258,52,3,50,86,18226.3,31,
259,52,4,8,7,248790.85,0,
260,52,5,9,40,333174.53,26,
261,53,1,3,85,200713.61,36,
262,53,2,4,14,318927.88,11,
263,53,3,16,31,303600.31,16,
264,53,4,45,6,357029.95,6,
265,53,5,33,9,44324.49,3,
266,54,1,14,10,171107.09,0,
267,54,2,29,30,441385.28,12,
268,54,3,11,98,440342.64,1,
269,54,4,29,14,330213.39,3,
270,54,5,2,62,372851.09,26,
271,55,1,44,76,192355.11,65,
272,55,2,40,84,319708.95,75,
273,55,3,39,24,40827.68,18,
274,55,4,41,79,472851.65,62,
275,55,5,23,65,334394.14,11,
276,56,1,30,23,97013.22,11,
277,56,2,16,69,316659.33,32,
278,56,3,15,17,68592.61,8,
279,56,4,48,27,41085.44,3,
280,56,5,41,17,208928.53,17,
281,57,1,11,48,373931.26,48,
282,57,2,38,29,222921.78,16,
283,57,3,3,10,177065.5,10,
284,57,4,20,81,435720.24,68,
285,57,5,44,52,354466.06,43,
286,58,1,33,95,81208.19,74,
287,58,2,42,16,3485.01,1,
288,58,3,17,36,185780.5,18,
289,58,4,11,100,96715.13,0,
290,58,5,18,87,194542.29,46,
291,59,1,26,23,26570.34,23,
292,59,2,5,5,193391.9,1,
293,59,3,48,40,373735.77,34,
294,59,4,42,13,387326.51,12,
295,59,5,39,20,261897.23,7,
296,60,1,32,26,378542.2,25,
297,60,2,43,73,170709.89,67,
298,60,3,9,36,466876.37,20,
299,60,4,23,95,128660.4,45,
300,60,5,23,65,249477.19,61,
301,61,1,9,79,178621.67,73,
302,61,2,50,55,232543.52,40,
303,61,3,22,67,464894.76,27,
304,61,4,28,41,132571.45,14,
305,61,5,27,31,388291.82,20,
306,62,1,45,46,393666.92,26,
307,62,2,44,26,25559.21,18,
308,62,3,47,34,9227.44,5,
309,62,4,3,1,253173.5,1,
310,62,5,38,17,125602.29,11,
311,63,1,23,35,153059.18,13,
312,63,2,29,89,435644.05,9,
313,63,3,29,69,24755.04,40,
314,63,4,29,27,114538.97,25,
315,63,5,46,73,345848.59,21,
316,64,1,33,86,35745.29,32,
317,64,2,27,87,387192.55,43,
318,64,3,23,17,293048.65,0,
319,64,4,6,6,150153.28,6,
320,64,5,37,64,287020.73,24,
321,65,1,10,45,486396.31,38,
322,65,2,14,91,355186.15,78,
323,65,3,43,98,95105.25,7,
324,65,4,37,100,129736.52,72,
325,65,5,21,41,146757.67,11,
326,66,1,44,78,375469.97,75,
327,66,2,2,25,71143.63,3,
328,66,3,13,3,138675.35,2,
329,66,4,30,26,492093.83,1,
330,66,5,17,29,91972.14,27,
331,67,1,17,43,477579.19,13,
332,67,2,38,97,414656.77,26,
333,67,3,42,4,478471.99,4,
334,67,4,35,27,405639.12,7,
335,67,5,35,80,38972.25,79,
336,68,1,47,58,162815.87,7,
337,68,2,30,43,419630.46,10,
338,68,3,5,44,445068.09,6,
339,68,4,28,1,194624.09,1,
340,68,5,28,69,499424.71,42,
341,69,1,10,42,468092.37,17,
342,69,2,4,11,309465.95,5,
343,69,3,36,16,61729.24,11,
344,69,4,13,89,139003.21,50,
345,69,5,49,19,168442.21,1,
346,70,1,45,4,136838.65,3,
347,70,2,17,62,97260.92,13,
348,70,3,42,59,298590.86,12,
349,70,4,23,67,19927.71,22,
350,70,5,23,28,467013.14,5,
351,71,1,27,61,494209.19,41,
352,71,2,18,64,412105.95,35,
353,71,3,47,83,166147.55,62,
354,71,4,31,23,91285.05,15,
355,71,5,45,67,10206.29,55,
356,72,1,12,73,258588.93,58,
357,72,2,3,44,197850.87,25,
358,72,3,5,70,492941.92,42,
359,72,4,48,22,80042.77,22,
360,72,5,14,2,279889.32,1,
361,73,1,18,7,47801.67,3,
362,73,2,26,83,179263.9,48,
363,73,3,32,85,31189.02,13,
364,73,4,1,75,76469.1,67,
365,73,5,36,70,147959.9,68,
366,74,1,13,7,312133.12,7,
367,74,2,21,51,48783.02,10,
368,74,3,3,47,443039.57,12,
369,74,4,47,49,418103.28,1,
370,74,5,1,12,77683.07,6,
371,75,1,45,86,149219.44,35,
372,75,2,48,13,251277.84,12,
373,75,3,9,32,13312.52,12,
374,75,4,43,38,307225.04,19,
375,75,5,13,19,104768.79,2,
376,76,1,16,31,291563.2,9,
377,76,2,2,38,209752.6,32,
378,76,3,41,7,434255.07,4,
379,76,4,50,68,445530.94,42,
380,76,5,31,99,39052.69,57,
381,77,1,44,92,77543.1,56,
382,77,2,46,90,289043.44,41,
383,77,3,47,19,93149.86,5,
384,77,4,18,70,417251.0,47,
385,77,5,16,64,268148.32,45,
386,78,1,18,30,469568.48,29,
387,78,2,50,99,272005.46,74,
388,78,3,46,24,106575.31,22,
389,78,4,43,54,477869.87,24,
390,78,5,7,74,204898.1,18,
391,79,1,37,100,81981.27,17,
392,79,2,33,99,456261.65,39,
393,79,3,31,6,217688.57,6,
394,79,4,7,2,467503.35,2,
395,79,5,47,56,142999.16,50,
396,80,1,46,71,255742.73,1,
397,80,2,36,76,337457.89,27,
398,80,3,40,54,289391.65,36,
399,80,4,45,63,255531.67,51,
400,80,5,31,92,177751.32,65,
401,81,1,39,72,33342.81,8,
402,81,2,43,59,395664.23,0,
403,81,3,2,92,244248.6,91,
404,81,4,31,68,314073.42,48,
405,81,5,40,27,16500.7,9,
406,82,1,47,100,108408.37,44,
407,82,2,3,75,471612.35,7,
408,82,3,50,94,256515.55,73,
409,82,4,18,63,271048.13,63,
410,82,5,28,49,247557.72,18,
411,83,1,17,36,51430.93,33,
412,83,2,15,77,332614.01,33,
413,83,3,10,69,254706.7,33,
414,83,4,45,26,44762.14,8,
415,83,5,47,35,180977.35,0,
416,84,1,1,54,480743.21,22,
417,84,2,10,71,80878.4,5,
418,84,3,46,100,249139.36,100,
419,84,4,43,7,336832.43,6,
420,84,5,38,14,288333.3,3,
421,85,1,40,11,329950.5,1,
422,85,2,35,71,339522.97,49,
423,85,3,30,85,28668.32,83,
424,85,4,19,20,15045.4,20,
425,85,5,3,41,191523.68,21,
426,86,1,39,79,163977.84,47,
427,86,2,45,85,101286.44,3,
428,86,3,24,7,275205.96,1,
429,86,4,2,28,488391.98,26,
430,86,5,9,98,182008.58,96,
431,87,1,27,62,389390.28,7,
432,87,2,20,92,328984.73,18,
433,87,3,41,10,150454.64,4,
434,87,4,42,48,381818.42,40,
435,87,5,17,62,46676.91,33,
436,88,1,4,1,72366.72,1,
437,88,2,28,18,163544.7,2,
438,88,3,20,29,353909.61,22,
439,88,4,27,26,186496.66,5,
440,88,5,34,94,296271.27,94,
441,89,1,28,14,77221.77,1,
442,89,2,36,96,29984.89,35,
443,89,3,46,27,306232.38,15,
444,89,4,38,55,495327.52,3,
445,89,5,16,24,234702.92,11,
446,90,1,22,85,78873.68,18,
447,90,2,3,32,355245.71,17,
448,90,3,35,77,104030.64,63,
449,90,4,20,31,154988.63,2,
450,90,5,37,74,373370.89,1,
451,91,1,45,46,413556.66,13,
452,91,2,50,9,381230.44,8,
453,91,3,43,12,344097.05,8,
454,91,4,45,67,19361.36,33,
455,91,5,30,37,6874.64,23,
456,92,1,25,90,75958.47,20,
457,92,2,38,52,45192.22,8,
458,92,3,30,90,490435.88,10,
459,92,4,6,97,222263.11,7,
460,92,5,40,65,84480.18,19,
461,93,1,36,9,480792.22,7,
462,93,2,28,66,264397.63,65,
463,93,3,9,16,498126.39,0,
464,93,4,15,92,295365.73,37,
465,93,5,47,60,62154.34,16,
466,94,1,37,9,172208.44,9,
467,94,2,26,7,38885.01,0,
468,94,3,28,56,128832.84,9,
469,94,4,5,31,451363.12,31,
470,94,5,40,98,316191.18,52,
471,95,1,13,2,57152.65,0,
472,95,2,39,56,425814.01,36,
473,95,3,19,22,30321.58,4,
474,95,4,27,68,447044.1,34,
475,95,5,45,23,155622.51,15,
476,96,1,10,44,5489.39,14,
477,96,2,6,75,58059.79,11,
478,96,3,31,30,364028.19,2,
479,96,4,14,21,412200.01,6,
480,96,5,43,52,382842.89,18,
481,97,1,50,25,108238.45,6,
482,97,2,14,2,434135.42,2,
483,97,3,9,90,203809.71,59,
484,97,4,26,70,406917.78,60,
485,97,5,25,57,102031.7,57,
486,98,1,18,25,494014.87,15,
487,98,2,49,9,348651.54,6,
488,98,3,29,99,133354.0,53,
489,98,4,6,19,311356.56,15,
490,98,5,14,58,411161.77,36,
491,99,1,7,100,181390.29,45,
492,99,2,42,67,295467.75,52,
493,99,3,45,47,123136.34,8,
494,99,4,3,91,74695.35,57,
495,99,5,8,37,360132.25,8,
496,100,1,42,80,129067.74,65,
497,100,2,42,55,167829.94,41,
498,100,3,40,24,467719.81,11,
499,100,4,18,80,384517.6,22,
500,100,5,29,36,44251.33,32,
501,101,1,34,81,338046.82,69,
502,101,2,37,80,25179.26,27,
503,101,3,8,43,257678.9,12,
504,101,4,14,52,400363.58,23,
505,101,5,19,40,493627.32,21,
506,102,1,18,91,69.16,7,
507,102,2,20,22,209182.71,5,
508,102,3,29,47,120561.66,27,
509,102,4,6,35,137011.15,23,
510,102,5,38,81,195001.17,75,
511,103,1,41,85,200775.4,61,
512,103,2,7,50,75221.59,46,
513,103,3,8,18,4040.37,18,
514,103,4,23,2,372126.85,1,
515,103,5,17,53,275423.62,15,
516,104,1,9,36,226256.01,22,
517,104,2,2,54,495641.93,28,
518,104,3,14,99,51648.28,7,
519,104,4,7,97,325279.63,64,
520,104,5,32,90,245061.06,8,
521,105,1,2,99,324840.08,6,
522,105,2,31,90,449434.43,6,
523,105,3,50,95,378085.39,32,
524,105,4,47,13,226155.17,0,
525,105,5,21,31,459826.03,15,
526,106,1,44,79,371942.13,51,
527,106,2,10,67,135231.36,36,
528,106,3,6,30,339639.53,8,
529,106,4,24,44,182902.37,32,
530,106,5,43,2,442927.32,1,
531,107,1,22,71,2397.99,30,
532,107,2,4,30,95255.45,11,
533,107,3,32,100,270809.97,94,
534,107,4,37,87,417327.96,64,
535,107,5,8,31,315919.87,10,
536,108,1,21,70,369452.61,36,
537,108,2,34,61,301566.5,35,
538,108,3,28,80,499380.2,59,
539,108,4,7,91,347921.39,78,
540,108,5,43,19,452757.18,12,
541,109,1,32,85,223943.32,30,
542,109,2,25,93,256946.26,45,
543,109,3,5,41,335218.64,39,
544,109,4,12,14,173719.38,13,
545,109,5,49,54,147843.78,5,
546,110,1,48,55,114578.34,18,
547,110,2,16,56,286362.0,39,
548,110,3,30,16,150605.15,7,
549,110,4,19,93,407775.3,12,
550,110,5,46,5,210030.57,3,
551,111,1,34,75,199762.8,39,
552,111,2,28,54,350653.06,19,
553,111,3,16,81,468042.04,37,
554,111,4,37,26,173537.72,8,
555,111,5,18,87,211200.15,12,
556,112,1,36,2,27415.57,2,
557,112,2,7,45,193013.28,23,
558,112,3,18,48,263623.66,34,
559,112,4,16,97,337032.23,81,
560,112,5,41,23,438701.52,21,
561,113,1,35,62,49595.38,62,
562,113,2,23,22,339994.08,18,
563,113,3,35,99,157135.61,49,
564,113,4,48,42,273337.11,17,
565,113,5,36,99,253736.87,65,
566,114,1,7,15,149141.77,2,
567,114,2,41,30,221398.94,19,
568,114,3,5,95,105803.25,95,
569,114,4,1,56,133949.65,41,
570,114,5,31,81,320419.04,35,
571,115,1,15,86,234071.13,21,
572,115,2,15,81,279132.69,55,
573,115,3,45,84,193779.03,62,
574,115,4,35,37,416137.5,22,
575,115,5,39,36,391973.17,4,
576,116,1,36,98,227718.65,8,
577,116,2,10,39,321384.27,34,
578,116,3,41,46,120347.75,22,
579,116,4,10,84,283891.42,80,
580,116,5,8,76,287923.59,76,
581,117,1,32,97,419544.23,73,
582,117,2,38,26,120532.63,6,
583,117,3,8,62,153740.95,41,
584,117,4,38,81,475703.3,73,
585,117,5,26,69,160786.09,52,
586,118,1,5,53,432710.36,30,
587,118,2,37,59,424653.15,50,
588,118,3,13,87,462840.9,80,
589,118,4,29,92,137231.37,56,
590,118,5,33,51,393804.77,1,
591,119,1,47,13,358740.16,13,
592,119,2,41,57,103896.56,37,
593,119,3,38,76,37721.27,0,
594,119,4,50,54,170172.57,5,
595,119,5,27,43,369732.73,42,
596,120,1,18,62,323624.78,55,
597,120,2,43,7,436696.18,4,
598,120,3,31,54,282051.65,22,
599,120,4,29,31,234269.86,17,
600,120,5,25,25,37222.45,8,
601,121,1,43,41,255173.38,23,
602,121,2,8,74,383283.88,52,
603,121,3,31,90,327568.76,15,
604,121,4,41,90,409086.34,18,
605,121,5,17,96,18078.36,7,
606,122,1,39,16,227992.52,2,
607,122,2,28,99,253658.16,20,
608,122,3,32,72,7730.22,5,
609,122,4,23,33,441205.51,2,
610,122,5,26,70,302049.6,40,
611,123,1,24,21,480587.4,14,
612,123,2,23,58,73097.49,40,
613,123,3,47,42,352284.11,18,
614,123,4,23,41,30617.45,6,
615,123,5,4,77,355447.09,9,
616,124,1,1,2,188549.03,1,
617,124,2,47,50,41447.97,43,
618,124,3,40,68,3408.66,20,
619,124,4,37,21,99846.32,11,
620,124,5,20,100,316446.82,39,
621,125,1,27,94,459867.83,6,
622,125,2,14,92,191155.24,63,
623,125,3,46,37,288631.76,36,
624,125,4,44,76,309761.8,32,
625,125,5,50,45,58002.09,7,
626,126,1,9,96,306801.73,78,
627,126,2,38,63,316678.07,20,
628,126,3,24,21,169197.17,3,
629,126,4,44,58,78186.17,43,
630,126,5,25,54,419258.66,31,
631,127,1,9,35,472252.51,20,
632,127,2,42,58,366476.47,55,
633,127,3,10,26,342967.07,22,
634,127,4,11,3,152549.31,3,
635,127,5,15,55,453475.28,2,
636,128,1,33,20,63215.68,13,
637,128,2,45,82,22698.2,45,
638,128,3,22,92,378472.15,77,
639,128,4,5,6,191500.95,6,
640,128,5,48,59,309890.25,22,
641,129,1,17,49,107540.88,0,
642,129,2,19,92,322677.89,39,
643,129,3,12,1,191379.79,1,
644,129,4,48,46,168650.07,43,
645,129,5,39,29,308678.5,5,
646,130,1,34,3,382411.77,0,
647,130,2,25,79,33355.89,37,
648,130,3,4,21,210741.06,9,
649,130,4,28,40,181919.02,20,
650,130,5,14,59,445025.13,7,
651,131,1,27,82,169310.03,71,
652,131,2,32,64,150135.23,35,
653,131,3,29,71,200441.8,66,
654,131,4,32,10,454761.49,4,
655,131,5,41,94,101476.75,4,
656,132,1,18,31,227448.22,27,
657,132,2,41,5,309099.58,2,
658,132,3,18,12,371018.37,12,
659,132,4,45,27,159982.39,24,
660,132,5,50,62,79674.86,38,
661,133,1,1,64,238134.47,62,
662,133,2,11,73,352894.44,70,
663,133,3,30,92,473576.87,10,
664,133,4,6,35,481457.35,31,
665,133,5,6,86,265262.97,57,
666,134,1,17,35,382548.96,0,
667,134,2,46,84,94069.87,67,
668,134,3,24,22,190648.89,5,
669,134,4,12,59,257527.93,6,
670,134,5,24,79,481495.17,12,
671,135,1,4,68,68095.65,61,
672,135,2,44,32,356216.29,26,
673,135,3,11,50,439273.8,16,
674,135,4,30,79,66019.55,30,
675,135,5,35,37,32535.86,12,
676,136,1,47,12,102766.23,4,
677,136,2,36,78,308988.6,74,
678,136,3,41,15,272408.63,10,
679,136,4,13,88,125085.31,46,
680,136,5,30,7,101415.43,1,
681,137,1,18,18,458047.56,6,
682,137,2,40,88,395801.76,17,
683,137,3,42,1,28465.68,0,
684,137,4,35,39,376066.61,3,
685,137,5,48,50,160277.66,40,
686,138,1,20,10,185047.9,8,
687,138,2,34,61,291270.02,9,
688,138,3,9,13,278886.05,13,
689,138,4,45,28,421193.47,22,
690,138,5,12,92,327682.04,38,
691,139,1,29,1,11030.12,0,
692,139,2,36,68,490947.15,50,
693,139,3,33,76,72806.38,63,
694,139,4,33,98,101454.19,50,
695,139,5,3,32,169582.45,30,
696,140,1,9,55,295934.22,41,
697,140,2,46,71,68419.5,62,
698,140,3,48,97,290305.39,22,
699,140,4,28,38,16554.39,35,
700,140,5,9,20,334153.95,17,
701,141,1,33,28,341579.43,6,
702,141,2,19,18,59931.91,12,
703,141,3,49,70,309978.79,15,
704,141,4,9,34,450084.16,16,
705,141,5,40,30,271473.18,8,
706,142,1,34,41,389406.31,19,
707,142,2,30,44,36521.53,30,
708,142,3,35,87,292293.3,31,
709,142,4,42,17,204657.4,3,
710,142,5,31,31,200608.11,11,
711,143,1,20,43,93259.69,36,
712,143,2,28,61,371100.89,4,
713,143,3,27,23,139655.95,13,
714,143,4,2,96,493160.32,53,
715,143,5,45,60,314494.31,38,
716,144,1,17,79,416568.32,36,
717,144,2,34,69,487609.39,11,
718,144,3,16,3,11256.29,0,
719,144,4,9,23,303757.82,14,
720,144,5,12,36,269055.64,17,
721,145,1,50,62,86584.74,20,
722,145,2,13,18,130454.14,11,
723,145,3,1,41,261821.67,37,
724,145,4,24,74,426706.89,41,
725,145,5,10,12,171040.74,2,
726,146,1,11,3,90442.26,1,
727,146,2,45,21,391488.71,15,
728,146,3,34,59,205913.81,2,
729,146,4,24,65,67008.19,41,
730,146,5,4,82,221224.83,75,
731,147,1,27,38,199906.13,14,
732,147,2,11,93,383679.76,92,
733,147,3,24,87,115863.44,13,
734,147,4,2,92,112401.07,11,
735,147,5,3,16,128001.53,5,
736,148,1,23,10,120650.21,7,
737,148,2,20,33,475937.21,31,
738,148,3,13,5,412149.01,1,
739,148,4,34,23,222963.52,20,
740,148,5,49,44,281707.8,24,
741,149,1,43,1,288303.58,1,
742,149,2,23,27,493036.11,2,
743,149,3,50,42,258187.13,38,
744,149,4,49,78,12691.32,73,
745,149,5,37,51,496507.83,31,
746,150,1,24,82,476448.31,58,
747,150,2,30,59,21557.91,3,
748,150,3,47,54,29062.42,14,
749,150,4,5,65,495637.36,49,
750,150,5,10,8,278746.03,0,
751,151,1,34,27,43132.66,18,
752,151,2,32,68,470655.18,18,
753,151,3,4,15,236998.01,12,
754,151,4,14,58,401174.66,42,
755,151,5,26,63,181984.23,20,
756,152,1,13,83,120058.21,49,
757,152,2,11,76,455007.03,35,
758,152,3,46,48,463022.84,30,
759,152,4,13,36,38898.44,22,
760,152,5,1,57,113096.37,11,
761,153,1,24,67,98019.38,2,
762,153,2,47,71,143829.87,42,
763,153,3,4,33,366601.01,27,
764,153,4,23,23,399917.6,17,
765,153,5,11,51,352267.3,30,
766,154,1,20,19,54831.66,11,
767,154,2,36,83,183009.83,65,
768,154,3,32,74,152006.66,60,
769,154,4,44,5,187627.75,3,
770,154,5,37,72,65406.74,44,
771,155,1,40,41,15718.5,4,
772,155,2,30,47,235557.88,18,
773,155,3,25,87,499359.45,56,
774,155,4,10,69,410356.52,40,
775,155,5,23,33,100472.47,7,
776,156,1,43,9,399471.81,8,
777,156,2,47,27,165111.67,22,
778,156,3,9,49,157764.5,47,
779,156,4,44,69,118012.15,4,
780,156,5,1,36,244213.08,6,
781,157,1,4,3,357562.39,2,
782,157,2,5,26,314867.68,10,
783,157,3,39,28,471857.11,24,
784,157,4,7,43,174222.98,26,
785,157,5,9,89,4035.56,75,
786,158,1,15,1,48942.98,0,
787,158,2,1,55,201186.88,51,
788,158,3,27,56,286582.25,15,
789,158,4,46,22,239884.56,20,
790,158,5,19,55,269092.2,54,
791,159,1,4,70,371653.97,25,
792,159,2,1,81,135826.08,35,
793,159,3,21,3,230413.69,0,
794,159,4,13,67,390050.29,56,
795,159,5,12,71,276506.21,32,
796,160,1,39,61,204589.13,38,
797,160,2,49,80,121864.6,8,
798,160,3,13,58,149335.99,18,
799,160,4,19,98,186754.57,71,
800,160,5,23,9,480922.52,9,
801,161,1,8,42,489028.64,16,
802,161,2,1,36,174789.95,3,
803,161,3,8,10,439732.53,4,
804,161,4,49,11,161251.08,9,
805,161,5,15,92,196841.99,49,
806,162,1,20,31,310748.18,12,
807,162,2,45,44,1023.37,23,
808,162,3,41,77,383123.39,15,
809,162,4,2,13,438978.93,6,
810,162,5,48,99,430473.87,96,
811,163,1,42,91,462805.01,52,
812,163,2,16,76,244666.37,31,
813,163,3,9,56,279241.17,47,
814,163,4,1,30,177161.73,6,
815,163,5,18,42,368894.83,17,
816,164,1,46,63,103338.33,30,
817,164,2,17,88,328951.63,36,
818,164,3,10,57,362150.98,50,
819,164,4,31,29,186587.17,27,
820,164,5,14,15,176844.82,14,
821,165,1,36,18,499627.06,2,
822,165,2,5,56,295180.42,31,
823,165,3,40,7,286689.92,5,
824,165,4,23,26,106825.82,12,
825,165,5,19,40,360632.73,38,
826,166,1,35,56,196680.51,36,
827,166,2,39,26,434205.22,9,
828,166,3,50,31,347543.54,25,
829,166,4,45,71,487521.0,67,
830,166,5,45,96,73645.3,68,
831,167,1,27,28,182386.78,23,
832,167,2,38,95,6113.94,38,
833,167,3,6,54,138691.87,5,
834,167,4,13,94,478874.01,21,
835,167,5,40,52,268286.32,20,
836,168,1,9,73,63631.58,1,
837,168,2,24,13,89658.79,9,
838,168,3,27,54,457872.83,23,
839,168,4,22,100,302868.6,56,
840,168,5,11,14,253452.05,4,
841,169,1,42,57,246862.4,1,
842,169,2,25,51,468338.96,37,
843,169,3,13,28,289508.23,19,
844,169,4,42,56,5149.37,43,
845,169,5,5,56,211463.11,54,
846,170,1,45,56,177025.01,53,
847,170,2,23,70,174872.37,42,
848,170,3,40,50,212329.37,42,
849,170,4,32,42,261126.47,10,
850,170,5,38,5,193444.69,1,
851,171,1,4,32,197038.31,1,
852,171,2,4,62,265776.7,40,
853,171,3,29,50,377938.38,23,
854,171,4,1,16,451432.93,6,
855,171,5,13,27,280854.66,20,
856,172,1,49,89,392327.15,79,
857,172,2,49,1,210419.63,1,
858,172,3,37,23,475468.45,6,
859,172,4,39,61,30046.09,12,
860,172,5,32,69,379875.27,36,
861,173,1,39,79,92449.56,3,
862,173,2,40,16,440170.01,11,
863,173,3,12,93,205638.18,25,
864,173,4,28,49,48594.92,20,
865,173,5,13,3,33694.26,2,
866,174,1,47,53,36792.09,3,
867,174,2,9,97,201391.43,74,
868,174,3,42,88,361612.08,26,
869,174,4,28,89,206658.71,69,
870,174,5,7,93,303384.4,38,
871,175,1,3,94,314387.69,42,
872,175,2,44,40,242525.36,23,
873,175,3,14,11,249913.76,11,
874,175,4,33,24,264141.78,13,
875,175,5,44,37,143232.14,10,
876,176,1,38,84,138902.98,61,
877,176,2,22,20,339939.98,9,
878,176,3,40,29,304507.21,2,
879,176,4,32,58,323401.67,38,
880,176,5,20,65,452319.66,63,
881,177,1,50,13,165672.28,4,
882,177,2,42,19,325660.35,5,
883,177,3,34,50,258161.18,14,
884,177,4,28,60,314122.63,41,
885,177,5,50,78,128441.69,19,
886,178,1,31,80,155430.19,71,
887,178,2,21,29,106749.05,11,
888,178,3,50,93,196923.97,67,
889,178,4,27,49,211752.85,19,
890,178,5,25,46,466037.05,44,
891,179,1,7,39,67517.42,9,
892,179,2,17,7,457613.63,0,
893,179,3,45,38,82391.72,7,
894,179,4,30,47,127823.33,30,
895,179,5,24,36,476315.3,19,
896,180,1,37,92,176192.89,77,
897,180,2,29,33,166125.13,30,
898,180,3,12,1,377697.67,0,
899,180,4,1,54,405391.79,38,
900,180,5,35,11,192176.94,7,
901,181,1,46,98,236447.3,70,
902,181,2,18,37,473263.59,18,
903,181,3,18,20,303658.1,18,
904,181,4,19,76,475069.35,7,
905,181,5,8,20,272364.68,13,
906,182,1,43,67,200471.71,15,
907,182,2,23,15,462326.69,9,
908,182,3,14,56,175992.0,24,
909,182,4,6,50,291831.62,43,
910,182,5,6,59,316404.94,2,
911,183,1,15,49,294834.07,28,
912,183,2,32,83,4400.56,63,
913,183,3,3,73,214247.4,55,
914,183,4,30,49,138887.79,37,
915,183,5,45,36,103703.19,27,
916,184,1,44,26,480604.32,4,
917,184,2,44,64,378715.43,19,
918,184,3,3,37,125276.26,29,
919,184,4,21,39,473792.73,30,
920,184,5,31,21,102290.32,19,
921,185,1,13,48,462619.44,19,
922,185,2,31,50,55057.96,30,
923,185,3,42,2,361961.81,1,
924,185,4,11,73,122519.78,62,
925,185,5,44,93,127362.16,91,
926,186,1,16,90,303146.21,14,
927,186,2,12,3,357758.97,3,
928,186,3,20,19,23895.28,4,
929,186,4,50,33,272601.69,30,
930,186,5,49,73,391460.1,12,
931,187,1,48,6,140634.95,0,
932,187,2,44,16,34665.07,7,
933,187,3,38,98,363156.32,57,
934,187,4,16,55,328135.64,32,
935,187,5,7,50,225290.67,42,
936,188,1,41,42,55489.38,5,
937,188,2,32,66,474811.52,7,
938,188,3,6,41,268079.97,4,
939,188,4,43,61,218344.8,6,
940,188,5,25,77,495339.41,22,
941,189,1,24,98,405617.24,27,
942,189,2,29,16,336580.57,10,
943,189,3,16,76,453404.13,17,
944,189,4,23,14,20644.5,7,
945,189,5,12,82,73726.81,58,
946,190,1,9,9,72998.09,4,
947,190,2,1,26,26027.53,14,
948,190,3,28,25,210742.97,1,
949,190,4,45,93,342770.79,0,
950,190,5,49,15,427001.84,11,
951,191,1,44,96,46337.38,78,
952,191,2,17,91,199388.37,39,
953,191,3,13,70,55559.07,69,
954,191,4,13,6,499621.82,5,
955,191,5,17,41,368123.9,9,
956,192,1,34,81,412281.45,60,
957,192,2,33,53,364658.52,48,
958,192,3,20,77,220687.78,50,
959,192,4,21,81,170397.12,36,
960,192,5,39,39,113012.69,8,
961,193,1,42,19,452265.62,13,
962,193,2,25,35,129177.4,29,
963,193,3,13,91,104566.91,24,
964,193,4,18,67,187216.33,23,
965,193,5,11,96,213298.87,18,
966,194,1,7,38,352242.12,13,
967,194,2,40,59,139228.41,42,
968,194,3,24,83,291888.5,36,
969,194,4,31,78,361134.56,4,
970,194,5,38,82,490468.52,7,
971,195,1,26,6,78067.37,2,
972,195,2,50,49,361249.99,47,
973,195,3,11,15,168967.74,15,
974,195,4,33,71,402926.03,65,
975,195,5,29,75,110607.13,19,
976,196,1,24,53,266405.62,7,
977,196,2,28,10,51765.3,0,
978,196,3,14,38,431622.33,4,
979,196,4,33,87,185611.04,83,
980,196,5,36,3,22884.62,1,
981,197,1,38,70,366993.28,33,
982,197,2,3,58,428080.49,39,
983,197,3,2,66,194019.11,64,
984,197,4,31,20,62681.77,5,
985,197,5,8,73,343909.04,3,
986,198,1,12,15,289211.0,1,
987,198,2,5,66,164416.29,32,
988,198,3,11,67,463298.31,15,
989,198,4,1,76,495802.38,38,
990,198,5,8,87,433774.88,74,
991,199,1,13,53,426238.15,35,
992,199,2,31,32,225330.51,22,
993,199,3,21,71,461350.34,60,
994,199,4,8,21,126667.44,1,
995,199,5,4,89,316964.2,41,
996,200,1,31,42,158502.97,1,
997,200,2,29,86,308265.25,50,
998,200,3,41,58,411182.74,55,
999,200,4,1,64,376820.93,27,
1000,200,5,31,71,172190.17,32,
1001,201,1,25,87,475741.58,29,
1002,201,2,41,72,111899.45,47,
1003,201,3,28,19,374334.33,4,
1004,201,4,26,59,80006.44,35,
1005,201,5,20,27,113798.24,4,
1006,202,1,3,76,85543.06,24,
1007,202,2,45,25,467861.88,21,
1008,202,3,8,97,479887.0,73,
1009,202,4,25,5,169974.27,2,
1010,202,5,25,71,262272.31,28,
1011,203,1,20,41,427397.27,26,
1012,203,2,9,29,353985.99,7,
1013,203,3,46,4,206283.95,1,
1014,203,4,37,26,129060.94,17,
1015,203,5,10,34,275895.43,26,
1016,204,1,31,88,499564.06,73,
1017,204,2,31,59,453529.67,20,
1018,204,3,9,35,411769.18,14,
1019,204,4,38,46,468732.69,43,
1020,204,5,49,65,170730.1,62,
1021,205,1,35,80,404725.82,34,
1022,205,2,9,36,304226.81,30,
1023,205,3,6,8,368788.15,2,
1024,205,4,45,83,484027.11,74,
1025,205,5,25,88,490216.05,67,
1026,206,1,30,61,136779.95,49,
1027,206,2,48,26,152018.43,10,
1028,206,3,21,51,29744.97,25,
1029,206,4,14,1,137884.43,0,
1030,206,5,9,81,273965.3,80,
1031,207,1,46,97,317833.8,77,
1032,207,2,26,93,21655.74,15,
1033,207,3,4,52,248688.05,48,
1034,207,4,45,28,70803.73,25,
1035,207,5,32,85,123285.41,20,
1036,208,1,50,74,400327.06,57,
1037,208,2,32,85,498805.14,8,
1038,208,3,42,34,171101.12,6,
1039,208,4,23,54,201539.8,23,
1040,208,5,12,30,265049.49,8,
1041,209,1,23,33,366536.55,24,
1042,209,2,48,1,77608.36,1,
1043,209,3,27,12,70274.94,12,
1044,209,4,23,96,289628.27,36,
1045,209,5,18,10,53465.72,8,
1046,210,1,8,16,462928.39,8,
1047,210,2,6,10,138656.97,8,
1048,210,3,14,33,413829.64,8,
1049,210,4,22,98,284637.57,48,
1050,210,5,18,99,193636.22,79,
1051,211,1,19,81,286443.43,32,
1052,211,2,9,76,353838.29,51,
1053,211,3,25,33,346170.3,21,
1054,211,4,13,29,381829.19,23,
1055,211,5,29,39,169142.64,34,
1056,212,1,23,19,498605.78,0,
1057,212,2,49,27,322233.0,22,
1058,212,3,26,7,28847.51,6,
1059,212,4,20,48,21024.59,1,
1060,212,5,2,18,267390.05,0,
1061,213,1,42,10,300372.74,4,
1062,213,2,26,78,489211.43,52,
1063,213,3,38,35,178468.25,32,
1064,213,4,19,93,360836.48,20,
1065,213,5,39,30,276840.02,0,
1066,214,1,35,23,179579.53,12,
1067,214,2,30,39,163246.52,14,
1068,214,3,27,84,173529.71,22,
1069,214,4,40,59,405197.82,36,
1070,214,5,1,27,53470.68,15,
1071,215,1,30,91,476053.63,1,
1072,215,2,35,38,47150.89,16,
1073,215,3,33,14,48588.77,4,
1074,215,4,21,30,96125.83,26,
1075,215,5,3,33,438424.21,31,
1076,216,1,40,44,196201.46,2,
1077,216,2,15,5,45643.35,3,
1078,216,3,18,62,340264.63,45,
1079,216,4,7,76,13544.79,50,
1080,216,5,21,39,160556.28,31,
1081,217,1,14,54,297827.87,39,
1082,217,2,14,54,58911.98,5,
1083,217,3,22,70,299814.65,62,
1084,217,4,39,38,347317.59,23,
1085,217,5,11,1,57363.12,1,
1086,218,1,48,92,142690.89,14,
1087,218,2,28,13,263545.14,9,
1088,218,3,20,28,369733.5,19,
1089,218,4,31,34,422723.69,0,
1090,218,5,33,47,137699.12,36,
1091,219,1,43,71,91631.9,55,
1092,219,2,5,72,497416.86,30,
1093,219,3,43,37,151885.12,18,
1094,219,4,39,33,67989.75,24,
1095,219,5,8,43,182720.58,22,
1096,220,1,11,86,476181.03,72,
1097,220,2,9,94,117492.44,17,
1098,220,3,16,52,40357.34,18,
1099,220,4,37,5,403482.26,2,
1100,220,5,6,1,109169.3,0,
1101,221,1,15,19,470406.96,12,
1102,221,2,38,14,107402.81,10,
1103,221,3,46,13,222109.0,13,
1104,221,4,24,42,202511.94,6,
1105,221,5,42,60,379649.78,17,
1106,222,1,46,70,85781.71,40,
1107,222,2,12,76,364359.38,39,
1108,222,3,12,56,313896.05,11,
1109,222,4,2,98,105468.08,21,
1110,222,5,30,66,385895.95,47,
1111,223,1,31,61,320782.54,58,
1112,223,2,48,2,376823.74,0,
1113,223,3,27,19,289613.82,12,
1114,223,4,44,37,136570.16,24,
1115,223,5,16,47,300049.88,33,
1116,224,1,1,69,490903.08,49,
1117,224,2,33,60,397493.65,2,
1118,224,3,24,16,378807.1,9,
1119,224,4,5,11,219741.49,10,
1120,224,5,10,59,366630.54,43,
1121,225,1,41,38,315601.36,8,
1122,225,2,47,32,175812.87,26,
1123,225,3,21,2,260665.58,1,
1124,225,4,17,48,178043.24,21,
1125,225,5,32,45,190983.64,43,
1126,226,1,7,54,160459.86,33,
1127,226,2,18,44,231655.28,0,
1128,226,3,6,53,193360.8,8,
1129,226,4,18,95,232073.95,48,
1130,226,5,35,52,88237.18,17,
1131,227,1,34,3,457813.94,1,
1132,227,2,36,3,191264.11,0,
1133,227,3,9,93,85125.64,28,
1134,227,4,45,95,469114.94,60,
1135,227,5,1,19,303452.73,9,
1136,228,1,33,5,262929.42,3,
1137,228,2,40,33,58822.59,6,
1138,228,3,21,30,271262.74,12,
1139,228,4,10,33,148032.36,20,
1140,228,5,20,20,116031.73,9,
1141,229,1,50,69,277161.0,63,
1142,229,2,12,94,136330.93,68,
1143,229,3,15,93,385467.27,63,
1144,229,4,15,3,257148.14,0,
1145,229,5,16,61,293238.38,35,
1146,230,1,2,29,357220.15,1,
1147,230,2,47,60,38523.12,26,
1148,230,3,11,75,385641.61,74,
1149,230,4,39,64,408962.32,42,
1150,230,5,25,58,2180.48,5,
1151,231,1,17,6,455397.1,2,
1152,231,2,3,15,291829.88,1,
1153,231,3,5,21,96307.17,10,
1154,231,4,38,89,400281.17,22,
1155,231,5,4,5,385746.18,5,
1156,232,1,17,15,120468.36,3,
1157,232,2,27,18,395152.91,12,
1158,232,3,13,76,102374.69,29,
1159,232,4,29,45,156609.15,39,
1160,232,5,1,22,469848.65,13,
1161,233,1,4,67,2393.97,4,
1162,233,2,14,42,165807.53,13,
1163,233,3,49,96,64461.93,95,
1164,233,4,14,65,306568.8,38,
1165,233,5,17,98,171795.79,65,
1166,234,1,21,62,452199.91,29,
1167,234,2,49,8,165140.34,2,
1168,234,3,30,77,335170.74,17,
1169,234,4,15,36,324762.27,3,
1170,234,5,33,80,264967.11,75,
1171,235,1,47,48,415983.93,23,
1172,235,2,44,1,433464.64,0,
1173,235,3,26,14,24841.29,4,
1174,235,4,19,73,120352.42,61,
1175,235,5,27,28,268808.05,22,
1176,236,1,39,73,420001.62,23,
1177,236,2,31,41,396655.89,37,
1178,236,3,25,34,98373.14,7,
1179,236,4,1,9,203223.61,4,
1180,236,5,6,89,244434.21,47,
1181,237,1,16,53,489025.91,2,
1182,237,2,16,56,375110.8,1,
1183,237,3,27,92,153486.76,47,
1184,237,4,8,49,473119.41,49,
1185,237,5,12,68,343486.26,41,
1186,238,1,28,40,378179.52,6,
1187,238,2,42,43,333572.31,4,
1188,238,3,9,55,499878.73,51,
1189,238,4,30,84,450216.61,2,
1190,238,5,31,76,162450.79,38,
1191,239,1,47,100,401417.94,94,
1192,239,2,22,14,177950.84,1,
1193,239,3,11,32,154774.69,32,
1194,239,4,10,37,313261.62,29,
1195,239,5,37,51,430943.77,14,
1196,240,1,24,89,186824.84,54,
1197,240,2,11,98,403667.72,9,
1198,240,3,42,96,218512.78,8,
1199,240,4,12,97,344690.17,42,
1200,240,5,2,49,289764.24,2,
1201,241,1,48,95,164205.75,42,
1202,241,2,3,94,62453.78,14,
1203,241,3,31,46,310065.49,33,
1204,241,4,48,38,465629.55,4,
1205,241,5,26,99,268773.17,5,
1206,242,1,32,29,50929.77,29,
1207,242,2,43,98,374486.87,76,
1208,242,3,29,21,89140.5,9,
1209,242,4,17,92,408421.4,87,
1210,242,5,26,87,142629.91,26,
1211,243,1,24,12,332927.32,12,
1212,243,2,42,30,366884.02,17,
1213,243,3,31,64,33233.0,38,
1214,243,4,16,84,170356.87,32,
1215,243,5,19,85,72081.49,44,
1216,244,1,5,27,264569.22,0,
1217,244,2,42,93,270867.59,61,
1218,244,3,28,28,148568.66,17,
1219,244,4,48,83,58049.68,61,
1220,244,5,5,60,46146.66,39,
1221,245,1,12,99,173259.11,79,
1222,245,2,38,75,369900.37,6,
1223,245,3,32,94,439471.3,94,
1224,245,4,2,27,345288.72,26,
1225,245,5,24,28,49564.64,9,
1226,246,1,1,84,329972.62,60,
1227,246,2,37,17,304934.72,2,
1228,246,3,39,40,478301.26,5,
1229,246,4,17,88,459218.06,73,
1230,246,5,27,6,304260.05,1,
1231,247,1,11,29,44768.65,1,
1232,247,2,15,10,46688.46,4,
1233,247,3,2,30,188234.35,4,
1234,247,4,29,21,268706.85,13,
1235,247,5,33,25,194133.26,6,
1236,248,1,17,2,490579.09,2,
1237,248,2,44,20,395988.6,19,
1238,248,3,20,21,421091.49,18,
1239,248,4,17,81,400118.47,16,
1240,248,5,48,36,134060.58,25,
1241,249,1,21,70,131156.24,28,
1242,249,2,7,83,477922.74,75,
1243,249,3,6,17,145023.89,16,
1244,249,4,20,36,316086.1,4,
1245,249,5,20,29,34294.38,22,
1246,250,1,20,62,242037.8,57,
1247,250,2,2,74,24340.07,17,
1248,250,3,47,39,212413.98,13,
1249,250,4,23,26,216296.36,26,
1250,250,5,32,15,140683.64,10,
1251,251,1,22,38,63104.65,35,
1252,251,2,15,59,146694.36,3,
1253,251,3,47,92,149700.57,83,
1254,251,4,40,76,382590.79,4,
1255,251,5,31,58,441796.66,52,
1256,252,1,18,90,315818.25,59,
1257,252,2,9,55,426233.1,45,
1258,252,3,28,59,325840.12,30,
1259,252,4,16,70,200455.3,33,
1260,252,5,41,56,461881.8,54,
1261,253,1,2,17,27867.23,10,
1262,253,2,10,30,240167.97,17,
1263,253,3,23,37,450611.74,21,
1264,253,4,12,65,169391.3,0,
1265,253,5,4,79,370178.5,42,
1266,254,1,39,95,308551.27,14,
1267,254,2,10,100,288697.33,16,
1268,254,3,42,32,262638.2,24,
1269,254,4,44,54,213322.21,46,
1270,254,5,37,22,253249.93,2,
1271,255,1,15,81,103478.41,21,
1272,255,2,48,14,299843.02,2,
1273,255,3,44,35,144732.91,5,
1274,255,4,11,10,332802.15,10,
1275,255,5,20,24,93618.69,7,
1276,256,1,29,51,483901.92,20,
1277,256,2,11,84,374673.98,45,
1278,256,3,18,33,273026.45,13,
1279,256,4,16,20,380886.0,10,
1280,256,5,13,3,28187.45,3,
1281,257,1,33,7,139671.89,3,
1282,257,2,31,89,24990.8,52,
1283,257,3,6,54,287497.99,51,
1284,257,4,33,47,142609.52,34,
1285,257,5,15,34,347381.33,1,
1286,258,1,21,9,379192.23,9,
1287,258,2,2,56,74001.01,45,
1288,258,3,41,86,411563.44,41,
1289,258,4,50,45,110938.09,32,
1290,258,5,6,92,299623.12,91,
1291,259,1,3,10,408325.95,1,
1292,259,2,5,28,245477.14,19,
1293,259,3,9,81,214343.77,75,
1294,259,4,9,34,377259.65,33,
1295,259,5,26,65,298277.66,11,
1296,260,1,18,80,421036.97,21,
1297,260,2,30,62,267986.59,46,
1298,260,3,7,59,49891.38,54,
1299,260,4,2,92,317892.0,2,
1300,260,5,47,77,413783.39,45,
1301,261,1,3,8,377348.83,1,
1302,261,2,6,66,316782.57,27,
1303,261,3,8,98,13900.76,49,
1304,261,4,6,46,32090.94,9,
1305,261,5,38,36,276811.47,23,
1306,262,1,24,48,41119.01,22,
1307,262,2,31,91,342226.49,21,
1308,262,3,3,27,430392.71,25,
1309,262,4,43,86,257067.24,17,
1310,262,5,45,41,489978.39,5,
1311,263,1,15,81,31411.46,24,
1312,263,2,31,23,76664.43,4,
1313,263,3,14,35,394666.63,34,
1314,263,4,21,58,80153.29,19,
1315,263,5,40,95,114560.7,82,
1316,264,1,14,57,138760.45,42,
1317,264,2,30,92,233147.79,58,
1318,264,3,26,63,189861.69,39,
1319,264,4,16,83,464557.21,5,
1320,264,5,6,10,327227.44,8,
1321,265,1,41,1,436379.91,0,
1322,265,2,35,99,151822.0,84,
1323,265,3,50,63,236222.55,2,
1324,265,4,39,3,149506.14,3,
1325,265,5,29,16,374915.03,10,
1326,266,1,11,81,187960.11,51,
1327,266,2,25,77,416622.59,67,
1328,266,3,49,21,286922.42,19,
1329,266,4,50,84,412265.53,10,
1330,266,5,6,95,162932.45,21,
1331,267,1,17,32,130222.24,13,
1332,267,2,28,71,72128.11,8,
1333,267,3,42,85,364015.3,16,
1334,267,4,50,47,459234.73,15,
1335,267,5,14,19,444732.15,1,
1336,268,1,34,94,91656.16,80,
1337,268,2,6,65,148914.37,58,
1338,268,3,29,78,310679.95,57,
1339,268,4,39,70,139172.94,8,
1340,268,5,15,69,456624.65,50,
1341,269,1,24,72,255603.37,69,
1342,269,2,27,63,316714.19,2,
1343,269,3,18,82,37988.61,66,
1344,269,4,4,88,19582.11,71,
1345,269,5,17,21,25711.01,0,
1346,270,1,34,79,353520.42,13,
1347,270,2,4,64,451621.01,45,
1348,270,3,12,43,72156.73,24,
1349,270,4,14,25,250469.51,3,
1350,270,5,40,73,23271.83,39,
1351,271,1,9,43,372266.75,18,
1352,271,2,4,24,362785.79,20,
1353,271,3,2,31,279754.71,5,
1354,271,4,24,89,396195.4,23,
1355,271,5,45,45,260360.29,29,
1356,272,1,33,45,252421.15,13,
1357,272,2,22,77,380471.02,17,
1358,272,3,7,82,276230.23,19,
1359,272,4,37,80,204871.8,74,
1360,272,5,42,74,166338.38,4,
1361,273,1,24,48,117394.8,29,
1362,273,2,7,43,6768.36,3,
1363,273,3,18,17,108716.7,17,
1364,273,4,49,90,348215.19,15,
1365,273,5,44,62,454781.31,48,
1366,274,1,23,92,117269.3,91,
1367,274,2,35,45,111182.27,1,
1368,274,3,45,95,32088.38,75,
1369,274,4,47,23,351567.54,17,
1370,274,5,6,60,120107.5,8,
1371,275,1,47,22,118924.51,22,
1372,275,2,49,61,169838.39,9,
1373,275,3,46,1,98215.48,1,
1374,275,4,4,22,437865.69,21,
1375,275,5,36,47,158007.55,2,
1376,276,1,11,9,38488.84,7,
1377,276,2,48,34,189523.59,10,
1378,276,3,46,12,85675.32,12,
1379,276,4,20,3,8324.81,1,
1380,276,5,32,2,219800.45,1,
1381,277,1,28,21,435936.15,20,
1382,277,2,14,59,157291.98,29,
1383,277,3,50,21,332852.77,11,
1384,277,4,6,24,120727.05,10,
1385,277,5,4,73,352460.05,44,
1386,278,1,42,11,360978.91,11,
1387,278,2,15,92,264134.9,50,
1388,278,3,38,4,39393.05,1,
1389,278,4,2,53,424645.77,21,
1390,278,5,8,27,122221.52,27,
1391,279,1,21,29,341631.72,16,
1392,279,2,48,26,108603.59,5,
1393,279,3,6,24,215427.56,3,
1394,279,4,48,41,36689.42,8,
1395,279,5,31,54,172526.87,5,
1396,280,1,24,23,242496.26,14,
1397,280,2,1,60,294079.27,17,
1398,280,3,2,9,174067.34,9,
1399,280,4,6,19,415779.69,12,
1400,280,5,11,36,485498.52,33,
1401,281,1,8,64,338143.23,5,
1402,281,2,31,49,358621.17,32,
1403,281,3,25,11,448843.85,2,
1404,281,4,20,37,212694.6,20,
1405,281,5,10,30,230565.46,19,
1406,282,1,24,59,399898.13,13,
1407,282,2,32,30,301437.37,24,
1408,282,3,22,26,398536.4,3,
1409,282,4,19,77,104670.79,8,
1410,282,5,34,71,349619.72,17,
1411,283,1,21,72,489995.11,34,
1412,283,2,40,56,179236.95,10,
1413,283,3,31,9,468981.93,3,
1414,283,4,46,36,454048.22,8,
1415,283,5,17,36,419974.85,9,
1416,284,1,7,63,122652.6,37,
1417,284,2,44,56,222821.15,35,
1418,284,3,23,100,297656.69,54,
1419,284,4,26,38,400735.75,6,
1420,284,5,44,45,100908.61,11,
1421,285,1,33,48,422504.48,44,
1422,285,2,2,49,25058.17,27,
1423,285,3,19,22,331233.81,6,
1424,285,4,35,62,329730.79,13,
1425,285,5,7,1,403479.91,0,
1426,286,1,6,13,23017.01,7,
1427,286,2,12,84,5745.5,56,
1428,286,3,40,28,229191.32,24,
1429,286,4,16,2,466136.88,2,
1430,286,5,39,33,366012.94,26,
1431,287,1,44,49,72978.53,35,
1432,287,2,48,32,152079.45,13,
1433,287,3,4,88,163798.26,22,
1434,287,4,47,76,368036.33,64,
1435,287,5,43,64,461361.66,62,
1436,288,1,25,32,225067.7,22,
1437,288,2,44,57,134475.85,38,
1438,288,3,43,73,234506.34,25,
1439,288,4,43,63,63247.15,17,
1440,288,5,13,9,336075.95,4,
1441,289,1,41,8,432380.66,3,
1442,289,2,50,65,116154.0,8,
1443,289,3,31,37,148036.42,9,
1444,289,4,29,28,292008.12,9,
1445,289,5,11,37,51178.1,10,
1446,290,1,34,64,257609.5,12,
1447,290,2,29,15,15653.32,10,
1448,290,3,32,16,213359.66,3,
1449,290,4,22,17,469292.9,1,
1450,290,5,22,82,421433.26,45,
1451,291,1,6,14,168662.6,2,
1452,291,2,45,96,378508.97,23,
1453,291,3,23,80,95958.79,78,
1454,291,4,26,38,262583.85,1,
1455,291,5,25,25,312095.05,23,
1456,292,1,31,5,316244.46,2,
1457,292,2,4,8,395504.25,4,
1458,292,3,41,64,119720.76,15,
1459,292,4,3,94,92390.26,24,
1460,292,5,41,73,459236.94,41,
1461,293,1,40,30,279114.83,2,
1462,293,2,22,27,145422.36,8,
1463,293,3,28,63,254651.99,45,
1464,293,4,19,64,421236.32,52,
1465,293,5,14,52,194376.15,12,
1466,294,1,1,12,37769.12,10,
1467,294,2,45,87,295516.6,83,
1468,294,3,49,27,109317.29,17,
1469,294,4,18,26,401448.51,9,
1470,294,5,32,26,17441.28,13,
1471,295,1,34,44,126546.11,26,
1472,295,2,33,68,408726.67,3,
1473,295,3,25,78,281520.28,45,
1474,295,4,47,4,291980.28,0,
1475,295,5,30,1,476276.48,1,
1476,296,1,50,14,358541.96,4,
1477,296,2,42,74,281949.31,69,
1478,296,3,35,77,271330.83,19,
1479,296,4,36,82,151442.34,63,
1480,296,5,9,18,179016.94,5,
1481,297,1,28,45,114354.55,38,
1482,297,2,21,93,151833.63,11,
1483,297,3,13,84,277276.58,18,
1484,297,4,49,5,325568.95,1,
1485,297,5,6,33,140234.19,27,
1486,298,1,47,98,244645.46,77,
1487,298,2,24,57,252153.85,37,
1488,298,3,26,6,88066.23,5,
1489,298,4,39,100,46399.52,14,
1490,298,5,43,59,56189.12,8,
1491,299,1,7,25,486080.35,4,
1492,299,2,17,31,57867.22,8,
1493,299,3,37,21,431426.37,5,
1494,299,4,8,54,413957.37,40,
1495,299,5,2,84,416314.53,75,
1496,300,1,48,13,303820.25,10,
1497,300,2,50,22,35741.96,12,
1498,300,3,17,41,388491.21,15,
1499,300,4,8,83,362242.49,67,
1500,300,5,46,13,431221.55,6,
1501,301,1,28,89,200208.95,7,
1502,301,2,1,85,465520.64,69,
1503,301,3,30,95,379180.82,19,
1504,301,4,31,89,5526.58,70,
1505,301,5,27,61,370539.74,61,
1506,302,1,29,79,11205.44,55,
1507,302,2,30,2,446642.09,2,
1508,302,3,38,62,491920.18,46,
1509,302,4,38,3,124325.81,2,
1510,302,5,47,34,122868.61,7,
1511,303,1,12,36,326417.37,32,
1512,303,2,26,31,86019.78,24,
1513,303,3,8,48,135869.7,13,
1514,303,4,17,32,378080.18,32,
1515,303,5,35,42,154922.97,28,
1516,304,1,8,35,417792.56,9,
1517,304,2,41,41,142969.82,25,
1518,304,3,42,71,33256.26,55,
1519,304,4,13,67,410281.0,59,
1520,304,5,16,90,387928.77,76,
1521,305,1,46,84,204078.24,35,
1522,305,2,48,29,286014.06,10,
1523,305,3,10,26,488334.46,25,
1524,305,4,39,58,256203.07,58,
1525,305,5,30,87,305646.95,11,
1526,306,1,35,19,413879.48,11,
1527,306,2,22,46,313034.81,46,
1528,306,3,14,84,108758.55,8,
1529,306,4,13,33,422989.15,3,
1530,306,5,18,82,308940.88,66,
1531,307,1,9,61,77178.53,56,
1532,307,2,16,57,369207.21,51,
1533,307,3,19,34,321355.25,29,
1534,307,4,13,19,456731.55,17,
1535,307,5,4,65,158014.04,38,
1536,308,1,16,7,365971.43,3,
1537,308,2,40,16,231897.87,3,
1538,308,3,5,6,274150.22,0,
1539,308,4,39,97,391992.42,10,
1540,308,5,13,76,21913.73,35,
1541,309,1,14,10,230829.56,9,
1542,309,2,29,62,364289.92,2,
1543,309,3,44,50,111528.49,45,
1544,309,4,21,31,88260.1,23,
1545,309,5,29,18,345244.66,17,
1546,310,1,10,42,355968.74,6,
1547,310,2,50,43,113253.15,23,
1548,310,3,50,79,264794.51,26,
1549,310,4,22,82,497166.41,7,
1550,310,5,29,28,184858.4,21,
1551,311,1,45,40,279718.52,15,
1552,311,2,6,14,233898.24,10,
1553,311,3,6,73,273972.86,22,
1554,311,4,7,60,77173.34,48,
1555,311,5,30,96,390072.53,93,
1556,312,1,12,7,300934.75,7,
1557,312,2,45,14,238156.79,0,
1558,312,3,41,76,207455.37,18,
1559,312,4,20,27,384848.14,14,
1560,312,5,19,99,429134.42,3,
1561,313,1,8,23,393117.87,16,
1562,313,2,48,73,300288.53,5,
1563,313,3,22,59,365005.61,24,
1564,313,4,21,74,222137.73,67,
1565,313,5,35,6,3326.07,4,
1566,314,1,5,13,497345.01,8,
1567,314,2,41,42,348113.8,38,
1568,314,3,44,64,354650.53,10,
1569,314,4,37,92,328874.31,77,
1570,314,5,2,57,474602.29,57,
1571,315,1,12,67,349297.79,1,
1572,315,2,44,6,240610.69,2,
1573,315,3,3,42,358700.55,39,
1574,315,4,18,20,202410.5,4,
1575,315,5,9,100,139686.21,35,
1576,316,1,38,67,489967.74,26,
1577,316,2,6,79,62699.52,21,
1578,316,3,15,66,103140.95,57,
1579,316,4,8,66,395222.64,34,
1580,316,5,3,1,186263.96,0,
1581,317,1,47,99,301507.01,39,
1582,317,2,32,20,265137.65,10,
1583,317,3,1,32,177962.55,31,
1584,317,4,35,100,126460.66,20,
1585,317,5,6,65,146128.55,51,
1586,318,1,2,8,279018.62,0,
1587,318,2,42,40,125415.4,12,
1588,318,3,6,97,213470.13,60,
1589,318,4,23,54,333687.08,40,
1590,318,5,22,95,232398.19,50,
1591,319,1,20,69,206854.7,67,
1592,319,2,23,53,311415.13,40,
1593,319,3,9,17,376967.63,16,
1594,319,4,24,72,412810.65,27,
1595,319,5,28,6,444240.24,5,
1596,320,1,11,62,352591.16,44,
1597,320,2,15,8,319023.19,6,
1598,320,3,20,78,284650.05,14,
1599,320,4,44,1,80773.72,0,
1600,320,5,19,52,66124.8,28,
1601,321,1,17,85,183173.65,66,
1602,321,2,49,56,319106.09,28,
1603,321,3,43,35,247809.6,21,
1604,321,4,1,69,234241.12,3,
1605,321,5,32,8,382751.3,6,
1606,322,1,5,72,143272.73,55,
1607,322,2,15,34,429406.3,5,
1608,322,3,45,15,307845.71,7,
1609,322,4,37,21,386632.4,11,
1610,322,5,6,55,343291.86,37,
1611,323,1,46,68,448018.37,65,
1612,323,2,39,27,155268.64,21,
1613,323,3,6,58,105824.16,7,
1614,323,4,43,3,486885.75,1,
1615,323,5,35,97,221681.72,39,
1616,324,1,32,43,359366.17,40,
1617,324,2,11,12,180993.79,2,
1618,324,3,40,13,300036.87,3,
1619,324,4,49,17,440589.54,17,
1620,324,5,8,96,354735.41,81,
1621,325,1,22,82,47540.52,0,
1622,325,2,35,33,386208.63,16,
1623,325,3,4,83,16286.83,26,
1624,325,4,18,23,55322.56,6,
1625,325,5,14,88,277346.28,9,
1626,326,1,36,89,393775.63,61,
1627,326,2,39,10,78336.16,2,
1628,326,3,42,56,361531.31,0,
1629,326,4,49,68,119333.07,49,
1630,326,5,45,27,370499.59,18,
1631,327,1,30,29,177731.17,8,
1632,327,2,40,63,396887.58,36,
1633,327,3,41,51,234646.89,46,
1634,327,4,9,15,72597.49,7,
1635,327,5,26,47,373601.49,17,
1636,328,1,20,1,328053.14,0,
1637,328,2,31,57,478312.52,33,
1638,328,3,23,82,34971.69,42,
1639,328,4,12,67,432868.94,51,
1640,328,5,12,98,379185.46,42,
1641,329,1,17,13,149268.72,10,
1642,329,2,1,58,222508.96,0,
1643,329,3,43,16,86113.67,6,
1644,329,4,3,11,440386.0,6,
1645,329,5,17,69,345714.97,37,
1646,330,1,32,51,52008.73,33,
1647,330,2,6,27,260306.83,7,
1648,330,3,38,81,371559.45,31,
1649,330,4,23,32,377942.14,25,
1650,330,5,35,10,477110.32,8,
1651,331,1,16,53,248384.43,52,
1652,331,2,34,22,354540.07,12,
1653,331,3,32,71,398050.35,25,
1654,331,4,10,28,283410.48,11,
1655,331,5,14,41,101088.02,22,
1656,332,1,44,26,457503.71,25,
1657,332,2,8,63,282339.04,7,
1658,332,3,9,67,393763.12,58,
1659,332,4,31,60,454628.83,38,
1660,332,5,18,13,140391.18,12,
1661,333,1,43,42,243604.34,6,
1662,333,2,25,12,368241.05,7,
1663,333,3,37,53,494969.26,8,
1664,333,4,19,70,497485.45,63,
1665,333,5,13,76,5311.34,71,
1666,334,1,19,82,203133.8,78,
1667,334,2,8,76,186604.02,73,
1668,334,3,22,57,434355.15,16,
1669,334,4,38,8,412407.8,4,
1670,334,5,27,90,112646.0,37,
1671,335,1,12,45,421185.04,5,
1672,335,2,28,90,497899.1,49,
1673,335,3,22,29,486071.95,24,
1674,335,4,14,28,7928.33,7,
1675,335,5,44,58,347597.92,45,
1676,336,1,4,26,143467.21,6,
1677,336,2,48,96,8722.91,68,
1678,336,3,3,18,14543.96,13,
1679,336,4,45,61,16656.9,23,
1680,336,5,12,73,352628.54,73,
1681,337,1,44,80,271621.11,24,
1682,337,2,47,16,358528.93,14,
1683,337,3,17,10,473720.68,10,
1684,337,4,48,11,123383.19,0,
1685,337,5,38,19,344854.07,9,
1686,338,1,24,31,257184.46,12,
1687,338,2,21,97,37660.35,43,
1688,338,3,43,67,281985.18,42,
1689,338,4,42,79,314600.77,0,
1690,338,5,49,52,26824.33,45,
1691,339,1,17,66,245134.32,20,
1692,339,2,27,52,400737.48,10,
1693,339,3,39,31,288337.51,8,
1694,339,4,26,80,169185.58,62,
1695,339,5,49,12,382795.3,8,
1696,340,1,13,44,204236.42,10,
1697,340,2,35,73,119787.76,56,
1698,340,3,11,56,212550.34,35,
1699,340,4,9,8,10581.16,6,
1700,340,5,9,40,200515.43,35,
1701,341,1,43,7,169265.75,4,
1702,341,2,49,13,292825.78,13,
1703,341,3,41,71,450618.65,59,
1704,341,4,26,32,125948.84,5,
1705,341,5,3,73,426140.96,45,
1706,342,1,20,14,153984.57,0,
1707,342,2,12,79,30033.73,63,
1708,342,3,12,74,185960.15,11,
1709,342,4,10,40,21852.77,28,
1710,342,5,49,13,495059.3,13,
1711,343,1,8,95,41750.89,25,
1712,343,2,34,41,35337.98,23,
1713,343,3,37,81,149093.63,70,
1714,343,4,6,28,297665.31,14,
1715,343,5,48,55,309354.12,33,
1716,344,1,32,23,120789.61,1,
1717,344,2,46,28,346363.78,13,
1718,344,3,9,42,356482.8,4,
1719,344,4,15,35,30792.42,34,
1720,344,5,24,10,21025.73,9,
1721,345,1,15,99,134646.85,72,
1722,345,2,33,69,122266.07,38,
1723,345,3,34,44,200889.59,39,
1724,345,4,49,58,164456.47,25,
1725,345,5,40,8,221851.77,2,
1726,346,1,28,86,148307.73,73,
1727,346,2,3,11,11786.88,8,
1728,346,3,32,22,492892.4,13,
1729,346,4,34,26,397354.04,17,
1730,346,5,6,75,309237.49,66,
1731,347,1,2,52,40476.04,38,
1732,347,2,22,29,99429.46,9,
1733,347,3,37,71,150556.47,11,
1734,347,4,4,39,487381.81,9,
1735,347,5,27,21,218282.84,15,
1736,348,1,3,34,169027.39,31,
1737,348,2,20,52,470881.14,19,
1738,348,3,4,32,113414.5,15,
1739,348,4,14,56,205721.46,11,
1740,348,5,50,79,117796.25,5,
1741,349,1,15,90,234911.64,8,
1742,349,2,5,6,198881.65,4,
1743,349,3,9,51,331147.71,8,
1744,349,4,29,20,44407.0,20,
1745,349,5,16,55,346223.9,46,
1746,350,1,27,64,116059.12,2,
1747,350,2,38,19,353192.34,10,
1748,350,3,3,66,379993.4,15,
1749,350,4,35,35,290094.63,26,
1750,350,5,48,68,468832.73,47,
1751,351,1,20,74,212679.04,19,
1752,351,2,42,67,456246.21,12,
1753,351,3,27,19,479823.53,18,
1754,351,4,3,54,360284.36,26,
1755,351,5,7,47,382550.63,1,
1756,352,1,27,31,509.12,30,
1757,352,2,48,49,111036.49,20,
1758,352,3,43,6,216752.54,1,
1759,352,4,16,3,243688.65,0,
1760,352,5,46,86,443290.18,6,
1761,353,1,14,42,180798.29,13,
1762,353,2,2,50,77119.32,39,
1763,353,3,5,78,24748.79,57,
1764,353,4,40,24,109360.34,13,
1765,353,5,44,50,489463.64,29,
1766,354,1,34,49,206618.36,25,
1767,354,2,41,59,230139.33,58,
1768,354,3,7,62,89952.14,23,
1769,354,4,39,80,342778.4,48,
1770,354,5,46,51,362995.32,21,
1771,355,1,43,40,276844.53,15,
1772,355,2,48,70,488035.55,12,
1773,355,3,27,97,324641.61,21,
1774,355,4,44,44,127980.94,25,
1775,355,5,30,47,280813.93,40,
1776,356,1,33,36,257279.88,2,
1777,356,2,24,90,226058.37,54,
1778,356,3,4,5,72018.46,4,
1779,356,4,43,67,231973.83,55,
1780,356,5,8,27,472219.13,14,
1781,357,1,34,23,275458.11,9,
1782,357,2,41,56,353482.18,35,
1783,357,3,28,37,63570.23,14,
1784,357,4,22,42,458369.01,25,
1785,357,5,29,48,436464.88,19,
1786,358,1,36,53,285501.98,29,
1787,358,2,50,45,145613.12,44,
1788,358,3,7,47,230423.21,28,
1789,358,4,5,48,441630.08,3,
1790,358,5,27,14,379060.21,3,
1791,359,1,26,70,332971.57,47,
1792,359,2,9,21,400919.25,4,
1793,359,3,36,2,49062.62,0,
1794,359,4,27,37,119260.76,31,
1795,359,5,2,42,199062.48,7,
1796,360,1,49,23,76920.14,5,
1797,360,2,10,19,154643.73,17,
1798,360,3,22,27,214632.58,10,
1799,360,4,2,63,16579.98,25,
1800,360,5,8,34,438136.0,9,
1801,361,1,29,97,495294.44,83,
1802,361,2,31,20,204372.15,13,
1803,361,3,3,2,392571.09,2,
1804,361,4,35,84,1919.17,40,
1805,361,5,25,19,155967.57,10,
1806,362,1,21,31,489780.34,22,
1807,362,2,14,31,188898.47,2,
1808,362,3,46,95,471196.91,14,
1809,362,4,19,62,150884.26,5,
1810,362,5,39,65,484017.4,64,
1811,363,1,25,39,31874.75,12,
1812,363,2,32,32,99374.04,23,
1813,363,3,28,56,438528.9,41,
1814,363,4,49,13,484394.01,12,
1815,363,5,43,16,408110.0,3,
1816,364,1,13,75,269481.59,65,
1817,364,2,42,81,250387.93,62,
1818,364,3,19,87,218959.01,21,
1819,364,4,16,4,163831.2,2,
1820,364,5,38,80,17094.21,40,
1821,365,1,50,86,62372.95,9,
1822,365,2,48,47,73679.6,17,
1823,365,3,35,53,189084.24,44,
1824,365,4,14,76,278661.97,52,
1825,365,5,25,29,298987.25,24,
1826,366,1,23,63,294964.95,35,
1827,366,2,10,96,201090.15,75,
1828,366,3,11,33,251728.0,16,
1829,366,4,22,64,28582.3,54,
1830,366,5,5,92,214817.3,27,
1831,367,1,34,90,333755.77,15,
1832,367,2,5,76,125854.6,22,
1833,367,3,38,4,16079.47,3,
1834,367,4,31,11,465578.5,5,
1835,367,5,14,63,160530.94,22,
1836,368,1,16,81,172546.51,73,
1837,368,2,11,82,320416.09,3,
1838,368,3,5,48,366747.82,24,
1839,368,4,33,94,479127.11,73,
1840,368,5,35,62,106380.62,31,
1841,369,1,19,17,402044.41,0,
1842,369,2,28,95,147866.02,86,
1843,369,3,11,54,63882.27,22,
1844,369,4,44,51,425169.22,4,
1845,369,5,35,94,374359.27,50,
1846,370,1,28,31,284073.87,23,
1847,370,2,43,81,21333.75,60,
1848,370,3,18,15,91860.74,3,
1849,370,4,50,70,220735.63,0,
1850,370,5,9,8,483581.88,2,
1851,371,1,31,21,124481.46,5,
1852,371,2,43,79,432484.99,75,
1853,371,3,44,77,468309.72,73,
1854,371,4,30,75,257270.22,27,
1855,371,5,10,62,262365.54,35,
1856,372,1,15,4,411695.57,1,
1857,372,2,12,67,484468.79,49,
1858,372,3,7,78,434760.38,61,
1859,372,4,28,24,456604.61,11,
1860,372,5,15,33,252785.64,4,
1861,373,1,25,36,350904.8,22,
1862,373,2,32,58,354974.28,40,
1863,373,3,49,8,369434.04,5,
1864,373,4,5,73,262465.83,70,
1865,373,5,41,54,344271.59,42,
1866,374,1,1,79,372119.54,19,
1867,374,2,32,11,334140.22,4,
1868,374,3,40,6,220632.46,2,
1869,374,4,40,50,152987.35,41,
1870,374,5,14,19,120958.34,9,
1871,375,1,27,99,142263.6,70,
1872,375,2,23,43,268943.71,18,
1873,375,3,30,33,287065.63,11,
1874,375,4,49,53,262693.4,12,
1875,375,5,48,31,99563.53,5,
1876,376,1,37,30,13666.52,17,
1877,376,2,6,74,11210.4,69,
1878,376,3,1,83,143107.94,72,
1879,376,4,31,8,167482.31,8,
1880,376,5,27,94,499802.36,6,
1881,377,1,15,19,11384.04,15,
1882,377,2,33,86,199539.32,56,
1883,377,3,24,10,12178.29,9,
1884,377,4,13,56,251153.13,47,
1885,377,5,2,10,235504.86,2,
1886,378,1,47,25,13539.29,3,
1887,378,2,19,21,398460.95,3,
1888,378,3,21,18,130552.09,17,
1889,378,4,12,34,144425.44,17,
1890,378,5,44,25,326467.45,8,
1891,379,1,40,42,128737.84,27,
1892,379,2,17,13,128847.2,4,
1893,379,3,25,55,275169.48,55,
1894,379,4,45,64,295447.27,39,
1895,379,5,17,86,356611.93,49,
1896,380,1,7,45,23042.52,16,
1897,380,2,21,46,168972.18,26,
1898,380,3,36,90,477070.09,2,
1899,380,4,5,15,139107.5,1,
1900,380,5,15,35,275919.87,30,
1901,381,1,18,77,350767.88,72,
1902,381,2,8,31,121871.64,25,
1903,381,3,19,34,287193.23,20,
1904,381,4,20,72,28236.2,53,
1905,381,5,32,26,409067.06,1,
1906,382,1,47,66,398285.39,66,
1907,382,2,3,99,393163.91,45,
1908,382,3,23,92,220038.96,54,
1909,382,4,5,100,442961.53,14,
1910,382,5,21,87,143963.88,58,
1911,383,1,4,90,426106.32,4,
1912,383,2,22,93,384907.94,15,
1913,383,3,16,50,485223.88,39,
1914,383,4,27,60,477461.55,2,
1915,383,5,7,27,274207.46,24,
1916,384,1,23,47,395599.93,17,
1917,384,2,25,68,439879.75,20,
1918,384,3,23,81,385718.08,75,
1919,384,4,2,84,98769.0,36,
1920,384,5,5,8,329227.5,2,
1921,385,1,18,1,473122.63,1,
1922,385,2,49,13,76107.91,6,
1923,385,3,7,80,216376.49,35,
1924,385,4,37,68,101561.83,53,
1925,385,5,40,44,172001.77,35,
1926,386,1,13,17,249312.5,9,
1927,386,2,45,26,381848.97,11,
1928,386,3,38,15,93300.22,0,
1929,386,4,35,9,106655.98,9,
1930,386,5,45,8,154355.8,7,
1931,387,1,10,21,278951.31,2,
1932,387,2,10,17,77008.41,12,
1933,387,3,42,1,224955.12,1,
1934,387,4,9,86,327920.87,80,
1935,387,5,20,39,176947.23,17,
1936,388,1,33,32,253440.65,19,
1937,388,2,7,97,136886.18,22,
1938,388,3,2,49,300257.43,23,
1939,388,4,18,27,56800.49,2,
1940,388,5,28,66,253041.03,2,
1941,389,1,38,88,490217.08,2,
1942,389,2,39,64,495023.03,42,
1943,389,3,42,66,393464.92,64,
1944,389,4,40,91,136156.77,6,
1945,389,5,18,27,485041.13,24,
1946,390,1,43,21,491660.75,11,
1947,390,2,30,28,152166.95,14,
1948,390,3,22,16,492324.28,16,
1949,390,4,29,36,345099.13,10,
1950,390,5,32,99,252785.79,82,
1951,391,1,7,33,3366.56,27,
1952,391,2,4,61,171696.7,58,
1953,391,3,41,48,250790.93,22,
1954,391,4,33,77,263257.98,3,
1955,391,5,10,67,240323.4,41,
1956,392,1,22,81,253235.19,8,
1957,392,2,20,77,381283.68,14,
1958,392,3,27,24,106225.32,20,
1959,392,4,9,54,271684.73,3,
1960,392,5,27,19,441339.43,15,
1961,393,1,8,46,427134.09,20,
1962,393,2,48,85,440340.56,56,
1963,393,3,17,64,74890.57,23,
1964,393,4,19,25,287226.46,23,
1965,393,5,41,56,467439.08,37,
1966,394,1,38,32,460789.98,19,
1967,394,2,44,77,92660.7,50,
1968,394,3,49,76,471792.99,0,
1969,394,4,18,79,292624.11,15,
1970,394,5,17,25,220365.96,15,
1971,395,1,29,20,376848.02,10,
1972,395,2,6,20,333369.97,3,
1973,395,3,21,60,204383.74,38,
1974,395,4,3,42,182289.23,17,
1975,395,5,15,10,238574.29,9,
1976,396,1,29,29,268847.92,9,
1977,396,2,15,1,298507.81,0,
1978,396,3,3,24,323320.21,24,
1979,396,4,31,19,364851.22,6,
1980,396,5,27,66,124714.74,43,
1981,397,1,3,68,55370.06,66,
1982,397,2,34,37,84382.34,0,
1983,397,3,24,88,181443.36,35,
1984,397,4,24,88,266361.94,72,
1985,397,5,18,37,459541.64,2,
1986,398,1,20,25,58470.59,6,
1987,398,2,13,44,328519.17,13,
1988,398,3,46,21,473919.13,17,
1989,398,4,26,68,402276.78,0,
1990,398,5,10,28,493948.34,20,
1991,399,1,8,10,72267.48,9,
1992,399,2,31,52,288569.31,21,
1993,399,3,24,75,472150.05,73,
1994,399,4,25,11,197554.84,0,
1995,399,5,28,81,484585.23,78,
1996,400,1,47,23,401191.67,14,
1997,400,2,42,29,322337.68,26,
1998,400,3,28,34,39723.67,29,
1999,400,4,9,22,318381.4,12,
2000,400,5,3,91,10811.65,59,
2001,401,1,25,32,160985.68,3,
2002,401,2,34,79,414033.35,7,
2003,401,3,1,25,163049.18,3,
2004,401,4,48,94,275495.77,8,
2005,401,5,28,18,289507.28,11,
2006,402,1,9,55,262182.04,41,
2007,402,2,30,25,214188.01,5,
2008,402,3,29,95,432168.78,81,
2009,402,4,4,16,319184.26,7,
2010,402,5,6,73,389023.76,55,
2011,403,1,48,27,105015.45,18,
2012,403,2,26,47,473308.91,14,
2013,403,3,28,7,488533.62,6,
2014,403,4,50,17,246348.85,0,
2015,403,5,1,78,380879.91,5,
2016,404,1,19,80,391008.9,17,
2017,404,2,15,41,495579.47,6,
2018,404,3,26,95,491025.27,80,
2019,404,4,23,32,271624.62,16,
2020,404,5,41,66,73814.63,41,
2021,405,1,21,83,147774.93,69,
2022,405,2,33,1,400568.25,1,
2023,405,3,14,64,476936.6,16,
2024,405,4,44,55,89525.95,10,
2025,405,5,37,20,226772.52,13,
2026,406,1,16,12,444126.39,1,
2027,406,2,9,42,259244.36,39,
2028,406,3,42,89,250461.08,50,
2029,406,4,4,34,314339.59,17,
2030,406,5,4,48,334721.9,35,
2031,407,1,24,16,361906.28,10,
2032,407,2,25,57,419075.62,38,
2033,407,3,38,9,479028.03,4,
2034,407,4,25,18,20743.94,10,
2035,407,5,8,22,65143.56,21,
2036,408,1,29,69,153580.69,8,
2037,408,2,49,3,261978.87,1,
2038,408,3,47,21,418328.81,17,
2039,408,4,26,95,457189.88,60,
2040,408,5,37,95,205955.03,46,
2041,409,1,3,2,77050.7,0,
2042,409,2,44,47,327148.8,1,
2043,409,3,26,10,136417.73,9,
2044,409,4,9,18,290661.04,9,
2045,409,5,41,36,129315.6,2,
2046,410,1,19,29,101097.87,26,
2047,410,2,28,22,219497.32,13,
2048,410,3,47,80,448458.4,63,
2049,410,4,40,28,33352.0,21,
2050,410,5,29,38,78121.48,16,
2051,411,1,14,59,373774.18,35,
2052,411,2,27,84,416224.73,38,
2053,411,3,36,86,22968.82,65,
2054,411,4,23,83,343151.97,43,
2055,411,5,10,45,230700.05,11,
2056,412,1,32,17,47721.15,6,
2057,412,2,5,50,498987.16,23,
2058,412,3,43,38,298717.29,7,
2059,412,4,33,47,472678.3,0,
2060,412,5,14,69,124618.37,67,
2061,413,1,41,67,432213.21,12,
2062,413,2,49,2,50594.29,1,
2063,413,3,44,32,443718.14,24,
2064,413,4,3,69,38166.74,8,
2065,413,5,6,18,200087.33,1,
2066,414,1,26,80,27431.0,16,
2067,414,2,33,68,371315.77,7,
2068,414,3,48,42,62836.91,32,
2069,414,4,15,12,318478.96,4,
2070,414,5,32,55,151090.46,46,
2071,415,1,19,97,344970.22,32,
2072,415,2,32,45,157341.23,30,
2073,415,3,13,64,318862.34,58,
2074,415,4,14,70,452373.31,6,
2075,415,5,30,35,473653.59,8,
2076,416,1,45,63,36254.77,49,
2077,416,2,47,77,430440.12,18,
2078,416,3,28,92,260151.6,55,
2079,416,4,45,27,144622.88,25,
2080,416,5,8,24,431837.04,21,
2081,417,1,37,8,163799.05,3,
2082,417,2,20,93,194145.14,64,
2083,417,3,36,73,136662.78,18,
2084,417,4,33,60,397818.76,33,
2085,417,5,2,63,32011.05,3,
2086,418,1,10,34,449075.18,12,
2087,418,2,12,14,195491.24,7,
2088,418,3,21,45,91220.63,7,
2089,418,4,42,15,179180.14,3,
2090,418,5,15,24,165180.03,18,
2091,419,1,31,62,438121.7,58,
2092,419,2,17,20,150835.37,5,
2093,419,3,18,93,38381.72,93,
2094,419,4,40,58,81866.94,35,
2095,419,5,44,15,199106.53,13,
2096,420,1,46,86,249118.22,75,
2097,420,2,39,54,249171.36,17,
2098,420,3,7,60,260451.38,9,
2099,420,4,7,96,421122.41,76,
2100,420,5,27,20,279552.91,15,
2101,421,1,23,37,411941.73,19,
2102,421,2,49,78,477041.04,40,
2103,421,3,23,3,210467.01,2,
2104,421,4,43,85,99691.49,28,
2105,421,5,49,92,174752.74,71,
2106,422,1,21,72,443881.01,26,
2107,422,2,2,51,335921.17,20,
2108,422,3,31,3,369957.18,0,
2109,422,4,47,94,243131.32,34,
2110,422,5,12,48,428910.97,16,
2111,423,1,1,11,209508.41,8,
2112,423,2,25,41,139832.28,12,
2113,423,3,4,30,245510.87,20,
2114,423,4,18,26,228981.33,23,
2115,423,5,9,73,56515.88,38,
2116,424,1,17,29,286456.7,6,
2117,424,2,33,96,395474.64,88,
2118,424,3,23,6,182529.85,0,
2119,424,4,2,14,248412.1,14,
2120,424,5,17,96,200540.3,91,
2121,425,1,29,36,458856.2,24,
2122,425,2,49,85,86542.9,39,
2123,425,3,20,49,3686.41,14,
2124,425,4,9,93,379800.44,24,
2125,425,5,32,95,476775.92,8,
2126,426,1,48,40,201493.69,38,
2127,426,2,28,34,463438.62,28,
2128,426,3,20,33,76168.47,17,
2129,426,4,9,48,257969.26,31,
2130,426,5,18,93,442972.93,78,
2131,427,1,20,69,4688.75,14,
2132,427,2,3,31,448544.87,11,
2133,427,3,16,6,242971.06,1,
2134,427,4,21,5,295894.4,1,
2135,427,5,35,3,226213.73,0,
2136,428,1,24,15,155170.67,7,
2137,428,2,17,98,229817.74,14,
2138,428,3,40,81,494648.46,71,
2139,428,4,45,18,259831.87,16,
2140,428,5,40,3,412046.26,1,
2141,429,1,26,63,498490.81,28,
2142,429,2,33,64,483824.27,52,
2143,429,3,20,49,55816.34,4,
2144,429,4,11,46,227815.14,15,
2145,429,5,20,98,92193.69,63,
2146,430,1,48,42,478783.88,37,
2147,430,2,18,19,337449.25,7,
2148,430,3,15,72,127460.87,13,
2149,430,4,14,28,181836.61,3,
2150,430,5,10,97,291516.62,7,
2151,431,1,30,36,340750.6,13,
2152,431,2,21,86,83615.99,75,
2153,431,3,28,75,348975.41,8,
2154,431,4,7,73,36528.21,52,
2155,431,5,7,56,235719.81,10,
2156,432,1,36,84,491784.77,81,
2157,432,2,15,31,408505.66,21,
2158,432,3,33,56,492865.58,36,
2159,432,4,46,50,314812.03,19,
2160,432,5,6,97,34457.32,78,
2161,433,1,27,2,77614.48,0,
2162,433,2,31,67,494934.64,31,
2163,433,3,34,33,321471.22,3,
2164,433,4,22,1,121867.0,1,
2165,433,5,27,61,433502.85,61,
2166,434,1,29,100,364094.92,74,
2167,434,2,46,73,272915.39,5,
2168,434,3,19,8,493812.21,2,
2169,434,4,28,90,333338.92,46,
2170,434,5,15,62,122135.76,41,
2171,435,1,32,20,135251.73,16,
2172,435,2,7,31,62715.97,23,
2173,435,3,5,52,115184.7,16,
2174,435,4,4,98,79107.03,13,
2175,435,5,45,5,166975.52,0,
2176,436,1,31,82,310674.32,32,
2177,436,2,49,97,199133.69,48,
2178,436,3,17,88,210684.95,64,
2179,436,4,21,60,311425.73,7,
2180,436,5,19,11,307847.56,0,
2181,437,1,45,39,432367.32,35,
2182,437,2,23,22,87083.71,17,
2183,437,3,20,31,133653.65,18,
2184,437,4,39,84,487938.63,62,
2185,437,5,34,61,436311.85,46,
2186,438,1,2,100,338061.6,16,
2187,438,2,25,24,251200.09,0,
2188,438,3,9,18,409101.3,17,
2189,438,4,6,3,26010.02,0,
2190,438,5,11,52,228380.86,13,
2191,439,1,33,3,66911.33,0,
2192,439,2,40,2,282641.8,0,
2193,439,3,46,59,287085.72,17,
2194,439,4,22,47,135609.45,3,
2195,439,5,4,37,372425.26,11,
2196,440,1,8,26,260281.32,0,
2197,440,2,3,54,156169.96,39,
2198,440,3,7,99,137541.62,3,
2199,440,4,38,67,377799.34,3,
2200,440,5,3,91,238886.97,36,
2201,441,1,50,68,426400.32,13,
2202,441,2,17,51,472409.14,9,
2203,441,3,37,29,284656.45,11,
2204,441,4,29,96,44707.38,83,
2205,441,5,16,90,356406.76,41,
2206,442,1,15,48,344606.73,19,
2207,442,2,33,36,399784.31,34,
2208,442,3,10,8,234661.39,5,
2209,442,4,18,51,69674.0,14,
2210,442,5,13,42,405388.7,13,
2211,443,1,35,61,436157.13,53,
2212,443,2,38,50,111923.57,16,
2213,443,3,3,30,312072.53,7,
2214,443,4,23,75,186471.67,43,
2215,443,5,31,69,148561.42,9,
2216,444,1,30,28,382473.79,14,
2217,444,2,9,54,378786.02,12,
2218,444,3,43,5,468228.11,3,
2219,444,4,48,31,301454.66,14,
2220,444,5,14,52,330562.09,5,
2221,445,1,24,75,150456.19,55,
2222,445,2,49,51,438287.38,29,
2223,445,3,18,79,312404.09,62,
2224,445,4,8,70,65621.69,28,
2225,445,5,50,43,495777.69,0,
2226,446,1,3,56,74360.1,8,
2227,446,2,10,28,266228.42,17,
2228,446,3,35,13,153904.48,5,
2229,446,4,2,67,25798.16,9,
2230,446,5,45,57,287955.9,8,
2231,447,1,43,39,27177.33,29,
2232,447,2,33,50,41730.3,45,
2233,447,3,14,8,9507.41,0,
2234,447,4,41,75,163853.3,60,
2235,447,5,44,66,152096.6,57,
2236,448,1,19,18,318374.52,18,
2237,448,2,14,36,292720.92,16,
2238,448,3,7,9,105686.89,2,
2239,448,4,43,21,318351.7,2,
2240,448,5,47,64,203809.68,20,
2241,449,1,42,92,279165.99,13,
2242,449,2,7,93,75025.73,0,
2243,449,3,47,94,257071.36,12,
2244,449,4,13,37,482425.98,23,
2245,449,5,7,30,347126.7,25,
2246,450,1,44,39,363586.85,14,
2247,450,2,33,45,366290.75,39,
2248,450,3,46,7,432537.78,4,
2249,450,4,29,91,407282.91,36,
2250,450,5,23,18,347080.79,7,
2251,451,1,35,25,384169.51,24,
2252,451,2,29,31,371418.65,15,
2253,451,3,34,59,10877.68,55,
2254,451,4,25,58,49518.19,2,
2255,451,5,27,12,315328.98,6,
2256,452,1,16,52,387445.63,19,
2257,452,2,32,94,112311.8,41,
2258,452,3,14,14,38571.47,11,
2259,452,4,34,54,382277.89,44,
2260,452,5,32,75,62937.1,49,
2261,453,1,15,43,272654.88,1,
2262,453,2,26,67,220936.87,25,
2263,453,3,7,56,267203.91,12,
2264,453,4,13,74,485658.78,68,
2265,453,5,7,7,280391.03,2,
2266,454,1,47,53,138697.81,37,
2267,454,2,38,6,325270.93,4,
2268,454,3,15,43,119745.23,4,
2269,454,4,33,16,103358.88,1,
2270,454,5,36,9,390659.83,1,
2271,455,1,22,67,408677.71,48,
2272,455,2,49,92,71440.04,67,
2273,455,3,8,22,315017.42,16,
2274,455,4,41,4,79911.53,3,
2275,455,5,17,9,237920.65,8,
2276,456,1,26,98,372099.27,90,
2277,456,2,39,70,161338.99,61,
2278,456,3,38,41,134939.8,25,
2279,456,4,48,11,138052.41,11,
2280,456,5,36,83,371749.51,42,
2281,457,1,6,87,353082.18,67,
2282,457,2,29,39,122195.2,5,
2283,457,3,43,70,382552.68,66,
2284,457,4,43,93,44187.97,14,
2285,457,5,43,69,268950.28,16,
2286,458,1,10,32,441454.23,19,
2287,458,2,17,34,202960.85,1,
2288,458,3,43,3,321425.24,2,
2289,458,4,7,52,344912.98,36,
2290,458,5,41,54,371981.82,44,
2291,459,1,36,98,346562.36,41,
2292,459,2,20,4,59674.1,1,
2293,459,3,28,78,481924.81,60,
2294,459,4,23,61,151377.79,11,
2295,459,5,20,74,57661.76,74,
2296,460,1,31,62,9943.0,10,
2297,460,2,40,63,401515.59,11,
2298,460,3,2,87,401748.65,11,
2299,460,4,5,7,468373.42,2,
2300,460,5,30,90,119160.27,39,
2301,461,1,8,39,148502.24,20,
2302,461,2,25,60,344835.68,20,
2303,461,3,45,68,101429.15,33,
2304,461,4,46,53,200860.91,44,
2305,461,5,22,3,135545.11,2,
2306,462,1,41,56,16430.36,45,
2307,462,2,10,56,310690.53,44,
2308,462,3,5,26,403173.09,22,
2309,462,4,17,89,267329.36,3,
2310,462,5,30,14,416745.68,11,
2311,463,1,43,41,432250.04,39,
2312,463,2,3,84,241637.57,40,
2313,463,3,16,25,205181.46,2,
2314,463,4,40,8,450733.66,1,
2315,463,5,38,67,408248.4,7,
2316,464,1,32,61,373566.0,26,
2317,464,2,30,52,35410.94,45,
2318,464,3,44,16,454039.16,1,
2319,464,4,9,73,438893.19,27,
2320,464,5,40,1,419651.5,0,
2321,465,1,33,4,414736.25,4,
2322,465,2,9,97,270408.71,44,
2323,465,3,12,57,371509.41,1,
2324,465,4,10,99,22611.52,18,
2325,465,5,3,73,471433.95,54,
2326,466,1,42,71,138257.89,23,
2327,466,2,30,31,269611.13,17,
2328,466,3,22,46,267283.73,37,
2329,466,4,23,15,440329.96,14,
2330,466,5,5,38,218885.17,10,
2331,467,1,43,80,344776.01,29,
2332,467,2,24,83,484789.77,22,
2333,467,3,36,28,258933.3,19,
2334,467,4,28,67,388625.89,50,
2335,467,5,39,41,268038.67,38,
2336,468,1,27,95,310674.28,49,
2337,468,2,24,99,286684.61,70,
2338,468,3,45,9,75274.53,2,
2339,468,4,5,98,239599.45,6,
2340,468,5,14,4,331661.97,4,
2341,469,1,26,19,398016.43,17,
2342,469,2,14,64,476623.96,14,
2343,469,3,29,78,140021.87,9,
2344,469,4,2,75,336405.06,1,
2345,469,5,46,10,387050.27,0,
2346,470,1,6,19,252698.27,2,
2347,470,2,41,10,129544.01,10,
2348,470,3,16,56,294684.31,23,
2349,470,4,30,43,137836.16,27,
2350,470,5,18,3,58719.85,2,
2351,471,1,4,82,370407.76,68,
2352,471,2,45,21,19067.28,16,
2353,471,3,34,92,195179.78,32,
2354,471,4,23,44,278747.87,15,
2355,471,5,29,69,357031.33,28,
2356,472,1,25,65,23625.84,11,
2357,472,2,6,83,41602.34,25,
2358,472,3,35,69,94363.68,33,
2359,472,4,48,3,237451.3,1,
2360,472,5,20,31,345079.99,7,
2361,473,1,6,61,72492.15,37,
2362,473,2,19,5,159589.2,5,
2363,473,3,17,11,343041.37,10,
2364,473,4,34,79,9404.22,34,
2365,473,5,40,56,170207.32,0,
2366,474,1,37,10,165389.77,7,
2367,474,2,33,27,460116.79,5,
2368,474,3,6,5,448238.75,0,
2369,474,4,11,1,357593.57,0,
2370,474,5,25,63,39561.2,13,
2371,475,1,41,98,351171.77,26,
2372,475,2,2,36,19190.14,7,
2373,475,3,33,8,197703.4,2,
2374,475,4,38,76,74252.99,67,
2375,475,5,40,2,410291.74,1,
2376,476,1,5,94,359772.0,59,
2377,476,2,17,4,295793.94,3,
2378,476,3,49,85,256643.61,80,
2379,476,4,31,65,41368.8,37,
2380,476,5,14,34,264845.71,0,
2381,477,1,19,17,320288.43,9,
2382,477,2,15,8,351778.15,0,
2383,477,3,47,27,239529.54,13,
2384,477,4,27,47,201393.28,10,
2385,477,5,2,19,72095.31,1,
2386,478,1,45,8,281317.96,8,
2387,478,2,20,38,5332.81,28,
2388,478,3,27,4,273651.43,1,
2389,478,4,25,28,383224.21,12,
2390,478,5,27,36,381867.35,1,
2391,479,1,5,34,409601.7,18,
2392,479,2,7,89,29762.08,37,
2393,479,3,29,36,149900.1,9,
2394,479,4,15,24,130467.63,5,
2395,479,5,45,66,300600.35,43,
2396,480,1,30,83,311379.54,60,
2397,480,2,19,64,18283.12,26,
2398,480,3,28,47,344040.7,3,
2399,480,4,7,54,344755.68,18,
2400,480,5,38,2,443945.34,2,
2401,481,1,38,17,206464.16,6,
2402,481,2,44,17,257426.22,17,
2403,481,3,46,74,266144.86,51,
2404,481,4,24,35,164815.68,2,
2405,481,5,24,50,280237.45,26,
2406,482,1,7,35,9210.39,13,
2407,482,2,18,86,244566.09,76,
2408,482,3,26,93,15432.12,55,
2409,482,4,43,26,330640.32,7,
2410,482,5,10,42,69366.35,9,
2411,483,1,42,51,431298.16,28,
2412,483,2,17,54,136944.43,5,
2413,483,3,22,6,414413.71,3,
2414,483,4,26,77,233236.96,0,
2415,483,5,35,45,387360.54,22,
2416,484,1,45,55,96649.45,16,
2417,484,2,1,5,355898.56,5,
2418,484,3,50,55,61572.02,41,
2419,484,4,4,92,122092.81,69,
2420,484,5,6,23,190193.21,18,
2421,485,1,33,47,441357.31,9,
2422,485,2,5,31,141303.65,16,
2423,485,3,43,53,95000.92,11,
2424,485,4,48,31,195106.25,14,
2425,485,5,34,32,309806.92,2,
2426,486,1,15,44,155904.41,32,
2427,486,2,39,74,7113.66,50,
2428,486,3,6,63,7411.34,22,
2429,486,4,42,86,38413.85,22,
2430,486,5,40,90,491711.92,53,
2431,487,1,21,33,193072.71,13,
2432,487,2,3,80,30374.1,37,
2433,487,3,26,17,325430.1,10,
2434,487,4,2,84,484751.36,43,
2435,487,5,3,35,386907.3,15,
2436,488,1,30,3,447940.5,2,
2437,488,2,32,38,130004.98,24,
2438,488,3,1,15,31260.63,6,
2439,488,4,42,64,147728.61,25,
2440,488,5,26,18,366901.39,3,
2441,489,1,6,12,358295.51,11,
2442,489,2,11,16,348779.37,6,
2443,489,3,14,90,65963.97,33,
2444,489,4,40,40,419172.17,8,
2445,489,5,37,61,256402.63,40,
2446,490,1,19,28,195702.79,14,
2447,490,2,10,2,396769.01,1,
2448,490,3,20,46,258965.73,20,
2449,490,4,1,17,106260.76,17,
2450,490,5,33,94,86748.63,15,
2451,491,1,19,91,491844.76,83,
2452,491,2,49,61,352405.89,1,
2453,491,3,32,48,185435.77,11,
2454,491,4,9,6,141939.26,1,
2455,491,5,19,60,425171.09,1,
2456,492,1,34,96,339090.65,64,
2457,492,2,19,36,6668.65,13,
2458,492,3,40,99,225296.34,53,
2459,492,4,33,30,188300.09,4,
2460,492,5,32,7,83911.6,4,
2461,493,1,2,91,283218.0,47,
2462,493,2,39,2,411346.93,0,
2463,493,3,20,100,339434.67,18,
2464,493,4,37,54,317927.9,53,
2465,493,5,34,46,35295.64,26,
2466,494,1,34,65,287082.01,10,
2467,494,2,23,84,303276.53,75,
2468,494,3,28,71,83153.09,50,
2469,494,4,24,1,257714.69,0,
2470,494,5,4,25,3652.47,1,
2471,495,1,15,19,196058.0,7,
2472,495,2,12,55,261255.55,5,
2473,495,3,12,39,169326.06,35,
2474,495,4,48,1,36503.96,1,
2475,495,5,13,71,214352.9,20,
2476,496,1,44,28,74123.43,26,
2477,496,2,45,58,392757.5,1,
2478,496,3,39,41,206937.71,11,
2479,496,4,50,77,53464.91,40,
2480,496,5,17,99,363011.98,96,
2481,497,1,32,46,470103.81,10,
2482,497,2,19,68,53953.43,8,
2483,497,3,5,41,88179.8,4,
2484,497,4,23,84,194032.66,38,
2485,497,5,15,38,323996.97,4,
2486,498,1,6,10,480885.52,7,
2487,498,2,3,37,406068.6,22,
2488,498,3,21,86,28457.1,71,
2489,498,4,34,24,20539.95,6,
2490,498,5,4,53,239037.75,32,
2491,499,1,37,89,141215.23,75,
2492,499,2,38,97,200321.7,60,
2493,499,3,7,60,280630.56,48,
2494,499,4,28,58,63350.63,50,
2495,499,5,27,73,146853.77,17,
2496,500,1,44,69,51849.03,59,
2497,500,2,18,12,274856.43,1,
2498,500,3,45,17,455808.41,5,
2499,500,4,32,40,200091.65,30,
2500,500,5,34,66,241090.68,62,
2501,501,1,5,27,213938.6,15,
2502,501,2,7,47,335678.42,9,
2503,501,3,19,52,113023.5,20,
2504,501,4,42,48,456357.48,24,
2505,501,5,9,51,121155.99,47,
2506,502,1,21,99,345779.12,51,
2507,502,2,7,97,287358.08,81,
2508,502,3,40,33,479011.66,16,
2509,502,4,34,88,70554.22,45,
2510,502,5,43,66,390542.71,41,
2511,503,1,35,18,249008.01,0,
2512,503,2,22,49,281382.38,31,
2513,503,3,25,67,275285.29,46,
2514,503,4,6,15,126477.75,11,
2515,503,5,10,96,231325.59,13,
2516,504,1,30,76,49294.49,58,
2517,504,2,39,64,134434.24,10,
2518,504,3,41,50,148266.8,18,
2519,504,4,46,51,448281.01,33,
2520,504,5,47,34,77349.89,17,
2521,505,1,1,18,7315.88,18,
2522,505,2,24,52,429452.77,46,
2523,505,3,16,63,476864.12,9,
2524,505,4,14,100,234275.82,80,
2525,505,5,15,96,25170.25,72,
2526,506,1,47,22,257943.33,19,
2527,506,2,49,89,109490.84,0,
2528,506,3,33,27,32409.54,8,
2529,506,4,21,11,164578.51,7,
2530,506,5,9,9,283743.77,9,
2531,507,1,25,61,116622.58,30,
2532,507,2,47,68,61801.04,31,
2533,507,3,49,24,4334.36,8,
2534,507,4,20,3,65169.82,2,
2535,507,5,11,5,489269.38,1,
2536,508,1,32,51,297845.08,12,
2537,508,2,8,60,496543.83,11,
2538,508,3,48,24,403022.85,7,
2539,508,4,23,50,110645.44,47,
2540,508,5,22,76,412992.44,34,
2541,509,1,28,92,428042.67,67,
2542,509,2,17,82,279349.09,28,
2543,509,3,14,3,156578.16,2,
2544,509,4,2,36,38798.27,4,
2545,509,5,23,4,163998.65,1,
2546,510,1,39,61,464033.19,33,
2547,510,2,22,85,285272.49,27,
2548,510,3,41,70,122195.65,33,
2549,510,4,1,28,459513.91,17,
2550,510,5,30,82,91109.15,9,
2551,511,1,9,18,99074.38,11,
2552,511,2,7,39,459459.63,8,
2553,511,3,2,44,460034.45,11,
2554,511,4,2,38,213472.76,3,
2555,511,5,28,53,266326.97,43,
2556,512,1,44,47,112894.07,31,
2557,512,2,36,23,377096.16,21,
2558,512,3,1,77,135065.37,6,
2559,512,4,19,73,8436.06,14,
2560,512,5,42,64,440486.55,53,
2561,513,1,26,78,121211.32,42,
2562,513,2,21,34,472973.76,3,
2563,513,3,32,51,472340.09,46,
2564,513,4,17,38,179523.29,32,
2565,513,5,6,80,56591.29,76,
2566,514,1,18,91,462397.36,21,
2567,514,2,43,70,93968.79,36,
2568,514,3,23,74,450637.2,25,
2569,514,4,1,26,215423.61,20,
2570,514,5,44,13,173360.02,10,
2571,515,1,44,47,441191.99,33,
2572,515,2,49,39,292902.98,31,
2573,515,3,19,6,125163.68,1,
2574,515,4,30,6,38517.7,2,
2575,515,5,42,43,317183.95,43,
2576,516,1,49,7,353389.91,5,
2577,516,2,23,49,329027.91,13,
2578,516,3,11,4,320971.53,4,
2579,516,4,37,95,389018.17,34,
2580,516,5,17,68,380639.23,35,
2581,517,1,36,56,390359.4,29,
2582,517,2,38,69,254276.9,45,
2583,517,3,6,3,355130.16,3,
2584,517,4,30,52,293103.85,15,
2585,517,5,34,65,349721.33,55,
2586,518,1,39,39,157695.13,15,
2587,518,2,2,6,58116.32,2,
2588,518,3,47,43,461206.14,2,
2589,518,4,17,51,472081.98,45,
2590,518,5,21,46,334780.21,12,
2591,519,1,9,98,267826.87,22,
2592,519,2,10,69,317756.14,0,
2593,519,3,35,24,428394.62,20,
2594,519,4,2,86,258642.09,38,
2595,519,5,42,24,254307.17,22,
2596,520,1,14,89,12798.83,0,
2597,520,2,41,57,494075.82,54,
2598,520,3,10,48,345357.98,38,
2599,520,4,3,48,221177.25,38,
2600,520,5,3,46,116441.69,31,
2601,521,1,6,96,36733.75,41,
2602,521,2,29,68,227761.52,26,
2603,521,3,41,95,135878.42,83,
2604,521,4,2,8,156656.6,8,
2605,521,5,44,70,72842.63,53,
2606,522,1,12,67,284839.22,66,
2607,522,2,1,79,165417.9,23,
2608,522,3,27,51,166385.99,16,
2609,522,4,9,31,133772.17,9,
2610,522,5,34,30,167216.93,22,
2611,523,1,31,65,195269.92,39,
2612,523,2,41,31,207711.94,3,
2613,523,3,8,98,179099.36,35,
2614,523,4,25,57,341324.8,30,
2615,523,5,32,47,412724.81,14,
2616,524,1,33,48,163005.55,13,
2617,524,2,29,12,244818.5,12,
2618,524,3,32,17,477619.08,1,
2619,524,4,32,72,153186.28,14,
2620,524,5,38,36,2146.38,26,
2621,525,1,14,89,97194.62,45,
2622,525,2,48,39,460701.83,3,
2623,525,3,15,68,15936.59,23,
2624,525,4,32,39,469432.97,3,
2625,525,5,28,14,382219.57,5,
2626,526,1,37,51,202603.19,39,
2627,526,2,6,76,227310.22,75,
2628,526,3,44,58,133433.25,51,
2629,526,4,48,78,336543.87,22,
2630,526,5,14,23,172972.61,8,
2631,527,1,15,68,202476.07,57,
2632,527,2,21,100,245109.92,13,
2633,527,3,5,28,452057.66,10,
2634,527,4,25,1,446052.38,0,
2635,527,5,11,7,439743.71,0,
2636,528,1,5,2,86681.5,0,
2637,528,2,44,5,141627.01,2,
2638,528,3,31,12,131353.93,1,
2639,528,4,3,48,457734.97,6,
2640,528,5,40,100,496063.52,37,
2641,529,1,34,36,370050.54,4,
2642,529,2,40,27,115690.6,19,
2643,529,3,41,91,479500.41,55,
2644,529,4,10,30,168882.24,6,
2645,529,5,37,75,281786.2,64,
2646,530,1,40,12,413570.21,4,
2647,530,2,33,81,171080.68,79,
2648,530,3,7,56,257200.43,28,
2649,530,4,28,45,117173.85,14,
2650,530,5,44,63,10330.32,56,
2651,531,1,19,35,128153.32,24,
2652,531,2,46,94,67942.78,14,
2653,531,3,9,20,197092.33,3,
2654,531,4,12,8,245121.8,2,
2655,531,5,49,54,167845.29,21,
2656,532,1,32,69,444106.1,7,
2657,532,2,28,29,15828.42,16,
2658,532,3,35,48,263989.5,42,
2659,532,4,15,70,495380.07,64,
2660,532,5,6,40,55253.04,7,
2661,533,1,25,56,271420.85,21,
2662,533,2,21,91,169430.2,6,
2663,533,3,3,11,100465.45,3,
2664,533,4,4,52,129023.91,8,
2665,533,5,4,79,133705.72,48,
2666,534,1,27,72,311675.23,20,
2667,534,2,44,68,377773.15,35,
2668,534,3,38,82,257260.64,61,
2669,534,4,4,22,458451.89,12,
2670,534,5,48,17,262432.2,5,
2671,535,1,33,8,34145.47,2,
2672,535,2,38,24,44036.65,13,
2673,535,3,45,8,258376.5,5,
2674,535,4,43,88,414250.79,55,
2675,535,5,3,72,145849.05,55,
2676,536,1,41,35,325987.87,34,
2677,536,2,3,73,263866.78,50,
2678,536,3,22,95,282166.39,67,
2679,536,4,22,65,56347.52,33,
2680,536,5,16,77,35775.79,34,
2681,537,1,36,19,345178.21,7,
2682,537,2,26,13,362953.2,7,
2683,537,3,39,9,113704.13,7,
2684,537,4,48,69,198539.69,58,
2685,537,5,35,91,147111.72,69,
2686,538,1,45,88,225505.6,44,
2687,538,2,40,88,152064.33,76,
2688,538,3,21,45,419292.25,40,
2689,538,4,8,17,108574.34,8,
2690,538,5,26,72,383866.62,23,
2691,539,1,17,83,206461.46,10,
2692,539,2,20,66,88049.9,20,
2693,539,3,1,26,244945.37,0,
2694,539,4,34,16,288147.01,0,
2695,539,5,33,53,260887.09,28,
2696,540,1,21,27,154034.16,22,
2697,540,2,49,39,32804.72,12,
2698,540,3,15,16,87115.39,9,
2699,540,4,3,1,267419.48,1,
2700,540,5,41,6,349347.86,1,
2701,541,1,33,36,211839.81,8,
2702,541,2,24,28,161545.56,16,
2703,541,3,21,41,422211.87,41,
2704,541,4,40,93,413744.01,85,
2705,541,5,35,25,41145.87,9,
2706,542,1,18,14,33204.79,14,
2707,542,2,25,62,300064.08,27,
2708,542,3,3,2,66937.81,0,
2709,542,4,17,36,20602.4,6,
2710,542,5,24,69,476036.3,5,
2711,543,1,13,40,434483.6,16,
2712,543,2,34,31,169780.28,30,
2713,543,3,23,17,337403.54,8,
2714,543,4,22,69,409253.77,12,
2715,543,5,12,21,90553.6,5,
2716,544,1,14,60,459215.03,45,
2717,544,2,21,37,54476.96,25,
2718,544,3,33,8,121808.92,2,
2719,544,4,11,59,300544.75,15,
2720,544,5,25,29,248340.25,10,
2721,545,1,22,87,210136.23,20,
2722,545,2,37,51,141619.66,21,
2723,545,3,15,37,157560.36,35,
2724,545,4,13,3,395071.43,3,
2725,545,5,12,96,68375.49,57,
2726,546,1,46,95,246984.1,7,
2727,546,2,28,22,362565.05,9,
2728,546,3,42,62,270112.22,35,
2729,546,4,26,12,376493.85,4,
2730,546,5,16,99,73605.77,31,
2731,547,1,8,56,345088.6,7,
2732,547,2,13,24,25048.23,15,
2733,547,3,26,8,453429.67,5,
2734,547,4,14,19,100233.55,2,
2735,547,5,19,65,411195.92,13,
2736,548,1,45,72,462888.23,51,
2737,548,2,36,39,399838.35,27,
2738,548,3,26,15,301049.15,9,
2739,548,4,25,91,172980.51,31,
2740,548,5,10,80,109733.13,58,
2741,549,1,35,16,413753.82,3,
2742,549,2,39,28,454280.39,8,
2743,549,3,6,45,38475.32,1,
2744,549,4,1,17,44619.25,9,
2745,549,5,6,78,88480.25,12,
2746,550,1,32,39,264877.54,17,
2747,550,2,44,48,438218.82,12,
2748,550,3,40,12,425331.86,7,
2749,550,4,21,11,331626.05,8,
2750,550,5,35,7,390827.18,0,
2751,551,1,24,90,187619.75,4,
2752,551,2,22,26,206197.23,25,
2753,551,3,3,42,484947.16,23,
2754,551,4,37,78,39542.57,4,
2755,551,5,6,30,87683.85,15,
2756,552,1,9,38,341962.56,18,
2757,552,2,42,12,399093.58,7,
2758,552,3,18,65,218387.17,61,
2759,552,4,11,51,135960.33,21,
2760,552,5,32,26,116263.84,10,
2761,553,1,33,47,288588.43,28,
2762,553,2,26,18,7551.88,0,
2763,553,3,2,30,241989.48,27,
2764,553,4,19,70,146043.8,17,
2765,553,5,41,17,43327.23,4,
2766,554,1,22,72,218386.55,20,
2767,554,2,19,84,181716.52,74,
2768,554,3,30,54,280526.17,15,
2769,554,4,7,94,100176.26,41,
2770,554,5,22,10,150613.74,6,
2771,555,1,13,80,70199.3,70,
2772,555,2,44,50,345370.9,18,
2773,555,3,19,55,329611.63,10,
2774,555,4,22,68,114829.23,47,
2775,555,5,18,60,105246.11,17,
2776,556,1,38,40,45744.44,16,
2777,556,2,8,73,430553.54,28,
2778,556,3,49,95,47869.9,4,
2779,556,4,32,8,480082.92,2,
2780,556,5,7,29,12514.47,22,
2781,557,1,36,2,90488.25,2,
2782,557,2,36,27,286412.33,0,
2783,557,3,11,19,195070.65,19,
2784,557,4,14,46,354730.91,18,
2785,557,5,15,95,310020.1,68,
2786,558,1,35,21,140556.91,20,
2787,558,2,6,43,54045.95,29,
2788,558,3,39,52,296061.54,38,
2789,558,4,2,93,413121.95,74,
2790,558,5,1,14,160798.97,10,
2791,559,1,14,25,491000.46,4,
2792,559,2,27,65,240650.67,6,
2793,559,3,11,45,354555.33,37,
2794,559,4,5,53,368540.83,10,
2795,559,5,14,30,379044.41,18,
2796,560,1,9,1,422528.37,1,
2797,560,2,8,56,383031.96,5,
2798,560,3,31,11,351668.32,1,
2799,560,4,41,12,103768.23,1,
2800,560,5,19,78,419177.19,1,
2801,561,1,50,52,230184.09,10,
2802,561,2,41,87,406573.31,47,
2803,561,3,2,96,266228.59,41,
2804,561,4,11,18,424016.96,12,
2805,561,5,21,82,61022.46,26,
2806,562,1,31,24,264164.63,2,
2807,562,2,11,66,224485.91,55,
2808,562,3,29,85,132161.65,12,
2809,562,4,37,32,21197.81,14,
2810,562,5,22,84,292290.34,21,
2811,563,1,22,37,52834.48,15,
2812,563,2,24,3,189345.65,1,
2813,563,3,30,43,199998.01,5,
2814,563,4,18,98,344560.12,74,
2815,563,5,43,92,313481.18,7,
2816,564,1,17,4,489541.09,0,
2817,564,2,9,67,199623.38,39,
2818,564,3,48,83,366488.24,15,
2819,564,4,28,84,202454.46,41,
2820,564,5,21,2,460474.01,0,
2821,565,1,46,40,404625.41,15,
2822,565,2,45,22,226726.15,20,
2823,565,3,44,83,452398.48,54,
2824,565,4,26,63,170750.64,32,
2825,565,5,27,84,314289.25,44,
2826,566,1,18,97,410415.58,85,
2827,566,2,1,40,15831.69,14,
2828,566,3,50,24,70982.14,11,
2829,566,4,21,26,200460.48,15,
2830,566,5,44,67,5961.36,31,
2831,567,1,29,27,445812.39,12,
2832,567,2,36,59,209192.08,47,
2833,567,3,46,53,188380.87,33,
2834,567,4,50,51,47180.42,3,
2835,567,5,5,85,325407.85,61,
2836,568,1,31,90,336846.22,42,
2837,568,2,30,71,41121.7,13,
2838,568,3,22,5,136359.95,0,
2839,568,4,48,98,184009.83,7,
2840,568,5,33,10,75454.01,2,
2841,569,1,30,68,349195.53,55,
2842,569,2,34,32,48564.85,12,
2843,569,3,34,1,295852.97,1,
2844,569,4,27,57,400991.15,47,
2845,569,5,35,95,310533.33,10,
2846,570,1,49,62,242349.09,2,
2847,570,2,34,18,176919.23,1,
2848,570,3,24,9,163321.23,5,
2849,570,4,35,79,440284.57,3,
2850,570,5,50,15,168232.04,14,
2851,571,1,45,83,297381.54,82,
2852,571,2,45,44,62887.89,10,
2853,571,3,37,100,387748.24,43,
2854,571,4,15,11,142072.42,1,
2855,571,5,34,35,74482.08,0,
2856,572,1,16,72,61182.42,22,
2857,572,2,40,4,69660.55,0,
2858,572,3,19,25,201540.82,14,
2859,572,4,33,8,459069.36,0,
2860,572,5,9,13,423508.61,2,
2861,573,1,16,52,388092.69,47,
2862,573,2,41,75,394913.65,69,
2863,573,3,38,98,276073.1,14,
2864,573,4,21,44,402918.94,42,
2865,573,5,16,100,199430.52,28,
2866,574,1,34,47,356548.24,9,
2867,574,2,19,75,73749.51,49,
2868,574,3,38,94,206660.79,6,
2869,574,4,9,52,446775.52,1,
2870,574,5,16,65,349744.27,21,
2871,575,1,4,89,96618.52,14,
2872,575,2,34,26,233968.89,8,
2873,575,3,40,11,422507.76,3,
2874,575,4,46,34,50913.96,3,
2875,575,5,28,78,382100.75,27,
2876,576,1,20,79,280013.12,63,
2877,576,2,29,86,112032.52,40,
2878,576,3,3,33,485349.09,28,
2879,576,4,43,99,189397.69,17,
2880,576,5,37,67,253175.53,58,
2881,577,1,13,70,449320.08,2,
2882,577,2,13,98,8345.6,78,
2883,577,3,15,85,381856.02,68,
2884,577,4,21,61,67237.3,40,
2885,577,5,12,54,276657.54,47,
2886,578,1,23,36,84194.2,20,
2887,578,2,21,4,483654.9,1,
2888,578,3,32,55,320061.74,5,
2889,578,4,48,96,368997.47,63,
2890,578,5,32,65,116300.2,20,
2891,579,1,25,89,80301.64,58,
2892,579,2,34,48,27730.02,14,
2893,579,3,29,69,382126.33,67,
2894,579,4,5,7,112292.46,5,
2895,579,5,37,11,85883.03,1,
2896,580,1,24,59,63986.42,36,
2897,580,2,32,17,454844.92,10,
2898,580,3,42,75,176957.37,9,
2899,580,4,38,12,150870.28,0,
2900,580,5,6,16,257644.21,15,
2901,581,1,49,10,437276.59,3,
2902,581,2,30,23,301306.18,17,
2903,581,3,47,76,265177.39,75,
2904,581,4,46,73,85590.28,28,
2905,581,5,25,52,231116.55,12,
2906,582,1,17,57,178895.36,57,
2907,582,2,14,58,367076.23,1,
2908,582,3,31,49,214736.96,15,
2909,582,4,41,30,496627.83,20,
2910,582,5,21,73,314055.04,13,
2911,583,1,26,28,41909.02,5,
2912,583,2,31,33,38499.25,7,
2913,583,3,47,44,88063.97,40,
2914,583,4,6,24,472875.28,1,
2915,583,5,40,93,452887.16,8,
2916,584,1,7,41,221366.83,23,
2917,584,2,26,6,406639.16,0,
2918,584,3,41,8,243490.61,7,
2919,584,4,48,49,174548.24,31,
2920,584,5,13,81,199364.62,43,
2921,585,1,20,48,194919.85,42,
2922,585,2,2,63,81884.7,28,
2923,585,3,4,71,276558.37,37,
2924,585,4,35,23,201433.89,0,
2925,585,5,43,33,446592.3,31,
2926,586,1,29,75,247679.57,31,
2927,586,2,1,60,111455.39,34,
2928,586,3,39,36,344148.01,19,
2929,586,4,35,69,345328.13,38,
2930,586,5,16,42,140404.34,37,
2931,587,1,33,20,116611.62,18,
2932,587,2,32,69,403646.75,6,
2933,587,3,1,87,59112.61,37,
2934,587,4,21,76,326030.87,13,
2935,587,5,18,11,178450.28,6,
2936,588,1,2,80,130642.53,17,
2937,588,2,3,98,64431.47,55,
2938,588,3,36,23,456642.95,11,
2939,588,4,42,18,57435.71,14,
2940,588,5,15,36,380343.64,22,
2941,589,1,21,13,345375.94,8,
2942,589,2,32,86,203560.7,62,
2943,589,3,46,5,312612.7,1,
2944,589,4,45,78,136820.17,30,
2945,589,5,8,80,323839.82,64,
2946,590,1,24,55,240658.58,27,
2947,590,2,16,88,162743.59,83,
2948,590,3,12,73,319779.52,62,
2949,590,4,32,96,309474.2,31,
2950,590,5,19,48,141346.52,45,
2951,591,1,24,82,271017.71,39,
2952,591,2,22,32,394737.14,22,
2953,591,3,4,64,52646.34,14,
2954,591,4,5,7,334070.6,6,
2955,591,5,26,72,85372.07,62,
2956,592,1,15,91,451456.16,75,
2957,592,2,15,18,16020.47,7,
2958,592,3,44,3,116193.43,2,
2959,592,4,48,6,67343.72,2,
2960,592,5,33,31,462559.09,12,
2961,593,1,34,76,276085.45,58,
2962,593,2,27,92,21608.43,59,
2963,593,3,11,30,346452.62,11,
2964,593,4,40,89,261639.44,1,
2965,593,5,49,50,359977.94,44,
2966,594,1,20,89,138104.4,13,
2967,594,2,10,43,149681.18,12,
2968,594,3,22,92,431538.27,89,
2969,594,4,28,48,95106.01,23,
2970,594,5,29,82,150952.5,79,
2971,595,1,27,1,463862.47,0,
2972,595,2,11,95,91552.84,90,
2973,595,3,19,22,275149.33,5,
2974,595,4,28,36,195524.27,17,
2975,595,5,15,54,239692.17,1,
2976,596,1,15,7,350753.94,2,
2977,596,2,40,79,288574.62,9,
2978,596,3,49,19,303218.35,14,
2979,596,4,9,39,23055.64,29,
2980,596,5,21,80,272945.81,51,
2981,597,1,30,26,411811.9,1,
2982,597,2,23,69,469949.76,60,
2983,597,3,32,54,469300.16,35,
2984,597,4,29,21,315075.57,10,
2985,597,5,7,56,6858.35,22,
2986,598,1,27,45,457843.12,16,
2987,598,2,9,15,454845.95,14,
2988,598,3,18,25,134602.75,5,
2989,598,4,19,49,201025.55,24,
2990,598,5,32,53,184725.75,23,
2991,599,1,17,96,250606.17,40,
2992,599,2,30,45,228201.68,37,
2993,599,3,24,71,367332.29,1,
2994,599,4,24,25,77879.93,24,
2995,599,5,48,100,446441.32,69,
2996,600,1,16,15,181980.29,3,
2997,600,2,22,18,150040.14,6,
2998,600,3,47,9,447490.46,1,
2999,600,4,42,81,17512.53,75,
3000,600,5,9,91,413513.65,50,
3001,601,1,105,31,208019.4,24,
3002,601,2,211,47,483921.76,37,
3003,601,3,388,88,20417.02,22,
3004,601,4,240,100,390517.7,26,
3005,601,5,213,7,455663.17,4,
3006,602,1,125,24,420996.1,18,
3007,602,2,456,47,482628.53,22,
3008,602,3,492,100,38350.2,94,
3009,602,4,412,55,179021.96,5,
3010,602,5,345,47,445951.21,44,
3011,603,1,494,6,376355.26,0,
3012,603,2,385,14,209390.93,12,
3013,603,3,361,58,374887.62,42,
3014,603,4,271,52,195085.39,51,
3015,603,5,473,33,498205.49,28,
3016,604,1,56,76,206192.46,4,
3017,604,2,156,89,14887.86,5,
3018,604,3,140,13,351835.31,13,
3019,604,4,277,1,235727.48,1,
3020,604,5,279,51,454776.28,29,
3021,605,1,129,37,54640.73,7,
3022,605,2,305,100,310564.22,51,
3023,605,3,347,88,200061.43,33,
3024,605,4,378,96,341567.49,35,
3025,605,5,246,35,5224.48,14,
3026,606,1,276,64,403340.42,26,
3027,606,2,421,27,306023.3,3,
3028,606,3,326,82,207693.02,28,
3029,606,4,386,95,357862.43,84,
3030,606,5,320,2,58206.74,0,
3031,607,1,421,45,139043.15,4,
3032,607,2,428,10,457498.74,9,
3033,607,3,72,21,499340.12,7,
3034,607,4,403,19,19048.61,12,
3035,607,5,314,97,49462.51,58,
3036,608,1,58,48,489548.11,13,
3037,608,2,251,77,493432.15,33,
3038,608,3,474,28,192434.18,9,
3039,608,4,317,62,288730.86,0,
3040,608,5,134,94,194764.77,34,
3041,609,1,104,11,414314.94,5,
3042,609,2,135,24,299407.6,10,
3043,609,3,207,10,329756.53,5,
3044,609,4,373,4,251717.82,1,
3045,609,5,149,95,249552.77,80,
3046,610,1,149,55,55614.94,39,
3047,610,2,423,72,278772.9,63,
3048,610,3,136,56,8291.21,12,
3049,610,4,104,33,185727.82,4,
3050,610,5,327,21,307129.04,17,
3051,611,1,70,87,30701.06,37,
3052,611,2,82,45,336950.2,21,
3053,611,3,177,29,403254.07,7,
3054,611,4,189,53,431568.83,42,
3055,611,5,435,93,450228.71,69,
3056,612,1,388,97,334882.19,31,
3057,612,2,321,78,407218.71,28,
3058,612,3,228,72,132575.7,67,
3059,612,4,341,86,455006.39,7,
3060,612,5,289,50,29857.42,40,
3061,613,1,106,59,264860.09,1,
3062,613,2,155,64,479026.69,39,
3063,613,3,87,55,162148.38,31,
3064,613,4,195,9,55038.86,1,
3065,613,5,119,69,85146.33,19,
3066,614,1,207,52,291909.36,32,
3067,614,2,355,57,431779.27,12,
3068,614,3,225,98,266982.33,77,
3069,614,4,449,82,3172.07,10,
3070,614,5,464,49,437395.32,0,
3071,615,1,364,88,217944.82,73,
3072,615,2,69,25,161831.27,11,
3073,615,3,150,40,68579.02,10,
3074,615,4,75,11,178841.41,1,
3075,615,5,386,11,7725.54,1,
3076,616,1,267,95,347260.45,23,
3077,616,2,102,9,99474.51,4,
3078,616,3,201,55,110790.81,27,
3079,616,4,290,14,473224.47,10,
3080,616,5,478,32,420904.43,27,
3081,617,1,281,23,143510.76,18,
3082,617,2,162,97,495439.04,79,
3083,617,3,160,81,41039.98,34,
3084,617,4,235,19,429632.14,3,
3085,617,5,331,99,73510.5,63,
3086,618,1,497,72,466270.19,19,
3087,618,2,60,43,292391.85,27,
3088,618,3,66,50,382434.04,39,
3089,618,4,100,4,199758.69,4,
3090,618,5,426,48,428279.83,36,
3091,619,1,128,95,463371.7,74,
3092,619,2,289,56,21116.09,3,
3093,619,3,486,15,113268.7,1,
3094,619,4,344,60,301376.74,13,
3095,619,5,419,25,495706.39,18,
3096,620,1,414,17,82395.32,12,
3097,620,2,477,36,191397.15,20,
3098,620,3,69,92,154412.56,52,
3099,620,4,420,71,283778.95,57,
3100,620,5,88,47,286188.66,17,
3101,621,1,474,33,179648.68,25,
3102,621,2,125,76,427775.16,56,
3103,621,3,342,87,67685.48,26,
3104,621,4,115,75,363541.53,63,
3105,621,5,98,11,305121.07,11,
3106,622,1,97,93,284680.51,35,
3107,622,2,147,45,303962.12,32,
3108,622,3,200,66,348200.44,20,
3109,622,4,368,66,310018.1,7,
3110,622,5,221,25,258255.56,21,
3111,623,1,197,22,351595.82,7,
3112,623,2,366,32,488128.43,0,
3113,623,3,302,91,400329.44,49,
3114,623,4,194,92,493218.48,92,
3115,623,5,268,97,177276.76,54,
3116,624,1,397,80,46193.9,12,
3117,624,2,130,50,36915.25,31,
3118,624,3,150,89,144457.44,69,
3119,624,4,298,22,14536.4,21,
3120,624,5,362,79,186645.41,50,
3121,625,1,299,73,10453.27,44,
3122,625,2,339,7,64003.5,6,
3123,625,3,452,27,291554.68,20,
3124,625,4,71,1,206429.86,1,
3125,625,5,271,80,176141.06,37,
3126,626,1,131,50,362906.8,24,
3127,626,2,64,11,143475.87,4,
3128,626,3,108,35,306879.27,21,
3129,626,4,190,86,205634.07,69,
3130,626,5,373,72,4025.62,28,
3131,627,1,268,13,113745.09,7,
3132,627,2,442,88,452052.88,84,
3133,627,3,217,10,392153.21,3,
3134,627,4,392,54,369347.84,9,
3135,627,5,338,42,300988.41,24,
3136,628,1,272,13,70296.42,8,
3137,628,2,172,54,106743.99,36,
3138,628,3,252,99,132218.26,2,
3139,628,4,302,11,423676.93,11,
3140,628,5,366,26,151705.13,2,
3141,629,1,489,50,111747.91,28,
3142,629,2,486,21,201286.46,10,
3143,629,3,170,57,314390.02,7,
3144,629,4,474,53,333719.12,12,
3145,629,5,221,86,199498.71,23,
3146,630,1,207,96,288216.23,86,
3147,630,2,273,97,87028.59,27,
3148,630,3,215,95,414086.82,58,
3149,630,4,252,71,295128.77,8,
3150,630,5,419,57,169236.79,41,
3151,631,1,53,3,19102.32,3,
3152,631,2,298,38,99071.76,30,
3153,631,3,116,97,129595.75,90,
3154,631,4,340,63,381782.51,57,
3155,631,5,164,49,120761.36,32,
3156,632,1,330,4,47855.75,0,
3157,632,2,360,5,153358.23,3,
3158,632,3,457,72,226692.78,47,
3159,632,4,167,21,1289.7,4,
3160,632,5,71,63,474450.07,19,
3161,633,1,137,34,457101.05,17,
3162,633,2,121,5,137104.76,0,
3163,633,3,414,88,495255.28,7,
3164,633,4,438,84,396132.67,82,
3165,633,5,248,34,233360.22,13,
3166,634,1,297,61,48099.17,24,
3167,634,2,74,16,130752.37,16,
3168,634,3,173,79,261484.01,75,
3169,634,4,479,20,156476.02,9,
3170,634,5,304,51,178528.42,42,
3171,635,1,490,75,179827.77,30,
3172,635,2,205,8,47822.52,2,
3173,635,3,83,99,362916.21,72,
3174,635,4,409,32,88815.37,17,
3175,635,5,453,14,70133.18,4,
3176,636,1,147,18,168031.98,18,
3177,636,2,193,46,228064.9,21,
3178,636,3,363,69,278106.76,65,
3179,636,4,417,85,250990.74,46,
3180,636,5,320,77,356619.11,1,
3181,637,1,440,41,146294.3,10,
3182,637,2,223,57,313763.43,7,
3183,637,3,81,89,460682.52,18,
3184,637,4,246,35,477242.24,33,
3185,637,5,241,94,365078.04,79,
3186,638,1,403,90,65373.28,55,
3187,638,2,194,72,169906.66,52,
3188,638,3,368,73,456795.25,21,
3189,638,4,386,43,488858.75,1,
3190,638,5,144,14,198608.11,12,
3191,639,1,226,47,457424.36,20,
3192,639,2,123,54,129168.73,32,
3193,639,3,406,3,377183.86,1,
3194,639,4,488,19,439378.44,15,
3195,639,5,225,32,386822.23,12,
3196,640,1,495,37,410693.98,29,
3197,640,2,322,93,30281.42,25,
3198,640,3,91,90,451264.0,64,
3199,640,4,124,93,223008.96,14,
3200,640,5,179,16,291047.37,6,
3201,641,1,181,91,420176.19,44,
3202,641,2,140,52,422169.66,29,
3203,641,3,183,64,50004.47,46,
3204,641,4,374,6,305150.29,5,
3205,641,5,435,11,115049.95,4,
3206,642,1,340,38,267169.63,1,
3207,642,2,248,1,202155.82,0,
3208,642,3,335,22,9440.08,20,
3209,642,4,418,70,217383.17,58,
3210,642,5,146,83,84147.37,30,
3211,643,1,269,41,417001.34,27,
3212,643,2,144,98,302093.22,69,
3213,643,3,386,24,124002.75,0,
3214,643,4,314,16,187610.17,16,
3215,643,5,99,89,144543.22,8,
3216,644,1,188,21,259259.45,14,
3217,644,2,353,38,415551.96,35,
3218,644,3,432,80,19856.41,25,
3219,644,4,244,50,453654.76,37,
3220,644,5,299,39,204705.08,27,
3221,645,1,462,3,304491.73,2,
3222,645,2,256,11,170409.84,11,
3223,645,3,85,84,416056.2,55,
3224,645,4,187,34,79932.71,16,
3225,645,5,215,95,133781.18,13,
3226,646,1,210,48,354839.31,8,
3227,646,2,344,67,307053.74,34,
3228,646,3,470,18,221956.53,16,
3229,646,4,188,47,204821.66,29,
3230,646,5,284,83,258357.13,50,
3231,647,1,290,20,227356.6,14,
3232,647,2,438,96,279807.8,18,
3233,647,3,344,50,181764.94,47,
3234,647,4,289,20,364287.53,19,
3235,647,5,256,1,318801.71,1,
3236,648,1,232,64,495027.83,59,
3237,648,2,439,37,456590.29,1,
3238,648,3,347,13,121397.77,7,
3239,648,4,169,11,314102.33,11,
3240,648,5,413,77,384714.84,30,
3241,649,1,335,86,141638.13,71,
3242,649,2,347,53,15401.42,45,
3243,649,3,451,15,65191.08,10,
3244,649,4,405,72,205627.19,20,
3245,649,5,79,62,495336.84,6,
3246,650,1,433,56,62276.32,11,
3247,650,2,89,91,404421.19,48,
3248,650,3,277,93,443258.18,80,
3249,650,4,254,86,385042.76,9,
3250,650,5,416,12,154565.63,3,
3251,651,1,490,37,444946.89,25,
3252,651,2,252,15,383608.68,10,
3253,651,3,336,56,458332.62,49,
3254,651,4,487,81,30419.3,75,
3255,651,5,98,82,340015.54,36,
3256,652,1,110,49,363564.16,42,
3257,652,2,146,2,3678.51,1,
3258,652,3,112,51,488004.34,6,
3259,652,4,186,23,123083.3,15,
3260,652,5,349,63,173370.53,48,
3261,653,1,251,46,369309.96,4,
3262,653,2,426,24,77552.64,21,
3263,653,3,82,55,325007.05,25,
3264,653,4,214,84,43924.74,63,
3265,653,5,447,76,394432.75,73,
3266,654,1,342,10,260312.64,5,
3267,654,2,180,79,467897.57,71,
3268,654,3,414,29,167968.54,7,
3269,654,4,366,24,462129.94,19,
3270,654,5,172,38,150356.73,18,
3271,655,1,269,18,312712.64,13,
3272,655,2,241,26,110151.6,16,
3273,655,3,399,40,409514.38,19,
3274,655,4,448,5,417269.55,3,
3275,655,5,329,82,33119.07,76,
3276,656,1,390,79,81127.25,11,
3277,656,2,107,91,69645.93,68,
3278,656,3,97,62,337573.1,45,
3279,656,4,124,87,472475.07,83,
3280,656,5,476,25,161253.2,1,
3281,657,1,259,69,89429.46,12,
3282,657,2,348,24,407735.84,7,
3283,657,3,430,1,391073.89,1,
3284,657,4,59,29,468216.97,22,
3285,657,5,354,10,357285.71,7,
3286,658,1,255,2,269161.57,2,
3287,658,2,213,91,212977.11,39,
3288,658,3,192,56,67299.89,32,
3289,658,4,499,97,382847.71,24,
3290,658,5,277,75,269511.17,61,
3291,659,1,466,48,437521.32,10,
3292,659,2,193,98,183952.49,57,
3293,659,3,397,4,441898.67,0,
3294,659,4,478,3,433018.24,2,
3295,659,5,312,81,396185.08,64,
3296,660,1,147,98,85898.5,43,
3297,660,2,246,24,202878.14,20,
3298,660,3,143,25,350553.45,2,
3299,660,4,439,24,74754.05,7,
3300,660,5,334,35,204418.85,18,
3301,661,1,300,7,405488.8,6,
3302,661,2,137,24,428029.01,18,
3303,661,3,231,80,479528.74,70,
3304,661,4,306,58,407326.33,42,
3305,661,5,435,47,17908.39,4,
3306,662,1,420,100,288081.36,48,
3307,662,2,245,90,10817.86,52,
3308,662,3,330,90,260201.18,38,
3309,662,4,397,43,291573.29,30,
3310,662,5,156,20,101300.29,11,
3311,663,1,281,98,459069.63,19,
3312,663,2,51,40,332861.76,28,
3313,663,3,192,18,82331.18,12,
3314,663,4,361,17,5408.49,6,
3315,663,5,168,68,151765.64,12,
3316,664,1,413,92,247534.31,19,
3317,664,2,326,71,357795.01,36,
3318,664,3,485,95,369934.07,86,
3319,664,4,418,51,145930.03,34,
3320,664,5,236,4,146018.3,1,
3321,665,1,354,8,133011.24,6,
3322,665,2,448,42,133836.14,8,
3323,665,3,384,37,315795.81,22,
3324,665,4,482,77,326649.25,0,
3325,665,5,413,100,325006.66,78,
3326,666,1,429,56,430416.76,5,
3327,666,2,464,18,71155.82,17,
3328,666,3,265,67,245900.17,61,
3329,666,4,258,40,221791.79,27,
3330,666,5,105,57,202566.52,40,
3331,667,1,85,21,38375.01,18,
3332,667,2,235,78,295372.04,56,
3333,667,3,101,92,379713.17,18,
3334,667,4,366,55,370362.77,19,
3335,667,5,449,97,325459.49,36,
3336,668,1,358,50,434896.08,40,
3337,668,2,210,36,483053.74,20,
3338,668,3,185,85,274118.87,41,
3339,668,4,256,10,213140.99,8,
3340,668,5,274,3,302166.76,0,
3341,669,1,90,79,102522.79,11,
3342,669,2,353,93,243272.36,85,
3343,669,3,344,92,357254.92,11,
3344,669,4,185,74,318758.02,30,
3345,669,5,383,33,20300.23,7,
3346,670,1,129,43,483288.24,9,
3347,670,2,131,86,54226.92,48,
3348,670,3,76,60,341279.51,54,
3349,670,4,248,62,277238.34,36,
3350,670,5,108,1,213764.1,0,
3351,671,1,228,30,326110.49,8,
3352,671,2,454,65,175084.75,3,
3353,671,3,434,12,373846.12,7,
3354,671,4,451,18,294200.25,3,
3355,671,5,289,96,123322.5,10,
3356,672,1,104,86,24686.23,17,
3357,672,2,60,7,192346.88,5,
3358,672,3,372,36,52296.55,32,
3359,672,4,313,95,19844.3,75,
3360,672,5,452,96,354028.88,39,
3361,673,1,484,68,441450.93,60,
3362,673,2,288,94,222931.03,16,
3363,673,3,164,5,37074.7,1,
3364,673,4,226,33,190431.16,17,
3365,673,5,153,38,35295.3,23,
3366,674,1,91,32,443511.51,6,
3367,674,2,420,43,36111.41,0,
3368,674,3,451,98,304623.82,45,
3369,674,4,142,100,499328.93,37,
3370,674,5,467,3,155390.0,3,
3371,675,1,151,77,199172.5,58,
3372,675,2,146,14,218892.84,5,
3373,675,3,121,29,83500.2,3,
3374,675,4,325,65,198719.4,62,
3375,675,5,75,33,252256.62,13,
3376,676,1,325,30,446526.88,28,
3377,676,2,296,82,121422.54,5,
3378,676,3,435,41,372459.24,33,
3379,676,4,253,57,283739.77,26,
3380,676,5,74,41,12022.41,20,
3381,677,1,473,92,174372.31,33,
3382,677,2,317,42,250803.9,19,
3383,677,3,86,85,152549.47,19,
3384,677,4,298,31,307250.3,17,
3385,677,5,91,63,473027.62,26,
3386,678,1,243,46,359218.33,45,
3387,678,2,458,49,156354.74,22,
3388,678,3,63,18,308539.55,16,
3389,678,4,183,52,340634.7,19,
3390,678,5,156,47,475427.92,13,
3391,679,1,152,99,263408.76,92,
3392,679,2,323,46,245782.62,32,
3393,679,3,466,13,256072.93,3,
3394,679,4,434,37,330856.6,36,
3395,679,5,358,11,17811.21,3,
3396,680,1,379,47,131758.02,45,
3397,680,2,52,83,207106.17,22,
3398,680,3,320,97,307089.11,84,
3399,680,4,375,24,236671.99,0,
3400,680,5,418,35,316965.41,16,
3401,681,1,256,33,470775.45,26,
3402,681,2,391,6,398665.97,6,
3403,681,3,437,18,241122.47,13,
3404,681,4,246,26,379734.21,5,
3405,681,5,171,1,164460.44,1,
3406,682,1,284,30,430228.88,5,
3407,682,2,345,57,478182.63,41,
3408,682,3,171,43,425225.56,39,
3409,682,4,471,76,403222.39,46,
3410,682,5,415,63,127413.74,5,
3411,683,1,215,100,118676.8,70,
3412,683,2,189,53,357200.03,20,
3413,683,3,182,35,257252.01,20,
3414,683,4,375,18,263200.65,6,
3415,683,5,409,7,45845.45,0,
3416,684,1,141,66,105074.42,39,
3417,684,2,85,45,250523.13,33,
3418,684,3,178,56,322778.63,45,
3419,684,4,331,18,482990.43,9,
3420,684,5,494,56,355611.27,27,
3421,685,1,228,45,409183.64,0,
3422,685,2,468,84,68755.37,30,
3423,685,3,361,13,26398.73,9,
3424,685,4,287,90,258381.79,18,
3425,685,5,173,71,52216.62,3,
3426,686,1,344,1,200056.76,0,
3427,686,2,103,18,131391.66,18,
3428,686,3,415,53,414571.88,42,
3429,686,4,323,97,166912.5,30,
3430,686,5,140,72,459401.05,11,
3431,687,1,193,52,283518.85,27,
3432,687,2,265,87,217089.62,67,
3433,687,3,367,62,289248.48,20,
3434,687,4,264,59,246720.17,41,
3435,687,5,156,28,348803.72,0,
3436,688,1,320,2,409203.72,1,
3437,688,2,430,30,468838.08,8,
3438,688,3,500,92,310438.55,28,
3439,688,4,493,80,233283.66,70,
3440,688,5,385,98,310262.9,64,
3441,689,1,67,2,23668.13,0,
3442,689,2,73,6,274738.24,3,
3443,689,3,446,6,223725.91,0,
3444,689,4,63,42,292387.9,22,
3445,689,5,443,72,433422.76,55,
3446,690,1,185,7,223228.79,4,
3447,690,2,179,83,141616.84,27,
3448,690,3,495,24,19553.05,17,
3449,690,4,358,98,101283.22,21,
3450,690,5,390,18,25183.26,12,
3451,691,1,100,28,179179.77,11,
3452,691,2,172,84,449479.18,35,
3453,691,3,306,36,418852.51,21,
3454,691,4,189,31,89816.23,23,
3455,691,5,495,88,33995.7,36,
3456,692,1,122,71,454135.49,67,
3457,692,2,116,24,251312.98,9,
3458,692,3,89,6,311368.76,3,
3459,692,4,103,19,47230.26,1,
3460,692,5,220,96,477597.89,17,
3461,693,1,498,87,545.84,8,
3462,693,2,364,88,363557.83,82,
3463,693,3,238,88,255375.11,47,
3464,693,4,325,10,229544.55,5,
3465,693,5,427,47,184643.12,13,
3466,694,1,238,74,472253.17,66,
3467,694,2,85,64,209040.53,39,
3468,694,3,454,65,79660.98,62,
3469,694,4,207,10,265511.54,8,
3470,694,5,286,90,254984.67,47,
3471,695,1,143,30,81426.09,25,
3472,695,2,469,36,49836.06,24,
3473,695,3,60,48,147051.41,32,
3474,695,4,431,77,332369.98,32,
3475,695,5,245,46,121746.77,4,
3476,696,1,356,56,99863.66,32,
3477,696,2,402,3,304463.98,2,
3478,696,3,168,13,323516.46,0,
3479,696,4,432,89,186243.22,13,
3480,696,5,368,66,386414.92,23,
3481,697,1,357,98,240828.19,27,
3482,697,2,55,68,363854.83,41,
3483,697,3,458,81,23960.08,10,
3484,697,4,105,86,90842.26,73,
3485,697,5,133,30,307415.95,17,
3486,698,1,322,82,363241.1,14,
3487,698,2,96,97,358923.04,78,
3488,698,3,440,95,227817.77,32,
3489,698,4,464,82,101995.52,36,
3490,698,5,307,60,345215.11,27,
3491,699,1,333,30,394130.56,5,
3492,699,2,111,58,335448.44,29,
3493,699,3,321,86,257082.55,66,
3494,699,4,294,12,355239.24,6,
3495,699,5,356,56,180939.32,55,
3496,700,1,174,90,325332.17,70,
3497,700,2,146,78,38719.67,41,
3498,700,3,307,15,295062.46,10,
3499,700,4,151,12,328361.38,4,
3500,700,5,456,68,369234.04,18,
3501,701,1,297,96,122070.33,16,
3502,701,2,321,26,133442.24,2,
3503,701,3,330,42,157375.64,5,
3504,701,4,131,37,402678.4,16,
3505,701,5,320,65,452935.82,41,
3506,702,1,435,55,171223.61,29,
3507,702,2,439,92,127063.28,59,
3508,702,3,161,77,418826.16,17,
3509,702,4,117,92,124514.69,80,
3510,702,5,284,94,354816.97,41,
3511,703,1,203,83,190920.58,44,
3512,703,2,286,46,213362.78,39,
3513,703,3,188,23,65410.96,5,
3514,703,4,333,6,283763.65,1,
3515,703,5,280,90,128414.19,56,
3516,704,1,383,38,326564.38,6,
3517,704,2,63,62,334859.07,45,
3518,704,3,266,49,170129.19,39,
3519,704,4,373,61,275352.24,58,
3520,704,5,436,73,362893.36,65,
3521,705,1,421,94,310331.99,92,
3522,705,2,450,88,438969.95,49,
3523,705,3,130,19,404760.99,13,
3524,705,4,173,40,237990.22,38,
3525,705,5,287,25,189974.86,9,
3526,706,1,154,72,92729.85,8,
3527,706,2,499,14,419629.36,8,
3528,706,3,60,23,432124.75,23,
3529,706,4,314,44,121443.67,26,
3530,706,5,417,62,23865.48,3,
3531,707,1,388,4,180455.18,3,
3532,707,2,100,28,73760.62,1,
3533,707,3,297,94,158221.61,81,
3534,707,4,238,57,320948.86,48,
3535,707,5,459,4,7645.84,3,
3536,708,1,283,37,424321.31,4,
3537,708,2,346,54,11743.95,51,
3538,708,3,296,87,70076.55,70,
3539,708,4,485,74,364780.79,72,
3540,708,5,474,54,38807.74,8,
3541,709,1,206,25,190640.27,7,
3542,709,2,398,75,53059.89,27,
3543,709,3,235,95,437866.48,23,
3544,709,4,387,84,450222.29,55,
3545,709,5,388,6,260109.75,4,
3546,710,1,385,10,333792.72,4,
3547,710,2,352,44,452165.17,44,
3548,710,3,489,12,220927.71,10,
3549,710,4,90,38,37240.04,10,
3550,710,5,394,94,80066.14,28,
3551,711,1,124,48,227828.44,43,
3552,711,2,62,25,202608.43,24,
3553,711,3,303,45,167330.15,31,
3554,711,4,331,84,247245.34,14,
3555,711,5,494,90,45436.39,84,
3556,712,1,273,86,109715.43,18,
3557,712,2,231,80,83017.8,58,
3558,712,3,470,64,325104.86,7,
3559,712,4,493,18,70211.44,18,
3560,712,5,115,94,78615.05,0,
3561,713,1,306,1,394570.4,0,
3562,713,2,430,79,288673.32,42,
3563,713,3,262,90,459852.98,69,
3564,713,4,257,30,445994.88,9,
3565,713,5,318,99,187241.23,53,
3566,714,1,288,7,10109.05,4,
3567,714,2,51,72,355317.41,18,
3568,714,3,270,15,364271.62,13,
3569,714,4,146,88,203496.63,31,
3570,714,5,452,23,450613.94,20,
3571,715,1,284,18,45147.7,4,
3572,715,2,84,90,225325.26,42,
3573,715,3,51,43,342794.05,6,
3574,715,4,187,58,352695.02,13,
3575,715,5,361,79,228501.77,46,
3576,716,1,272,47,344966.64,5,
3577,716,2,296,65,378839.8,7,
3578,716,3,371,77,91095.8,13,
3579,716,4,413,67,261402.53,9,
3580,716,5,312,83,117044.68,12,
3581,717,1,247,36,145408.8,24,
3582,717,2,218,65,62905.82,11,
3583,717,3,420,75,83171.25,32,
3584,717,4,297,10,26691.24,2,
3585,717,5,307,19,217918.65,4,
3586,718,1,331,95,96701.04,38,
3587,718,2,381,78,61249.84,62,
3588,718,3,239,50,364052.37,29,
3589,718,4,82,65,176871.53,62,
3590,718,5,473,44,219845.25,23,
3591,719,1,493,80,252052.43,69,
3592,719,2,332,99,376942.79,81,
3593,719,3,214,62,312081.45,48,
3594,719,4,268,49,407101.38,16,
3595,719,5,445,76,418634.77,39,
3596,720,1,55,78,232792.81,11,
3597,720,2,293,40,244482.48,35,
3598,720,3,406,9,13695.77,9,
3599,720,4,295,56,3831.38,46,
3600,720,5,153,14,78248.91,1,
3601,721,1,427,52,18282.68,47,
3602,721,2,57,51,339169.69,41,
3603,721,3,465,14,351510.41,7,
3604,721,4,347,68,357351.45,67,
3605,721,5,456,61,488875.04,31,
3606,722,1,143,35,142012.32,3,
3607,722,2,100,36,469518.73,30,
3608,722,3,96,58,149206.6,52,
3609,722,4,96,97,326661.82,82,
3610,722,5,156,37,21653.93,8,
3611,723,1,55,63,152307.19,44,
3612,723,2,266,75,276486.73,47,
3613,723,3,299,63,61618.74,18,
3614,723,4,188,20,137917.66,11,
3615,723,5,441,55,60406.13,55,
3616,724,1,201,30,433314.27,5,
3617,724,2,238,91,481191.23,54,
3618,724,3,369,92,375763.99,31,
3619,724,4,281,60,193282.31,37,
3620,724,5,210,85,11115.51,25,
3621,725,1,260,23,468596.9,13,
3622,725,2,394,96,262010.49,25,
3623,725,3,72,79,89444.54,78,
3624,725,4,442,61,63857.42,35,
3625,725,5,450,32,176936.43,21,
3626,726,1,432,13,244022.89,10,
3627,726,2,243,1,479328.28,1,
3628,726,3,494,30,425629.09,28,
3629,726,4,136,28,116868.22,20,
3630,726,5,238,28,143994.36,27,
3631,727,1,345,51,45255.75,4,
3632,727,2,488,5,453626.3,2,
3633,727,3,434,82,353429.92,67,
3634,727,4,407,87,284855.84,53,
3635,727,5,96,73,280243.07,57,
3636,728,1,418,99,462965.62,86,
3637,728,2,309,28,173964.63,16,
3638,728,3,477,61,449603.34,44,
3639,728,4,288,29,80771.98,4,
3640,728,5,415,100,270751.62,99,
3641,729,1,485,21,328108.08,21,
3642,729,2,355,77,365518.58,48,
3643,729,3,288,51,410830.06,3,
3644,729,4,149,37,248573.95,7,
3645,729,5,485,70,386894.63,11,
3646,730,1,268,90,385815.36,86,
3647,730,2,322,75,166086.27,4,
3648,730,3,212,92,472602.99,71,
3649,730,4,467,82,105598.81,45,
3650,730,5,290,9,151446.27,1,
3651,731,1,438,86,421919.47,67,
3652,731,2,241,95,191270.73,89,
3653,731,3,200,72,115506.15,3,
3654,731,4,378,9,311839.42,3,
3655,731,5,195,30,297403.59,1,
3656,732,1,408,13,380531.1,6,
3657,732,2,454,69,75555.26,27,
3658,732,3,58,22,79217.49,21,
3659,732,4,381,82,230047.52,60,
3660,732,5,407,21,264224.21,17,
3661,733,1,225,82,499940.93,60,
3662,733,2,206,43,219436.86,6,
3663,733,3,171,44,141185.19,27,
3664,733,4,273,85,103374.98,82,
3665,733,5,111,25,255824.8,3,
3666,734,1,463,74,403416.3,19,
3667,734,2,275,8,425093.53,3,
3668,734,3,280,58,75437.98,1,
3669,734,4,499,32,132502.13,12,
3670,734,5,344,60,25189.84,37,
3671,735,1,355,43,458901.51,26,
3672,735,2,183,1,279752.27,0,
3673,735,3,313,92,324153.26,5,
3674,735,4,379,32,56519.05,27,
3675,735,5,374,88,411862.49,65,
3676,736,1,201,55,465371.93,3,
3677,736,2,269,91,471746.7,49,
3678,736,3,86,34,153784.18,2,
3679,736,4,405,13,390167.35,11,
3680,736,5,93,78,66163.48,26,
3681,737,1,192,59,402238.96,39,
3682,737,2,209,10,331318.1,7,
3683,737,3,270,50,211828.94,49,
3684,737,4,378,26,442151.52,8,
3685,737,5,471,30,169153.69,17,
3686,738,1,88,46,469517.35,40,
3687,738,2,390,43,484741.12,34,
3688,738,3,384,57,491085.55,17,
3689,738,4,325,89,326151.52,42,
3690,738,5,426,20,268696.46,10,
3691,739,1,94,61,10072.69,60,
3692,739,2,65,70,492743.72,11,
3693,739,3,118,50,247105.69,18,
3694,739,4,399,96,414938.98,48,
3695,739,5,297,5,60106.7,5,
3696,740,1,104,70,193515.64,30,
3697,740,2,474,3,132883.55,3,
3698,740,3,411,77,188547.81,58,
3699,740,4,300,62,235850.34,36,
3700,740,5,241,95,58470.99,57,
3701,741,1,61,64,208295.87,10,
3702,741,2,260,73,357270.95,0,
3703,741,3,93,81,358811.79,31,
3704,741,4,384,53,250996.6,45,
3705,741,5,116,14,214098.34,8,
3706,742,1,229,51,354985.76,24,
3707,742,2,470,87,304903.0,59,
3708,742,3,114,78,164999.16,0,
3709,742,4,59,16,142013.54,8,
3710,742,5,373,67,361398.79,53,
3711,743,1,183,54,93798.99,21,
3712,743,2,406,52,72219.09,12,
3713,743,3,441,17,176563.13,8,
3714,743,4,381,92,273233.08,60,
3715,743,5,416,72,340690.44,30,
3716,744,1,293,57,429202.88,22,
3717,744,2,155,81,393462.51,71,
3718,744,3,175,92,193522.68,59,
3719,744,4,59,56,127011.28,48,
3720,744,5,431,18,372545.49,12,
3721,745,1,111,17,153847.11,1,
3722,745,2,465,94,271656.79,87,
3723,745,3,427,34,387415.21,26,
3724,745,4,390,99,280228.39,34,
3725,745,5,423,65,450626.84,33,
3726,746,1,123,73,72330.94,31,
3727,746,2,389,55,97410.0,15,
3728,746,3,496,73,319188.49,38,
3729,746,4,117,99,470719.07,88,
3730,746,5,435,72,279560.34,49,
3731,747,1,398,55,268299.15,22,
3732,747,2,293,54,356951.54,32,
3733,747,3,168,15,424707.78,10,
3734,747,4,229,92,117763.62,45,
3735,747,5,344,4,136771.29,4,
3736,748,1,255,92,400132.59,8,
3737,748,2,376,79,61559.85,42,
3738,748,3,382,60,404191.04,30,
3739,748,4,378,88,96273.07,40,
3740,748,5,466,73,19122.06,51,
3741,749,1,246,17,378530.0,1,
3742,749,2,386,55,131780.51,23,
3743,749,3,452,58,374109.05,30,
3744,749,4,381,70,89920.56,19,
3745,749,5,490,23,175252.31,15,
3746,750,1,331,91,130564.1,40,
3747,750,2,464,17,198139.09,8,
3748,750,3,315,41,380887.45,39,
3749,750,4,106,36,378212.9,5,
3750,750,5,298,53,217453.83,52,
3751,751,1,153,39,128634.51,0,
3752,751,2,264,43,240351.22,16,
3753,751,3,93,89,333853.07,30,
3754,751,4,218,92,414403.25,20,
3755,751,5,223,27,480461.59,24,
3756,752,1,418,67,496944.18,43,
3757,752,2,222,49,218483.67,24,
3758,752,3,214,79,399370.97,58,
3759,752,4,323,95,442746.16,56,
3760,752,5,343,85,323511.6,34,
3761,753,1,169,59,368483.25,2,
3762,753,2,293,13,408989.73,3,
3763,753,3,451,16,149839.22,6,
3764,753,4,419,10,262224.67,0,
3765,753,5,75,73,296185.42,44,
3766,754,1,466,89,219704.19,11,
3767,754,2,197,97,343495.11,3,
3768,754,3,119,9,466464.09,7,
3769,754,4,233,100,167121.25,24,
3770,754,5,59,30,66760.84,4,
3771,755,1,234,71,84624.33,5,
3772,755,2,118,65,394043.78,47,
3773,755,3,140,97,229013.07,10,
3774,755,4,145,23,79281.16,6,
3775,755,5,88,15,149386.73,6,
3776,756,1,70,59,239661.12,57,
3777,756,2,157,13,445992.73,3,
3778,756,3,499,95,337515.22,73,
3779,756,4,285,100,199338.44,80,
3780,756,5,133,95,378353.97,61,
3781,757,1,408,51,461008.13,16,
3782,757,2,334,38,321319.4,34,
3783,757,3,364,89,87984.01,23,
3784,757,4,378,53,416689.78,22,
3785,757,5,72,7,86366.98,7,
3786,758,1,285,56,415188.51,34,
3787,758,2,332,81,332771.0,71,
3788,758,3,250,24,145833.07,18,
3789,758,4,171,58,94170.69,58,
3790,758,5,484,63,315596.71,3,
3791,759,1,260,62,262799.15,7,
3792,759,2,87,50,450813.55,19,
3793,759,3,160,26,47950.74,14,
3794,759,4,86,69,175084.9,65,
3795,759,5,147,11,93343.51,9,
3796,760,1,202,33,241171.39,18,
3797,760,2,108,10,427564.86,7,
3798,760,3,130,15,37491.96,15,
3799,760,4,71,40,143675.42,20,
3800,760,5,465,23,75980.66,11,
3801,761,1,391,91,214195.56,36,
3802,761,2,195,97,302754.55,36,
3803,761,3,210,8,458743.2,2,
3804,761,4,435,77,97700.6,0,
3805,761,5,429,87,40467.75,66,
3806,762,1,167,44,344075.12,6,
3807,762,2,339,12,204766.12,3,
3808,762,3,88,77,207601.06,30,
3809,762,4,489,7,266798.61,6,
3810,762,5,381,99,262457.26,69,
3811,763,1,373,26,394207.17,3,
3812,763,2,93,4,396329.65,2,
3813,763,3,124,65,3273.06,35,
3814,763,4,403,86,466886.64,76,
3815,763,5,111,36,297840.71,11,
3816,764,1,351,78,78753.14,2,
3817,764,2,370,92,101838.98,46,
3818,764,3,158,90,343117.31,9,
3819,764,4,57,99,473874.69,16,
3820,764,5,354,20,355738.48,7,
3821,765,1,234,31,416537.83,16,
3822,765,2,104,78,167476.76,68,
3823,765,3,251,6,217104.23,3,
3824,765,4,477,27,451284.71,18,
3825,765,5,169,85,148429.57,76,
3826,766,1,89,30,201720.84,20,
3827,766,2,76,34,414015.02,12,
3828,766,3,430,88,263214.29,60,
3829,766,4,413,23,200603.61,13,
3830,766,5,110,81,289507.61,43,
3831,767,1,161,9,28591.37,0,
3832,767,2,69,72,157317.68,51,
3833,767,3,117,15,408144.43,15,
3834,767,4,427,42,373568.78,7,
3835,767,5,274,67,117536.2,62,
3836,768,1,77,72,246253.39,51,
3837,768,2,119,30,107015.44,1,
3838,768,3,136,75,48528.48,72,
3839,768,4,84,68,346910.45,54,
3840,768,5,453,84,456934.97,45,
3841,769,1,380,12,326928.36,9,
3842,769,2,102,54,344327.21,50,
3843,769,3,273,15,154232.28,11,
3844,769,4,92,56,125298.7,25,
3845,769,5,174,33,203484.97,10,
3846,770,1,232,8,267549.74,1,
3847,770,2,480,27,498507.42,26,
3848,770,3,388,25,357580.31,5,
3849,770,4,53,72,365588.45,29,
3850,770,5,103,53,47051.18,52,
3851,771,1,267,37,50983.77,2,
3852,771,2,315,37,120840.4,3,
3853,771,3,439,58,90854.02,38,
3854,771,4,398,88,61424.78,51,
3855,771,5,489,28,136541.73,21,
3856,772,1,203,15,164958.21,14,
3857,772,2,54,97,81077.23,18,
3858,772,3,313,28,321816.69,13,
3859,772,4,214,85,456986.25,13,
3860,772,5,205,82,243726.37,59,
3861,773,1,237,77,433941.52,70,
3862,773,2,188,36,381402.66,0,
3863,773,3,86,80,190306.83,72,
3864,773,4,416,4,269978.07,4,
3865,773,5,57,67,493189.62,59,
3866,774,1,222,31,370175.94,13,
3867,774,2,177,32,140522.71,14,
3868,774,3,431,25,22858.81,5,
3869,774,4,500,58,229139.49,35,
3870,774,5,444,39,350250.56,24,
3871,775,1,127,24,489166.18,11,
3872,775,2,449,8,234010.94,2,
3873,775,3,127,55,155373.86,41,
3874,775,4,311,74,25175.38,54,
3875,775,5,221,5,105618.96,3,
3876,776,1,268,14,326985.79,6,
3877,776,2,496,20,466369.15,8,
3878,776,3,397,54,473576.9,14,
3879,776,4,148,26,290076.39,12,
3880,776,5,97,89,59602.51,3,
3881,777,1,495,59,459059.68,31,
3882,777,2,403,66,212484.17,57,
3883,777,3,395,84,236225.8,41,
3884,777,4,449,24,161075.96,11,
3885,777,5,99,53,278547.89,29,
3886,778,1,120,93,101995.83,92,
3887,778,2,381,37,377780.32,6,
3888,778,3,468,96,101463.05,8,
3889,778,4,117,55,493205.63,7,
3890,778,5,448,41,220831.01,9,
3891,779,1,152,75,58985.42,56,
3892,779,2,349,37,202381.55,2,
3893,779,3,175,58,484247.27,23,
3894,779,4,185,43,256478.99,41,
3895,779,5,304,71,55172.85,13,
3896,780,1,427,20,59524.35,11,
3897,780,2,298,84,482523.5,79,
3898,780,3,287,28,210371.81,20,
3899,780,4,124,49,65849.46,17,
3900,780,5,226,46,3068.14,15,
3901,781,1,301,41,94512.92,28,
3902,781,2,427,72,293943.2,13,
3903,781,3,170,76,204990.55,49,
3904,781,4,399,99,422172.5,21,
3905,781,5,290,49,302036.22,20,
3906,782,1,316,42,71135.55,4,
3907,782,2,207,19,244642.39,5,
3908,782,3,169,20,222776.77,10,
3909,782,4,224,3,43538.77,3,
3910,782,5,299,84,330506.56,70,
3911,783,1,167,40,284296.2,1,
3912,783,2,336,41,420659.82,11,
3913,783,3,81,99,201131.62,13,
3914,783,4,332,3,393574.99,1,
3915,783,5,207,93,350026.04,55,
3916,784,1,392,77,497748.87,34,
3917,784,2,316,88,357177.16,38,
3918,784,3,237,72,95175.29,57,
3919,784,4,198,47,37464.79,11,
3920,784,5,320,22,299284.54,6,
3921,785,1,166,93,289241.1,88,
3922,785,2,395,41,455984.56,3,
3923,785,3,428,9,473097.42,0,
3924,785,4,317,99,344431.06,49,
3925,785,5,246,29,406480.41,26,
3926,786,1,189,92,442291.04,74,
3927,786,2,483,27,132165.96,12,
3928,786,3,88,33,498737.71,11,
3929,786,4,412,8,489440.26,8,
3930,786,5,198,54,222690.88,19,
3931,787,1,404,40,368392.99,0,
3932,787,2,310,62,362081.59,31,
3933,787,3,96,32,283474.03,25,
3934,787,4,177,74,455494.55,32,
3935,787,5,318,96,154642.04,4,
3936,788,1,294,8,456212.04,1,
3937,788,2,229,34,47428.74,4,
3938,788,3,495,51,304396.23,48,
3939,788,4,453,67,34623.04,1,
3940,788,5,438,47,447916.48,35,
3941,789,1,378,68,486767.82,24,
3942,789,2,113,26,11390.51,22,
3943,789,3,330,15,392177.63,13,
3944,789,4,228,56,482221.38,53,
3945,789,5,497,50,349054.8,28,
3946,790,1,255,68,212964.83,12,
3947,790,2,99,53,293406.95,4,
3948,790,3,126,47,215893.97,22,
3949,790,4,203,24,81848.53,6,
3950,790,5,183,49,450799.23,46,
3951,791,1,133,74,263549.76,69,
3952,791,2,440,38,264496.35,21,
3953,791,3,300,45,172004.39,21,
3954,791,4,348,43,374461.4,35,
3955,791,5,241,2,375601.56,0,
3956,792,1,341,66,440869.33,1,
3957,792,2,216,3,196123.39,0,
3958,792,3,234,57,77132.54,33,
3959,792,4,325,92,266073.46,25,
3960,792,5,466,19,309341.43,2,
3961,793,1,322,32,366839.26,24,
3962,793,2,174,30,417297.35,29,
3963,793,3,448,94,110327.64,60,
3964,793,4,55,37,335622.11,14,
3965,793,5,173,16,473825.62,7,
3966,794,1,135,55,425884.3,18,
3967,794,2,72,87,410681.07,86,
3968,794,3,166,94,216314.71,25,
3969,794,4,254,86,437911.71,75,
3970,794,5,341,29,449372.12,25,
3971,795,1,338,71,250539.14,35,
3972,795,2,415,73,355997.39,72,
3973,795,3,88,47,457345.35,14,
3974,795,4,153,69,360504.67,57,
3975,795,5,252,35,27526.77,31,
3976,796,1,181,72,499154.13,28,
3977,796,2,433,42,97863.11,38,
3978,796,3,222,48,68989.78,24,
3979,796,4,432,12,137149.44,11,
3980,796,5,400,41,86630.35,5,
3981,797,1,435,98,123843.39,28,
3982,797,2,355,76,262376.76,71,
3983,797,3,278,60,464766.99,16,
3984,797,4,429,51,343274.05,24,
3985,797,5,87,96,332934.83,22,
3986,798,1,355,63,233677.94,27,
3987,798,2,114,50,308313.39,42,
3988,798,3,76,86,193972.4,43,
3989,798,4,146,45,217543.49,18,
3990,798,5,371,94,183440.17,59,
3991,799,1,220,45,120061.91,16,
3992,799,2,420,17,473733.54,9,
3993,799,3,66,25,300130.16,4,
3994,799,4,415,25,413647.87,20,
3995,799,5,490,17,207033.87,0,
3996,800,1,243,48,82396.68,21,
3997,800,2,480,99,242562.25,88,
3998,800,3,482,67,43051.37,22,
3999,800,4,401,96,337660.22,29,
4000,800,5,295,86,71961.14,45,
4001,801,1,152,27,381730.55,24,
4002,801,2,160,19,204163.47,6,
4003,801,3,312,78,225818.14,57,
4004,801,4,180,1,248156.14,1,
4005,801,5,368,17,288977.78,13,
4006,802,1,238,96,486098.07,61,
4007,802,2,259,56,10887.71,26,
4008,802,3,237,36,452635.62,6,
4009,802,4,361,62,73992.11,1,
4010,802,5,288,73,351932.26,36,
4011,803,1,190,93,138503.49,80,
4012,803,2,136,3,229528.2,0,
4013,803,3,250,49,252722.67,46,
4014,803,4,294,90,427236.61,53,
4015,803,5,199,11,267954.55,0,
4016,804,1,360,92,288683.51,59,
4017,804,2,419,94,217505.34,60,
4018,804,3,310,37,4887.06,20,
4019,804,4,163,35,244027.83,21,
4020,804,5,454,96,48340.52,94,
4021,805,1,298,60,486698.58,5,
4022,805,2,300,53,271506.84,12,
4023,805,3,247,9,370869.63,6,
4024,805,4,307,16,376001.27,1,
4025,805,5,331,80,105365.02,60,
4026,806,1,376,9,180245.7,1,
4027,806,2,482,87,250430.42,44,
4028,806,3,300,36,44590.06,14,
4029,806,4,119,95,182709.8,37,
4030,806,5,121,94,439457.62,37,
4031,807,1,208,68,324669.6,23,
4032,807,2,488,62,213320.13,3,
4033,807,3,400,12,459960.4,4,
4034,807,4,316,96,299065.17,67,
4035,807,5,245,44,265716.62,10,
4036,808,1,401,93,56656.08,6,
4037,808,2,288,82,149397.74,49,
4038,808,3,145,55,264965.06,1,
4039,808,4,151,64,386770.94,36,
4040,808,5,102,77,98721.72,44,
4041,809,1,402,100,54169.94,71,
4042,809,2,386,7,269660.49,0,
4043,809,3,155,2,19569.94,1,
4044,809,4,138,33,422123.58,9,
4045,809,5,103,6,290258.56,3,
4046,810,1,374,95,78622.82,80,
4047,810,2,58,32,176238.17,4,
4048,810,3,219,13,430004.49,9,
4049,810,4,344,6,427323.38,3,
4050,810,5,353,85,95138.2,63,
4051,811,1,225,65,191801.89,4,
4052,811,2,421,61,361602.33,23,
4053,811,3,64,70,428697.19,38,
4054,811,4,450,50,472123.86,24,
4055,811,5,55,69,62378.18,49,
4056,812,1,330,39,111797.03,13,
4057,812,2,488,92,149659.02,13,
4058,812,3,149,69,482858.45,48,
4059,812,4,130,44,408765.21,6,
4060,812,5,367,31,124837.94,3,
4061,813,1,489,62,259408.75,1,
4062,813,2,234,75,14352.12,24,
4063,813,3,452,66,453321.75,62,
4064,813,4,73,74,498923.6,19,
4065,813,5,309,95,454629.13,48,
4066,814,1,437,78,382660.44,5,
4067,814,2,250,6,162070.96,1,
4068,814,3,130,100,362245.54,63,
4069,814,4,315,14,53049.38,5,
4070,814,5,136,20,499667.53,5,
4071,815,1,186,81,129749.93,45,
4072,815,2,173,100,251278.97,40,
4073,815,3,221,40,277195.65,26,
4074,815,4,457,88,127315.64,7,
4075,815,5,441,46,350937.71,23,
4076,816,1,460,28,235637.7,21,
4077,816,2,181,69,405514.77,54,
4078,816,3,291,87,208928.97,44,
4079,816,4,107,20,327173.51,17,
4080,816,5,183,38,8029.6,37,
4081,817,1,113,21,62593.86,4,
4082,817,2,100,77,143633.05,9,
4083,817,3,356,10,294481.88,7,
4084,817,4,494,68,480546.42,29,
4085,817,5,128,85,275564.77,18,
4086,818,1,155,76,329752.75,62,
4087,818,2,109,75,96171.01,12,
4088,818,3,437,4,414958.85,4,
4089,818,4,291,12,36267.18,0,
4090,818,5,147,92,380964.29,40,
4091,819,1,258,28,87179.67,5,
4092,819,2,301,50,372188.04,26,
4093,819,3,274,73,338497.64,73,
4094,819,4,306,70,102539.79,6,
4095,819,5,466,93,434835.41,8,
4096,820,1,297,94,113005.95,82,
4097,820,2,197,39,413304.73,2,
4098,820,3,403,87,476784.34,13,
4099,820,4,432,22,49051.98,12,
4100,820,5,399,75,298853.1,21,
4101,821,1,311,44,25691.32,31,
4102,821,2,473,67,207716.58,36,
4103,821,3,101,87,484803.78,0,
4104,821,4,63,53,207207.29,10,
4105,821,5,126,45,40280.65,31,
4106,822,1,327,55,270053.39,55,
4107,822,2,77,47,375233.96,3,
4108,822,3,365,40,69206.13,39,
4109,822,4,137,46,405623.22,40,
4110,822,5,474,6,96254.07,4,
4111,823,1,450,48,199348.01,5,
4112,823,2,183,76,6955.6,23,
4113,823,3,53,85,169003.81,17,
4114,823,4,213,50,425008.64,34,
4115,823,5,423,99,499980.14,67,
4116,824,1,98,34,362852.11,15,
4117,824,2,371,18,330342.92,15,
4118,824,3,377,59,493823.22,14,
4119,824,4,394,15,336423.08,7,
4120,824,5,369,29,163444.09,2,
4121,825,1,295,91,381854.53,59,
4122,825,2,480,3,444877.62,1,
4123,825,3,72,90,341374.65,39,
4124,825,4,238,43,16606.36,40,
4125,825,5,77,9,388690.99,6,
4126,826,1,466,12,100032.37,0,
4127,826,2,204,48,12180.63,48,
4128,826,3,165,99,46944.61,21,
4129,826,4,108,87,229081.01,58,
4130,826,5,438,87,482606.03,43,
4131,827,1,425,91,482402.49,65,
4132,827,2,483,29,229404.47,1,
4133,827,3,462,73,421210.66,67,
4134,827,4,137,12,407187.46,5,
4135,827,5,415,49,416081.58,8,
4136,828,1,156,89,488332.31,80,
4137,828,2,444,47,225834.3,17,
4138,828,3,142,28,223146.32,21,
4139,828,4,92,5,272163.07,4,
4140,828,5,398,16,96182.56,1,
4141,829,1,438,95,206148.68,29,
4142,829,2,289,21,315206.34,15,
4143,829,3,152,64,413578.14,46,
4144,829,4,173,42,117586.68,1,
4145,829,5,211,84,61979.2,8,
4146,830,1,304,58,197007.49,34,
4147,830,2,51,7,475323.34,6,
4148,830,3,479,12,449018.41,5,
4149,830,4,88,43,7284.79,18,
4150,830,5,152,93,333666.95,74,
4151,831,1,496,83,21350.3,73,
4152,831,2,323,54,191434.7,28,
4153,831,3,277,45,115417.64,5,
4154,831,4,443,10,12063.53,3,
4155,831,5,204,73,417149.11,13,
4156,832,1,55,52,156389.11,24,
4157,832,2,441,76,172988.36,76,
4158,832,3,214,32,215983.78,15,
4159,832,4,109,63,170080.51,63,
4160,832,5,366,42,47859.6,37,
4161,833,1,185,23,44240.74,14,
4162,833,2,436,66,200461.25,41,
4163,833,3,136,73,57317.56,5,
4164,833,4,70,93,280059.91,85,
4165,833,5,74,12,471065.69,3,
4166,834,1,279,54,109296.43,34,
4167,834,2,498,49,25611.3,41,
4168,834,3,454,90,201516.95,18,
4169,834,4,309,46,210833.67,38,
4170,834,5,216,20,154057.63,14,
4171,835,1,244,79,161945.67,36,
4172,835,2,424,83,313606.0,43,
4173,835,3,179,9,212643.67,1,
4174,835,4,452,66,313386.07,15,
4175,835,5,221,40,36504.97,15,
4176,836,1,348,55,365980.73,18,
4177,836,2,138,63,330070.85,49,
4178,836,3,87,30,449258.4,7,
4179,836,4,335,99,67689.39,93,
4180,836,5,224,89,411913.8,60,
4181,837,1,466,34,179943.81,7,
4182,837,2,179,47,155985.79,2,
4183,837,3,61,99,454340.1,1,
4184,837,4,111,89,381597.84,14,
4185,837,5,117,60,387475.17,17,
4186,838,1,133,11,437725.45,9,
4187,838,2,89,11,406936.71,9,
4188,838,3,442,22,222031.19,21,
4189,838,4,404,40,144312.24,9,
4190,838,5,358,29,320721.26,28,
4191,839,1,248,53,67830.42,25,
4192,839,2,188,97,397722.71,2,
4193,839,3,500,68,49416.14,12,
4194,839,4,359,25,44397.44,1,
4195,839,5,231,73,82492.52,11,
4196,840,1,82,47,202768.79,16,
4197,840,2,95,1,240270.04,0,
4198,840,3,147,37,411617.83,34,
4199,840,4,377,59,338216.89,47,
4200,840,5,311,77,468231.15,52,
4201,841,1,286,97,338603.98,22,
4202,841,2,140,47,267797.73,16,
4203,841,3,89,76,176054.49,57,
4204,841,4,190,34,306742.03,31,
4205,841,5,275,49,69372.05,16,
4206,842,1,248,10,214248.87,5,
4207,842,2,287,43,235082.74,9,
4208,842,3,433,42,274560.76,15,
4209,842,4,158,81,206797.34,55,
4210,842,5,264,8,153326.28,4,
4211,843,1,248,78,161044.17,51,
4212,843,2,344,50,115801.81,5,
4213,843,3,111,25,3189.74,2,
4214,843,4,138,55,282128.24,55,
4215,843,5,252,48,341617.83,6,
4216,844,1,334,34,372377.47,2,
4217,844,2,314,37,241803.18,34,
4218,844,3,267,73,67680.51,2,
4219,844,4,469,3,497803.76,3,
4220,844,5,437,65,359412.44,42,
4221,845,1,368,79,123244.22,52,
4222,845,2,64,96,477774.68,96,
4223,845,3,473,19,284237.98,0,
4224,845,4,264,21,349446.95,8,
4225,845,5,202,2,177895.96,0,
4226,846,1,73,91,59651.9,87,
4227,846,2,320,78,339455.38,15,
4228,846,3,218,17,474819.31,14,
4229,846,4,453,60,133437.76,57,
4230,846,5,315,72,334109.58,44,
4231,847,1,314,92,428160.84,57,
4232,847,2,362,19,245283.98,14,
4233,847,3,224,94,243607.61,19,
4234,847,4,154,18,375200.99,12,
4235,847,5,161,86,160474.01,62,
4236,848,1,483,13,349437.7,7,
4237,848,2,193,31,306186.44,6,
4238,848,3,178,69,158102.65,40,
4239,848,4,333,48,244315.99,11,
4240,848,5,402,79,134112.15,61,
4241,849,1,60,24,114371.0,24,
4242,849,2,197,38,203473.89,33,
4243,849,3,476,65,43807.64,13,
4244,849,4,110,33,309588.02,1,
4245,849,5,470,100,246415.24,81,
4246,850,1,114,56,5098.71,45,
4247,850,2,66,22,332520.84,5,
4248,850,3,113,60,294459.28,55,
4249,850,4,344,9,331749.65,3,
4250,850,5,255,63,295850.02,44,
4251,851,1,257,77,384346.1,6,
4252,851,2,383,45,147182.26,10,
4253,851,3,126,10,289308.23,7,
4254,851,4,327,64,471272.79,19,
4255,851,5,236,21,392392.02,0,
4256,852,1,176,84,417209.66,0,
4257,852,2,443,74,408252.67,26,
4258,852,3,215,87,281871.42,77,
4259,852,4,320,20,337827.64,9,
4260,852,5,374,10,446350.25,4,
4261,853,1,376,23,404053.61,19,
4262,853,2,75,45,166794.41,18,
4263,853,3,256,48,229722.73,25,
4264,853,4,444,73,377889.24,33,
4265,853,5,164,85,40290.05,22,
4266,854,1,460,100,54329.82,56,
4267,854,2,459,100,432677.83,54,
4268,854,3,461,6,251164.96,0,
4269,854,4,273,66,382758.92,44,
4270,854,5,436,1,128458.04,1,
4271,855,1,125,29,465148.19,3,
4272,855,2,476,27,282787.08,1,
4273,855,3,301,72,386175.9,59,
4274,855,4,249,100,214902.55,13,
4275,855,5,271,24,181062.27,13,
4276,856,1,115,92,55879.67,55,
4277,856,2,341,99,122873.95,96,
4278,856,3,189,2,332979.32,0,
4279,856,4,242,78,399659.0,39,
4280,856,5,195,12,71151.26,7,
4281,857,1,294,58,170487.84,22,
4282,857,2,159,46,108943.26,7,
4283,857,3,180,95,375824.24,31,
4284,857,4,160,59,186506.55,51,
4285,857,5,456,54,134738.18,48,
4286,858,1,82,8,99606.14,2,
4287,858,2,196,17,422078.05,12,
4288,858,3,484,82,51529.14,74,
4289,858,4,397,73,122485.8,10,
4290,858,5,237,59,280283.44,58,
4291,859,1,109,9,33228.28,3,
4292,859,2,165,82,420807.06,1,
4293,859,3,208,93,418695.8,24,
4294,859,4,93,17,459239.23,4,
4295,859,5,125,44,115850.18,7,
4296,860,1,383,88,443559.54,66,
4297,860,2,327,76,227863.95,39,
4298,860,3,447,28,279564.92,8,
4299,860,4,278,91,114461.16,64,
4300,860,5,263,81,253257.06,69,
4301,861,1,436,37,322470.56,10,
4302,861,2,153,34,110841.92,11,
4303,861,3,416,15,383020.75,4,
4304,861,4,316,58,348978.76,22,
4305,861,5,214,33,295203.82,18,
4306,862,1,201,59,425103.66,55,
4307,862,2,497,32,429061.02,24,
4308,862,3,105,50,284380.37,36,
4309,862,4,444,61,41238.01,18,
4310,862,5,420,33,176084.38,25,
4311,863,1,260,9,496326.9,8,
4312,863,2,413,8,332920.49,2,
4313,863,3,174,6,267004.94,0,
4314,863,4,472,73,43029.11,0,
4315,863,5,491,16,325608.12,0,
4316,864,1,266,28,72290.18,1,
4317,864,2,261,82,153189.58,6,
4318,864,3,105,77,55229.53,33,
4319,864,4,249,75,118996.51,67,
4320,864,5,127,4,87021.16,0,
4321,865,1,270,67,326202.01,17,
4322,865,2,472,30,453323.1,0,
4323,865,3,361,72,375076.78,60,
4324,865,4,453,28,300021.7,23,
4325,865,5,153,91,288505.05,10,
4326,866,1,221,80,196106.79,5,
4327,866,2,64,9,228245.63,8,
4328,866,3,185,5,96283.84,3,
4329,866,4,323,10,59986.35,2,
4330,866,5,100,56,409011.92,37,
4331,867,1,251,42,466238.05,9,
4332,867,2,450,75,419116.37,17,
4333,867,3,199,56,479104.19,7,
4334,867,4,248,76,446631.12,51,
4335,867,5,72,40,92659.38,32,
4336,868,1,449,67,255675.97,61,
4337,868,2,264,29,307365.13,6,
4338,868,3,233,42,68959.04,11,
4339,868,4,153,68,488564.91,16,
4340,868,5,357,69,249823.4,18,
4341,869,1,422,14,492033.19,2,
4342,869,2,161,90,362947.29,74,
4343,869,3,102,90,463223.64,86,
4344,869,4,440,11,79646.48,3,
4345,869,5,364,8,84002.95,5,
4346,870,1,453,55,387279.66,21,
4347,870,2,391,51,173811.64,43,
4348,870,3,71,27,299200.85,22,
4349,870,4,424,50,426635.48,12,
4350,870,5,316,8,256965.69,6,
4351,871,1,148,28,98735.03,12,
4352,871,2,155,72,92255.54,40,
4353,871,3,327,86,162609.56,69,
4354,871,4,83,65,85657.55,39,
4355,871,5,474,9,184544.81,1,
4356,872,1,130,87,100687.79,64,
4357,872,2,213,40,430945.96,32,
4358,872,3,263,40,495541.79,37,
4359,872,4,109,86,260730.51,2,
4360,872,5,375,93,271756.6,13,
4361,873,1,80,15,316007.99,0,
4362,873,2,189,67,158862.5,46,
4363,873,3,82,91,300617.03,13,
4364,873,4,314,1,223309.22,0,
4365,873,5,180,47,176895.06,9,
4366,874,1,459,80,495977.18,77,
4367,874,2,80,44,305729.53,15,
4368,874,3,232,43,497226.88,31,
4369,874,4,363,4,472983.76,2,
4370,874,5,105,5,263738.35,1,
4371,875,1,173,39,386681.42,35,
4372,875,2,69,87,378930.06,67,
4373,875,3,110,60,364417.69,59,
4374,875,4,308,60,206360.01,2,
4375,875,5,476,86,192015.18,3,
4376,876,1,207,80,250535.76,80,
4377,876,2,270,47,4431.0,5,
4378,876,3,418,14,379540.55,7,
4379,876,4,263,3,279771.88,2,
4380,876,5,467,40,172146.51,24,
4381,877,1,411,19,244868.57,3,
4382,877,2,87,16,386601.39,15,
4383,877,3,464,53,11667.24,39,
4384,877,4,214,71,8184.95,8,
4385,877,5,339,16,369875.36,13,
4386,878,1,80,31,97047.77,10,
4387,878,2,173,1,172771.12,0,
4388,878,3,424,2,188226.39,1,
4389,878,4,76,56,8198.55,40,
4390,878,5,357,58,355551.61,21,
4391,879,1,117,46,466642.22,36,
4392,879,2,156,57,225207.81,9,
4393,879,3,117,63,152497.77,32,
4394,879,4,107,75,217898.05,3,
4395,879,5,326,54,97885.2,5,
4396,880,1,449,67,16054.47,33,
4397,880,2,482,44,429040.21,7,
4398,880,3,304,83,181897.6,49,
4399,880,4,425,38,67169.38,10,
4400,880,5,444,29,235515.69,9,
4401,881,1,233,64,482288.81,25,
4402,881,2,102,44,190770.95,41,
4403,881,3,144,33,396370.51,3,
4404,881,4,254,82,491500.93,82,
4405,881,5,146,71,430580.96,21,
4406,882,1,300,69,451373.73,56,
4407,882,2,55,8,344222.43,7,
4408,882,3,334,80,362076.23,53,
4409,882,4,379,31,152428.27,25,
4410,882,5,79,49,318469.78,20,
4411,883,1,478,42,283570.67,20,
4412,883,2,426,75,270821.31,19,
4413,883,3,141,59,317747.03,35,
4414,883,4,131,24,412927.11,20,
4415,883,5,472,88,268120.57,45,
4416,884,1,278,6,366323.21,5,
4417,884,2,345,74,242597.65,41,
4418,884,3,53,70,409668.17,70,
4419,884,4,413,62,19724.02,41,
4420,884,5,166,66,472538.91,23,
4421,885,1,64,56,392774.68,19,
4422,885,2,302,41,490970.26,29,
4423,885,3,494,86,311675.51,12,
4424,885,4,210,48,250136.31,33,
4425,885,5,387,78,133524.44,29,
4426,886,1,412,43,226372.33,19,
4427,886,2,465,65,23895.22,27,
4428,886,3,66,21,162594.54,10,
4429,886,4,206,84,299865.96,69,
4430,886,5,373,56,325139.13,37,
4431,887,1,355,10,45417.95,7,
4432,887,2,108,23,59374.95,0,
4433,887,3,462,73,217111.38,35,
4434,887,4,64,68,311355.56,2,
4435,887,5,154,96,329466.26,80,
4436,888,1,477,87,492987.7,81,
4437,888,2,128,27,291806.9,18,
4438,888,3,148,37,259972.48,10,
4439,888,4,465,52,54862.51,52,
4440,888,5,378,54,315057.4,30,
4441,889,1,180,15,414540.05,14,
4442,889,2,85,8,145018.3,1,
4443,889,3,493,89,126927.83,64,
4444,889,4,81,65,421448.14,59,
4445,889,5,373,88,288276.28,13,
4446,890,1,273,84,286649.99,11,
4447,890,2,402,99,370160.39,54,
4448,890,3,279,96,326116.37,23,
4449,890,4,429,99,21083.68,92,
4450,890,5,258,52,99384.63,12,
4451,891,1,284,16,144323.66,10,
4452,891,2,234,40,312131.98,14,
4453,891,3,479,43,59982.76,15,
4454,891,4,292,88,62124.36,32,
4455,891,5,312,11,186064.87,11,
4456,892,1,371,73,200499.05,31,
4457,892,2,277,33,221024.65,6,
4458,892,3,385,13,378922.81,0,
4459,892,4,176,33,416932.45,18,
4460,892,5,236,44,383746.83,3,
4461,893,1,288,21,316823.59,5,
4462,893,2,397,2,292976.26,1,
4463,893,3,487,31,272546.0,13,
4464,893,4,255,89,152992.71,57,
4465,893,5,72,35,93457.02,4,
4466,894,1,196,4,261902.29,1,
4467,894,2,365,79,353806.64,55,
4468,894,3,157,9,305020.96,0,
4469,894,4,377,44,213961.23,22,
4470,894,5,307,16,353179.77,0,
4471,895,1,409,3,437786.43,3,
4472,895,2,52,31,136006.67,30,
4473,895,3,248,32,391390.29,27,
4474,895,4,152,27,39369.82,17,
4475,895,5,72,45,367867.32,36,
4476,896,1,468,94,111494.67,82,
4477,896,2,416,62,53298.7,45,
4478,896,3,479,34,233244.43,24,
4479,896,4,53,79,407684.84,35,
4480,896,5,361,100,445843.41,55,
4481,897,1,94,57,447195.33,51,
4482,897,2,247,79,362117.61,55,
4483,897,3,261,21,392825.0,11,
4484,897,4,231,60,217263.26,15,
4485,897,5,220,63,312498.62,32,
4486,898,1,342,45,401642.99,34,
4487,898,2,83,86,314576.71,31,
4488,898,3,289,69,322369.63,54,
4489,898,4,150,94,439937.51,45,
4490,898,5,380,48,468669.35,30,
4491,899,1,333,72,346529.45,32,
4492,899,2,83,18,30357.76,15,
4493,899,3,439,10,209830.52,5,
4494,899,4,154,48,132126.44,28,
4495,899,5,145,30,159116.67,10,
4496,900,1,485,39,465589.14,16,
4497,900,2,91,63,137962.58,1,
4498,900,3,472,62,23196.12,22,
4499,900,4,189,3,274562.87,1,
4500,900,5,150,95,26786.16,73,
4501,901,1,133,98,318861.08,88,
4502,901,2,488,68,333321.1,6,
4503,901,3,338,45,195423.97,42,
4504,901,4,273,67,145923.53,5,
4505,901,5,224,12,295062.25,9,
4506,902,1,304,3,83794.5,3,
4507,902,2,246,70,271169.68,47,
4508,902,3,84,58,452393.85,5,
4509,902,4,342,53,211515.75,11,
4510,902,5,172,94,119347.71,42,
4511,903,1,257,45,380182.68,18,
4512,903,2,459,28,473963.88,28,
4513,903,3,241,98,332936.9,13,
4514,903,4,55,63,234758.39,52,
4515,903,5,344,94,207099.09,71,
4516,904,1,215,81,384964.08,29,
4517,904,2,107,83,181664.2,20,
4518,904,3,434,91,498093.84,88,
4519,904,4,366,57,407341.22,3,
4520,904,5,496,85,130663.73,35,
4521,905,1,411,77,109994.2,34,
4522,905,2,462,25,171358.93,10,
4523,905,3,461,74,457902.18,47,
4524,905,4,69,99,290686.76,49,
4525,905,5,259,6,426701.01,5,
4526,906,1,470,58,115189.11,13,
4527,906,2,182,79,263524.1,13,
4528,906,3,495,21,128251.96,3,
4529,906,4,52,86,100524.64,22,
4530,906,5,449,43,218257.1,35,
4531,907,1,66,28,482414.28,22,
4532,907,2,363,31,465873.25,17,
4533,907,3,226,75,280661.47,26,
4534,907,4,100,10,324039.05,5,
4535,907,5,56,49,73644.28,28,
4536,908,1,370,48,433269.19,39,
4537,908,2,134,46,28423.8,3,
4538,908,3,489,95,184288.15,62,
4539,908,4,80,57,63993.21,15,
4540,908,5,252,64,137333.21,48,
4541,909,1,230,6,452633.63,0,
4542,909,2,321,82,499546.14,1,
4543,909,3,246,55,357817.16,6,
4544,909,4,380,59,15163.06,46,
4545,909,5,106,8,349270.96,3,
4546,910,1,436,13,36560.99,7,
4547,910,2,317,22,16125.88,14,
4548,910,3,93,5,305640.21,0,
4549,910,4,146,51,174211.84,1,
4550,910,5,118,100,234734.36,63,
4551,911,1,333,30,237405.71,26,
4552,911,2,440,3,348834.59,1,
4553,911,3,341,6,483542.96,0,
4554,911,4,382,37,168885.28,15,
4555,911,5,409,46,245846.21,20,
4556,912,1,430,91,438103.34,61,
4557,912,2,196,29,376356.47,20,
4558,912,3,264,10,236791.49,6,
4559,912,4,386,40,8230.21,36,
4560,912,5,68,72,49466.94,23,
4561,913,1,382,40,279177.86,30,
4562,913,2,181,22,49131.89,11,
4563,913,3,66,64,101992.18,24,
4564,913,4,60,41,233833.0,16,
4565,913,5,143,77,207277.18,25,
4566,914,1,352,75,335185.98,61,
4567,914,2,65,20,77871.69,3,
4568,914,3,482,32,290311.2,29,
4569,914,4,142,86,494628.6,32,
4570,914,5,219,89,247785.38,7,
4571,915,1,221,47,256235.05,1,
4572,915,2,256,37,166512.61,26,
4573,915,3,65,84,457266.7,32,
4574,915,4,275,97,400186.96,90,
4575,915,5,147,61,128885.59,34,
4576,916,1,350,73,365059.98,71,
4577,916,2,424,65,88166.32,28,
4578,916,3,410,35,385348.84,22,
4579,916,4,275,45,469594.01,10,
4580,916,5,443,87,398731.41,39,
4581,917,1,298,93,180233.1,8,
4582,917,2,169,64,45967.24,12,
4583,917,3,62,18,93183.04,13,
4584,917,4,168,52,145885.18,17,
4585,917,5,52,1,337780.45,0,
4586,918,1,314,33,344033.17,32,
4587,918,2,298,70,451475.81,1,
4588,918,3,279,56,311177.27,1,
4589,918,4,60,69,202845.41,2,
4590,918,5,479,79,116714.57,30,
4591,919,1,244,81,52265.68,76,
4592,919,2,117,22,398196.2,1,
4593,919,3,200,37,335751.95,17,
4594,919,4,245,8,240611.31,5,
4595,919,5,177,96,425644.94,58,
4596,920,1,132,89,239001.3,65,
4597,920,2,183,45,124448.05,19,
4598,920,3,480,21,17716.53,6,
4599,920,4,251,67,477268.82,10,
4600,920,5,268,76,235718.72,13,
4601,921,1,410,97,247355.97,60,
4602,921,2,443,92,163649.12,43,
4603,921,3,221,22,208944.68,3,
4604,921,4,216,80,322663.17,56,
4605,921,5,320,41,422817.8,38,
4606,922,1,371,44,98162.54,42,
4607,922,2,71,61,250061.65,31,
4608,922,3,303,62,458229.41,57,
4609,922,4,328,5,15577.72,3,
4610,922,5,180,40,22432.92,26,
4611,923,1,334,25,263445.97,14,
4612,923,2,456,91,118352.22,83,
4613,923,3,172,23,401097.87,20,
4614,923,4,426,80,23118.48,49,
4615,923,5,402,45,448316.62,0,
4616,924,1,64,16,46755.78,15,
4617,924,2,286,57,57694.82,41,
4618,924,3,451,68,312110.46,65,
4619,924,4,207,72,196803.95,40,
4620,924,5,75,90,204861.88,45,
4621,925,1,155,79,479064.49,11,
4622,925,2,155,29,210239.63,3,
4623,925,3,493,83,177802.23,44,
4624,925,4,127,93,6564.84,34,
4625,925,5,239,1,369210.86,0,
4626,926,1,162,45,232959.16,2,
4627,926,2,248,45,88686.24,39,
4628,926,3,107,31,361642.44,1,
4629,926,4,402,3,357203.03,1,
4630,926,5,338,62,92250.57,26,
4631,927,1,166,72,276756.32,71,
4632,927,2,204,58,369848.25,22,
4633,927,3,301,42,185355.5,13,
4634,927,4,173,100,367220.68,95,
4635,927,5,388,69,374490.1,44,
4636,928,1,284,32,361825.27,23,
4637,928,2,412,32,462475.96,21,
4638,928,3,462,15,269147.85,15,
4639,928,4,249,29,313204.81,22,
4640,928,5,367,55,373517.51,40,
4641,929,1,156,65,446981.02,45,
4642,929,2,201,41,30220.25,32,
4643,929,3,347,25,44947.3,24,
4644,929,4,448,59,211226.44,48,
4645,929,5,258,37,424559.2,26,
4646,930,1,306,28,398547.57,14,
4647,930,2,408,2,155294.46,2,
4648,930,3,66,39,478369.0,6,
4649,930,4,356,85,195266.25,67,
4650,930,5,372,7,224725.54,4,
4651,931,1,352,34,106245.01,29,
4652,931,2,188,75,487852.64,48,
4653,931,3,457,26,165863.87,21,
4654,931,4,468,68,40279.55,47,
4655,931,5,430,6,254259.77,1,
4656,932,1,142,10,162433.25,6,
4657,932,2,100,12,40427.11,9,
4658,932,3,492,21,141566.04,5,
4659,932,4,238,99,141890.14,50,
4660,932,5,392,11,466702.83,8,
4661,933,1,489,100,119706.77,43,
4662,933,2,100,26,291477.28,14,
4663,933,3,263,72,124663.85,55,
4664,933,4,72,70,129206.38,43,
4665,933,5,164,21,435256.56,2,
4666,934,1,87,84,410016.51,84,
4667,934,2,227,92,192690.84,36,
4668,934,3,260,3,229106.93,3,
4669,934,4,405,28,401646.14,14,
4670,934,5,65,56,194320.59,27,
4671,935,1,60,73,46220.06,2,
4672,935,2,407,79,428367.52,5,
4673,935,3,434,15,498347.9,1,
4674,935,4,457,98,455366.9,53,
4675,935,5,93,55,234821.07,24,
4676,936,1,166,88,133637.25,30,
4677,936,2,192,34,169463.72,23,
4678,936,3,181,4,265811.04,1,
4679,936,4,92,54,359083.68,54,
4680,936,5,199,39,855.46,21,
4681,937,1,233,9,65667.38,5,
4682,937,2,258,79,239546.57,39,
4683,937,3,146,22,353958.29,13,
4684,937,4,210,6,376436.87,2,
4685,937,5,197,5,336194.81,0,
4686,938,1,370,100,462729.3,48,
4687,938,2,89,32,493817.22,20,
4688,938,3,82,57,301631.77,0,
4689,938,4,388,65,255700.23,38,
4690,938,5,163,20,210003.78,20,
4691,939,1,250,93,405213.11,75,
4692,939,2,214,50,96407.16,39,
4693,939,3,483,20,145709.7,12,
4694,939,4,150,20,350368.79,19,
4695,939,5,266,7,152710.04,3,
4696,940,1,130,92,97855.62,19,
4697,940,2,491,5,2848.14,3,
4698,940,3,313,64,243429.72,16,
4699,940,4,186,46,467434.75,43,
4700,940,5,129,86,203055.07,43,
4701,941,1,74,81,288479.47,60,
4702,941,2,132,87,142466.4,59,
4703,941,3,421,27,448227.93,27,
4704,941,4,334,24,125353.24,10,
4705,941,5,196,49,249868.45,29,
4706,942,1,154,84,283452.82,2,
4707,942,2,169,52,6614.98,51,
4708,942,3,184,4,267716.26,0,
4709,942,4,241,84,477538.95,30,
4710,942,5,54,84,299026.56,23,
4711,943,1,51,70,68548.26,66,
4712,943,2,443,67,94769.28,22,
4713,943,3,119,86,163683.53,58,
4714,943,4,380,25,421538.18,8,
4715,943,5,85,84,60153.91,51,
4716,944,1,472,66,7666.56,28,
4717,944,2,89,99,344627.78,31,
4718,944,3,231,77,321169.21,11,
4719,944,4,174,97,275893.46,84,
4720,944,5,70,6,162792.69,2,
4721,945,1,277,5,343018.72,2,
4722,945,2,291,3,238952.45,2,
4723,945,3,445,100,445291.79,10,
4724,945,4,182,13,390357.84,7,
4725,945,5,103,85,173607.4,28,
4726,946,1,263,86,311278.33,21,
4727,946,2,328,96,212186.6,86,
4728,946,3,214,82,112229.65,21,
4729,946,4,408,55,278411.14,5,
4730,946,5,437,8,291159.76,6,
4731,947,1,412,76,379843.88,32,
4732,947,2,309,58,403540.49,25,
4733,947,3,76,31,498472.18,0,
4734,947,4,332,57,189004.83,0,
4735,947,5,326,52,214317.95,42,
4736,948,1,253,75,30633.23,13,
4737,948,2,260,63,235338.06,26,
4738,948,3,115,25,9210.06,20,
4739,948,4,165,56,174427.3,51,
4740,948,5,216,57,140961.25,47,
4741,949,1,152,92,205044.9,59,
4742,949,2,317,56,406271.16,52,
4743,949,3,439,65,2660.92,0,
4744,949,4,431,40,254057.81,11,
4745,949,5,426,74,59891.89,11,
4746,950,1,337,34,166653.78,30,
4747,950,2,119,40,466249.75,29,
4748,950,3,83,100,280216.55,68,
4749,950,4,253,75,319658.77,45,
4750,950,5,252,70,473994.92,45,
4751,951,1,475,15,358102.24,7,
4752,951,2,436,22,408372.43,19,
4753,951,3,283,15,94077.45,15,
4754,951,4,296,57,345523.13,18,
4755,951,5,175,60,209747.91,52,
4756,952,1,288,66,93167.74,63,
4757,952,2,346,40,302646.54,22,
4758,952,3,406,34,231305.26,33,
4759,952,4,250,43,496424.72,38,
4760,952,5,197,92,20778.96,65,
4761,953,1,60,78,423079.7,5,
4762,953,2,387,72,210078.09,63,
4763,953,3,346,36,265143.07,5,
4764,953,4,352,31,299851.9,25,
4765,953,5,445,65,32908.64,25,
4766,954,1,128,95,276424.74,36,
4767,954,2,464,71,193646.6,62,
4768,954,3,496,42,480454.86,19,
4769,954,4,342,64,218811.34,17,
4770,954,5,216,37,29921.91,23,
4771,955,1,250,21,26685.91,17,
4772,955,2,282,82,30506.67,45,
4773,955,3,410,2,203855.32,2,
4774,955,4,305,12,11077.46,11,
4775,955,5,140,4,406404.05,4,
4776,956,1,383,78,393435.39,3,
4777,956,2,190,53,161091.3,10,
4778,956,3,53,30,198726.4,17,
4779,956,4,411,34,206385.57,26,
4780,956,5,63,63,282924.53,38,
4781,957,1,414,69,309289.64,31,
4782,957,2,373,61,177801.13,23,
4783,957,3,372,17,207076.36,5,
4784,957,4,478,30,134265.84,3,
4785,957,5,240,6,66448.74,6,
4786,958,1,278,57,305277.8,18,
4787,958,2,303,76,114272.53,4,
4788,958,3,285,32,413355.16,20,
4789,958,4,409,35,110431.49,17,
4790,958,5,417,70,479783.48,5,
4791,959,1,352,44,498076.97,1,
4792,959,2,214,98,154493.99,55,
4793,959,3,57,73,488892.3,28,
4794,959,4,407,50,352052.53,24,
4795,959,5,391,15,471407.13,11,
4796,960,1,403,86,399463.63,60,
4797,960,2,234,75,353152.42,24,
4798,960,3,150,43,102730.24,25,
4799,960,4,118,56,374795.5,31,
4800,960,5,363,1,317462.29,0,
4801,961,1,86,34,109250.75,15,
4802,961,2,465,33,469896.21,1,
4803,961,3,265,73,441342.54,7,
4804,961,4,378,73,82419.47,44,
4805,961,5,198,55,158433.63,31,
4806,962,1,222,24,282998.85,1,
4807,962,2,382,9,31441.61,7,
4808,962,3,394,25,197217.63,21,
4809,962,4,332,96,420668.3,76,
4810,962,5,281,3,79285.7,3,
4811,963,1,92,86,266997.65,55,
4812,963,2,126,2,346030.12,0,
4813,963,3,65,86,401007.3,81,
4814,963,4,142,31,338876.38,27,
4815,963,5,439,57,247739.4,39,
4816,964,1,399,75,472866.01,2,
4817,964,2,226,45,53664.67,6,
4818,964,3,102,53,280415.27,8,
4819,964,4,477,12,387496.98,2,
4820,964,5,324,27,146886.93,18,
4821,965,1,181,13,155413.07,12,
4822,965,2,418,46,77770.86,11,
4823,965,3,257,73,53248.39,32,
4824,965,4,280,86,381735.12,11,
4825,965,5,401,93,176694.85,66,
4826,966,1,403,6,488269.68,4,
4827,966,2,248,13,336579.7,13,
4828,966,3,422,83,168471.02,53,
4829,966,4,487,33,442336.0,31,
4830,966,5,195,12,340639.19,3,
4831,967,1,373,22,73643.98,18,
4832,967,2,217,4,270104.16,3,
4833,967,3,345,25,137471.46,10,
4834,967,4,236,35,400892.55,23,
4835,967,5,264,99,59149.58,31,
4836,968,1,121,89,143348.62,60,
4837,968,2,56,33,175761.77,0,
4838,968,3,164,18,167623.78,13,
4839,968,4,480,17,493341.22,15,
4840,968,5,353,90,333228.37,13,
4841,969,1,455,36,97508.0,5,
4842,969,2,70,30,204031.24,12,
4843,969,3,461,61,191544.76,30,
4844,969,4,110,10,418400.62,1,
4845,969,5,119,71,309574.79,7,
4846,970,1,231,38,256487.01,34,
4847,970,2,357,8,112443.77,6,
4848,970,3,170,33,419963.22,1,
4849,970,4,206,76,491317.09,57,
4850,970,5,69,64,269244.62,34,
4851,971,1,478,82,365322.8,52,
4852,971,2,67,89,180195.49,13,
4853,971,3,415,5,440678.25,5,
4854,971,4,202,75,383021.98,46,
4855,971,5,431,77,140370.6,55,
4856,972,1,78,53,451268.15,41,
4857,972,2,456,56,485925.42,4,
4858,972,3,404,62,382385.03,52,
4859,972,4,88,83,473815.53,55,
4860,972,5,99,48,190211.19,4,
4861,973,1,326,41,43146.83,18,
4862,973,2,178,66,182716.18,61,
4863,973,3,444,58,30287.18,5,
4864,973,4,326,7,43260.75,5,
4865,973,5,152,18,255991.89,11,
4866,974,1,267,5,234871.41,3,
4867,974,2,315,18,188911.85,15,
4868,974,3,345,50,143477.4,15,
4869,974,4,403,67,39728.03,16,
4870,974,5,99,79,192528.17,69,
4871,975,1,340,41,261197.16,20,
4872,975,2,237,39,102434.87,36,
4873,975,3,107,100,152941.89,10,
4874,975,4,275,14,351986.05,14,
4875,975,5,496,19,381703.32,9,
4876,976,1,146,47,77412.29,25,
4877,976,2,495,91,181188.79,66,
4878,976,3,251,66,459221.16,16,
4879,976,4,186,49,310669.47,24,
4880,976,5,116,57,385754.67,57,
4881,977,1,254,74,336536.64,15,
4882,977,2,321,30,420576.33,21,
4883,977,3,361,24,245298.03,0,
4884,977,4,368,4,374591.92,1,
4885,977,5,354,94,209632.07,25,
4886,978,1,148,65,172560.81,16,
4887,978,2,103,17,450730.56,7,
4888,978,3,387,6,485055.12,4,
4889,978,4,87,76,296720.16,44,
4890,978,5,491,74,167172.59,49,
4891,979,1,435,97,111840.21,62,
4892,979,2,490,33,96303.14,22,
4893,979,3,238,80,322807.95,57,
4894,979,4,468,25,103581.04,15,
4895,979,5,260,81,155713.75,1,
4896,980,1,129,18,307778.9,5,
4897,980,2,423,18,104950.93,0,
4898,980,3,312,3,169124.08,0,
4899,980,4,243,76,373658.82,21,
4900,980,5,53,12,317252.14,10,
4901,981,1,430,59,264771.13,8,
4902,981,2,222,96,372033.08,28,
4903,981,3,415,45,488837.28,5,
4904,981,4,191,51,266055.3,6,
4905,981,5,251,29,12428.57,17,
4906,982,1,393,68,120375.16,68,
4907,982,2,198,17,170516.22,1,
4908,982,3,443,59,351920.95,44,
4909,982,4,387,77,346252.33,11,
4910,982,5,57,77,447342.82,8,
4911,983,1,222,62,431131.94,47,
4912,983,2,362,29,239797.26,28,
4913,983,3,280,39,352533.3,16,
4914,983,4,76,83,389839.3,69,
4915,983,5,381,97,127107.14,8,
4916,984,1,461,62,278913.38,33,
4917,984,2,117,42,44444.02,4,
4918,984,3,306,75,208402.03,24,
4919,984,4,479,88,46861.95,44,
4920,984,5,498,15,348213.75,5,
4921,985,1,430,51,354588.73,2,
4922,985,2,342,31,264198.79,16,
4923,985,3,60,12,240186.6,9,
4924,985,4,68,73,476112.03,8,
4925,985,5,165,5,107445.18,2,
4926,986,1,366,66,340858.59,38,
4927,986,2,302,61,393962.18,12,
4928,986,3,116,90,492907.52,9,
4929,986,4,400,34,276089.63,26,
4930,986,5,399,77,137624.36,74,
4931,987,1,279,59,284643.33,26,
4932,987,2,128,78,307032.53,28,
4933,987,3,326,41,178886.09,24,
4934,987,4,493,85,198930.52,78,
4935,987,5,88,18,452577.44,12,
4936,988,1,111,88,424601.47,52,
4937,988,2,135,33,119622.96,16,
4938,988,3,69,97,445009.78,28,
4939,988,4,320,40,382288.69,10,
4940,988,5,74,72,252834.01,23,
4941,989,1,305,98,323798.99,38,
4942,989,2,118,71,485508.96,57,
4943,989,3,374,83,43502.52,9,
4944,989,4,123,11,269750.48,6,
4945,989,5,278,16,131970.76,8,
4946,990,1,281,78,337582.25,10,
4947,990,2,469,32,277913.61,3,
4948,990,3,324,44,170989.58,19,
4949,990,4,347,37,21317.68,33,
4950,990,5,452,59,378312.36,49,
4951,991,1,438,34,153559.79,13,
4952,991,2,327,2,168243.9,1,
4953,991,3,211,54,471218.9,27,
4954,991,4,300,52,221828.67,19,
4955,991,5,270,95,448276.0,26,
4956,992,1,270,89,197658.55,51,
4957,992,2,171,31,32510.01,19,
4958,992,3,203,8,143722.04,1,
4959,992,4,182,40,92349.37,20,
4960,992,5,249,87,401907.29,73,
4961,993,1,362,74,131587.15,3,
4962,993,2,383,79,10700.71,41,
4963,993,3,247,20,79395.8,13,
4964,993,4,221,71,452832.5,4,
4965,993,5,60,96,64663.38,88,
4966,994,1,67,96,278368.1,27,
4967,994,2,458,10,322342.6,6,
4968,994,3,228,36,3804.54,16,
4969,994,4,433,73,408433.19,32,
4970,994,5,308,34,276169.08,26,
4971,995,1,458,61,445407.26,8,
4972,995,2,96,40,369181.53,5,
4973,995,3,191,68,158107.03,20,
4974,995,4,329,46,473986.85,11,
4975,995,5,263,32,462422.18,14,
4976,996,1,495,72,449775.83,66,
4977,996,2,237,76,105377.27,50,
4978,996,3,475,47,359244.34,25,
4979,996,4,491,96,209343.26,86,
4980,996,5,225,87,416864.27,36,
4981,997,1,277,18,250103.05,8,
4982,997,2,210,61,245636.51,8,
4983,997,3,252,30,113410.25,20,
4984,997,4,382,61,110258.75,29,
4985,997,5,137,58,366017.03,32,
4986,998,1,495,22,112175.57,19,
4987,998,2,276,10,399641.2,0,
4988,998,3,187,98,178159.92,95,
4989,998,4,442,91,498013.36,41,
4990,998,5,373,96,459251.21,49,
4991,999,1,155,38,241497.96,36,
4992,999,2,418,54,68940.68,43,
4993,999,3,465,79,220870.35,56,
4994,999,4,102,3,452674.33,3,
4995,999,5,94,56,13331.88,35,
4996,1000,1,405,20,409428.4,4,
4997,1000,2,106,44,440714.22,24,
4998,1000,3,310,50,250728.56,40,
4999,1000,4,485,87,458702.81,29,
5000,1000,5,233,14,425890.81,10,
