id,numero_orden,proveedor_id,fecha_orden,estado,cedi_id,franja_id,total,fecha_entrega,fecha_confirmacion,idempotency_key
1,OC-000000000001,10,2025-11-03 08:09:18,ENTREGADA,10,663,4706044.65,2025-11-12,2025-11-03 22:09:18,IDEMP-000000000001
2,OC-000000000002,49,2024-03-08 09:10:09,ENTREGADA,4,795,4162896.4,2024-03-16,2024-03-09 07:10:09,IDEMP-000000000002
3,OC-000000000003,18,2024-08-14 13:38:59,ENTREGADA,4,109,3267294.08,2024-08-15,2024-08-15 06:38:59,IDEMP-000000000003
4,OC-000000000004,33,2025-05-13 08:39:23,ENTREGADA,5,147,4326037.62,2025-05-21,2025-05-13 11:39:23,IDEMP-000000000004
5,OC-000000000005,3,2024-06-13 17:12:36,ENTREGADA,7,279,2537843.4,2024-06-22,2024-06-14 16:12:36,IDEMP-000000000005
6,OC-000000000006,57,2024-02-18 10:47:16,ENTREGADA,10,234,2567745.34,2024-02-24,2024-02-19 02:47:16,IDEMP-000000000006
7,OC-000000000007,21,2024-04-30 09:53:58,ENTREGADA,9,61,2019425.31,2024-05-08,2024-05-01 03:53:58,IDEMP-000000000007
8,OC-000000000008,1,2025-09-03 09:09:05,ENTREGADA,5,556,720352.01,2025-09-06,2025-09-03 10:09:05,IDEMP-000000000008
9,OC-000000000009,6,2024-11-14 10:47:16,ENTREGADA,1,934,2859406.67,2024-11-23,2024-11-14 23:47:16,IDEMP-000000000009
10,OC-000000000010,12,2025-07-08 08:33:45,ENTREGADA,3,276,32837.4,2025-07-10,2025-07-08 23:33:45,IDEMP-000000000010
11,OC-000000000011,3,2025-10-22 08:57:56,ENTREGADA,6,41,3786201.39,2025-10-25,2025-10-22 21:57:56,IDEMP-000000000011
12,OC-000000000012,1,2025-01-23 08:09:43,ENTREGADA,1,411,4128507.93,2025-01-27,2025-01-23 09:09:43,IDEMP-000000000012
13,OC-000000000013,54,2025-06-04 08:32:42,ENTREGADA,6,61,3139278.26,2025-06-10,2025-06-04 13:32:42,IDEMP-000000000013
14,OC-000000000014,51,2025-07-04 09:09:36,ENTREGADA,6,876,892743.86,2025-07-10,2025-07-04 22:09:36,IDEMP-000000000014
15,OC-000000000015,1,2025-03-22 10:56:47,ENTREGADA,2,864,4249662.82,2025-03-24,2025-03-23 02:56:47,IDEMP-000000000015
16,OC-000000000016,34,2024-04-29 08:06:41,CANCELADA,10,624,4392758.9,2024-05-09,,IDEMP-000000000016
17,OC-000000000017,47,2025-11-28 08:26:44,CONFIRMADA,2,344,4158231.8,2025-12-03,,IDEMP-000000000017
18,OC-000000000018,1,2024-08-01 08:28:24,ENTREGADA,4,23,2787518.56,2024-08-06,2024-08-02 00:28:24,IDEMP-000000000018
19,OC-000000000019,74,2025-09-06 10:24:26,CONFIRMADA,1,938,3244823.23,2025-09-14,,IDEMP-000000000019
20,OC-000000000020,33,2025-11-05 10:43:54,CONFIRMADA,9,943,1964840.99,2025-11-15,,IDEMP-000000000020
21,OC-000000000021,4,2025-12-16 08:18:44,PENDIENTE,5,335,2204480.86,2025-12-20,,IDEMP-000000000021
22,OC-000000000022,10,2025-09-05 10:01:12,ENTREGADA,5,894,3054626.33,2025-09-15,2025-09-06 08:01:12,IDEMP-000000000022
23,OC-000000000023,1,2025-01-24 10:00:49,ENTREGADA,3,299,2161551.99,2025-01-25,2025-01-25 01:00:49,IDEMP-000000000023
24,OC-000000000024,15,2025-11-12 08:25:59,ENTREGADA,8,902,204154.05,2025-11-21,2025-11-12 23:25:59,IDEMP-000000000024
25,OC-000000000025,7,2025-07-05 08:46:13,ENTREGADA,9,451,866692.01,2025-07-10,2025-07-05 12:46:13,IDEMP-000000000025
26,OC-000000000026,72,2025-09-17 09:47:42,ENTREGADA,7,919,1089054.81,2025-09-26,2025-09-18 05:47:42,IDEMP-000000000026
27,OC-000000000027,1,2024-01-26 09:38:26,ENTREGADA,8,870,3895581.58,2024-02-03,2024-01-26 11:38:26,IDEMP-000000000027
28,OC-000000000028,37,2024-01-26 10:13:01,ENTREGADA,4,44,2074799.81,2024-02-02,2024-01-26 12:13:01,IDEMP-000000000028
29,OC-000000000029,21,2025-05-25 09:54:35,CANCELADA,1,34,4414855.61,2025-05-29,,IDEMP-000000000029
30,OC-000000000030,4,2024-07-11 09:26:57,ENTREGADA,8,984,2576594.53,2024-07-18,2024-07-12 06:26:57,IDEMP-000000000030
31,OC-000000000031,32,2024-09-23 08:01:58,CONFIRMADA,9,249,3090961.07,2024-10-02,,IDEMP-000000000031
32,OC-000000000032,7,2024-12-15 09:18:58,ENTREGADA,8,634,3488791.59,2024-12-24,2024-12-16 00:18:58,IDEMP-000000000032
33,OC-000000000033,15,2024-11-02 07:20:57,CONFIRMADA,8,967,927069.44,2024-11-04,,IDEMP-000000000033
34,OC-000000000034,1,2025-06-21 14:59:28,ENTREGADA,8,26,379260.98,2025-07-01,2025-06-21 19:59:28,IDEMP-000000000034
35,OC-000000000035,69,2024-08-24 10:44:35,CONFIRMADA,5,433,2895601.5,2024-09-01,,IDEMP-000000000035
36,OC-000000000036,28,2024-02-26 09:11:01,ENTREGADA,8,7,297777.51,2024-02-28,2024-02-26 20:11:01,IDEMP-000000000036
37,OC-000000000037,20,2025-10-25 13:01:35,ENTREGADA,5,484,366858.91,2025-11-01,2025-10-25 17:01:35,IDEMP-000000000037
38,OC-000000000038,2,2024-05-18 06:12:30,ENTREGADA,2,597,3968436.03,2024-05-22,2024-05-18 09:12:30,IDEMP-000000000038
39,OC-000000000039,36,2024-08-06 13:54:35,PENDIENTE,4,958,4164740.38,2024-08-13,,IDEMP-000000000039
40,OC-000000000040,1,2025-12-04 09:47:58,CONFIRMADA,10,932,2388248.0,2025-12-11,,IDEMP-000000000040
41,OC-000000000041,3,2025-07-28 09:28:37,ENTREGADA,9,740,1857991.64,2025-08-02,2025-07-29 07:28:37,IDEMP-000000000041
42,OC-000000000042,1,2025-02-05 12:27:10,ENTREGADA,9,101,1660803.43,2025-02-10,2025-02-05 15:27:10,IDEMP-000000000042
43,OC-000000000043,70,2025-01-19 10:04:02,ENTREGADA,9,127,3410609.38,2025-01-24,2025-01-20 05:04:02,IDEMP-000000000043
44,OC-000000000044,75,2024-11-04 08:44:00,CONFIRMADA,1,717,1551046.42,2024-11-07,,IDEMP-000000000044
45,OC-000000000045,1,2025-08-05 17:11:31,CONFIRMADA,5,403,530643.02,2025-08-13,,IDEMP-000000000045
46,OC-000000000046,5,2024-08-16 08:35:58,ENTREGADA,1,470,2882619.44,2024-08-22,2024-08-17 05:35:58,IDEMP-000000000046
47,OC-000000000047,5,2024-08-11 17:42:18,CONFIRMADA,10,128,4748177.3,2024-08-17,,IDEMP-000000000047
48,OC-000000000048,7,2025-09-24 10:15:45,CONFIRMADA,3,955,2370823.97,2025-09-28,,IDEMP-000000000048
49,OC-000000000049,3,2024-05-02 09:00:00,ENTREGADA,5,978,1460187.07,2024-05-03,2024-05-03 01:00:00,IDEMP-000000000049
50,OC-000000000050,44,2025-02-23 14:18:36,ENTREGADA,3,58,2186862.73,2025-03-01,2025-02-24 09:18:36,IDEMP-000000000050
51,OC-000000000051,22,2024-10-05 10:29:05,ENTREGADA,4,102,531677.24,2024-10-11,2024-10-06 09:29:05,IDEMP-000000000051
52,OC-000000000052,5,2025-10-19 09:50:30,CONFIRMADA,9,110,3359532.61,2025-10-21,,IDEMP-000000000052
53,OC-000000000053,2,2025-12-23 10:16:26,ENTREGADA,4,33,1608953.58,2025-12-30,2025-12-23 16:16:26,IDEMP-000000000053
54,OC-000000000054,21,2024-11-03 09:07:52,ENTREGADA,3,787,2300150.52,2024-11-05,2024-11-03 22:07:52,IDEMP-000000000054
55,OC-000000000055,47,2025-02-01 10:09:09,ENTREGADA,2,736,4494769.76,2025-02-06,2025-02-02 10:09:09,IDEMP-000000000055
56,OC-000000000056,7,2025-06-29 09:17:11,PENDIENTE,5,986,2136129.5,2025-07-09,,IDEMP-000000000056
57,OC-000000000057,4,2025-01-06 10:09:41,CANCELADA,6,242,665997.17,2025-01-09,,IDEMP-000000000057
58,OC-000000000058,10,2025-12-09 11:00:29,ENTREGADA,8,37,4018234.14,2025-12-12,2025-12-10 06:00:29,IDEMP-000000000058
59,OC-000000000059,6,2024-09-08 08:25:45,ENTREGADA,3,392,3766053.0,2024-09-12,2024-09-08 15:25:45,IDEMP-000000000059
60,OC-000000000060,65,2025-12-17 16:52:42,ENTREGADA,7,879,3899673.69,2025-12-22,2025-12-17 20:52:42,IDEMP-000000000060
61,OC-000000000061,57,2025-12-09 08:16:15,CONFIRMADA,2,430,3474384.12,2025-12-11,,IDEMP-000000000061
62,OC-000000000062,1,2025-04-01 09:06:37,ENTREGADA,5,86,3560774.05,2025-04-05,2025-04-02 01:06:37,IDEMP-000000000062
63,OC-000000000063,2,2025-03-18 17:07:47,PENDIENTE,9,309,1090393.82,2025-03-20,,IDEMP-000000000063
64,OC-000000000064,8,2024-01-20 12:35:38,ENTREGADA,6,943,535812.17,2024-01-25,2024-01-20 17:35:38,IDEMP-000000000064
65,OC-000000000065,3,2025-10-23 10:08:53,ENTREGADA,1,619,203861.76,2025-10-26,2025-10-24 01:08:53,IDEMP-000000000065
66,OC-000000000066,58,2024-01-07 08:04:42,ENTREGADA,5,933,1911367.78,2024-01-13,2024-01-07 19:04:42,IDEMP-000000000066
67,OC-000000000067,3,2025-10-11 09:12:19,ENTREGADA,4,409,2215948.22,2025-10-14,2025-10-12 03:12:19,IDEMP-000000000067
68,OC-000000000068,2,2025-05-30 06:10:26,ENTREGADA,7,726,1776210.46,2025-06-07,2025-05-30 20:10:26,IDEMP-000000000068
69,OC-000000000069,2,2025-08-02 09:48:26,ENTREGADA,6,509,1123255.68,2025-08-10,2025-08-02 13:48:26,IDEMP-000000000069
70,OC-000000000070,1,2024-09-05 08:45:37,ENTREGADA,2,808,2323946.46,2024-09-14,2024-09-05 18:45:37,IDEMP-000000000070
71,OC-000000000071,96,2024-03-04 08:07:53,ENTREGADA,2,811,1724576.45,2024-03-08,2024-03-04 17:07:53,IDEMP-000000000071
72,OC-000000000072,1,2025-03-09 06:30:13,ENTREGADA,10,816,1769369.98,2025-03-12,2025-03-09 09:30:13,IDEMP-000000000072
73,OC-000000000073,59,2025-01-22 09:22:40,ENTREGADA,1,598,3045405.52,2025-01-30,2025-01-22 16:22:40,IDEMP-000000000073
74,OC-000000000074,10,2024-08-29 08:40:47,ENTREGADA,9,730,1797465.03,2024-09-04,2024-08-29 12:40:47,IDEMP-000000000074
75,OC-000000000075,1,2024-02-26 09:57:53,CONFIRMADA,3,325,4551645.23,2024-02-28,,IDEMP-000000000075
76,OC-000000000076,43,2025-08-25 06:32:54,ENTREGADA,6,207,3066811.93,2025-08-26,2025-08-26 02:32:54,IDEMP-000000000076
77,OC-000000000077,87,2025-03-15 08:19:53,ENTREGADA,6,701,358739.44,2025-03-21,2025-03-16 05:19:53,IDEMP-000000000077
78,OC-000000000078,2,2024-07-24 10:24:42,ENTREGADA,10,92,2401619.77,2024-07-27,2024-07-24 23:24:42,IDEMP-000000000078
79,OC-000000000079,39,2025-01-22 09:40:28,ENTREGADA,3,267,3643230.86,2025-01-26,2025-01-22 11:40:28,IDEMP-000000000079
80,OC-000000000080,4,2024-06-01 08:22:44,ENTREGADA,1,496,2661590.82,2024-06-09,2024-06-02 04:22:44,IDEMP-000000000080
81,OC-000000000081,41,2025-02-04 08:49:50,CONFIRMADA,2,395,4918332.06,2025-02-12,,IDEMP-000000000081
82,OC-000000000082,3,2025-07-02 10:08:59,ENTREGADA,8,630,3216086.16,2025-07-07,2025-07-03 04:08:59,IDEMP-000000000082
83,OC-000000000083,1,2025-07-31 08:57:06,ENTREGADA,4,67,4912627.38,2025-08-01,2025-08-01 06:57:06,IDEMP-000000000083
84,OC-000000000084,1,2024-01-08 10:00:11,ENTREGADA,1,108,3300252.24,2024-01-15,2024-01-08 15:00:11,IDEMP-000000000084
85,OC-000000000085,1,2025-03-06 07:50:19,CONFIRMADA,4,640,2856769.97,2025-03-11,,IDEMP-000000000085
86,OC-000000000086,2,2025-02-26 12:17:22,ENTREGADA,8,881,4594671.96,2025-03-06,2025-02-27 08:17:22,IDEMP-000000000086
87,OC-000000000087,94,2025-11-22 14:30:33,ENTREGADA,5,802,4821717.82,2025-11-26,2025-11-23 02:30:33,IDEMP-000000000087
88,OC-000000000088,77,2024-05-18 09:04:13,ENTREGADA,7,36,3989521.86,2024-05-26,2024-05-19 07:04:13,IDEMP-000000000088
89,OC-000000000089,25,2024-11-21 07:25:07,ENTREGADA,9,119,2225029.77,2024-11-30,2024-11-21 12:25:07,IDEMP-000000000089
90,OC-000000000090,4,2025-08-23 09:16:51,ENTREGADA,9,258,3648622.54,2025-08-29,2025-08-24 08:16:51,IDEMP-000000000090
91,OC-000000000091,1,2024-10-01 08:29:55,CONFIRMADA,1,857,4153908.86,2024-10-03,,IDEMP-000000000091
92,OC-000000000092,16,2025-08-29 10:57:01,CONFIRMADA,9,319,832848.15,2025-09-06,,IDEMP-000000000092
93,OC-000000000093,18,2024-12-12 10:26:06,PENDIENTE,5,838,2793017.35,2024-12-22,,IDEMP-000000000093
94,OC-000000000094,1,2025-03-12 08:31:01,ENTREGADA,8,46,2154845.95,2025-03-21,2025-03-12 09:31:01,IDEMP-000000000094
95,OC-000000000095,50,2025-08-08 10:04:32,CONFIRMADA,8,752,282898.86,2025-08-15,,IDEMP-000000000095
96,OC-000000000096,2,2024-05-07 15:27:16,ENTREGADA,2,866,451055.75,2024-05-16,2024-05-08 03:27:16,IDEMP-000000000096
97,OC-000000000097,2,2024-12-17 10:28:37,ENTREGADA,4,216,107084.41,2024-12-20,2024-12-17 22:28:37,IDEMP-000000000097
98,OC-000000000098,67,2024-04-24 09:39:44,ENTREGADA,9,17,2255255.73,2024-05-03,2024-04-25 07:39:44,IDEMP-000000000098
99,OC-000000000099,85,2025-01-04 11:05:51,ENTREGADA,7,425,2643863.18,2025-01-13,2025-01-04 13:05:51,IDEMP-000000000099
100,OC-000000000100,1,2024-11-27 09:47:51,ENTREGADA,6,642,4852970.46,2024-12-07,2024-11-28 02:47:51,IDEMP-000000000100
101,OC-000000000101,1,2024-10-27 10:20:59,ENTREGADA,10,583,1467705.72,2024-10-30,2024-10-27 14:20:59,IDEMP-000000000101
102,OC-000000000102,1,2024-11-08 09:31:04,CONFIRMADA,3,625,185168.13,2024-11-13,,IDEMP-000000000102
103,OC-000000000103,2,2025-01-10 10:03:23,ENTREGADA,3,949,1062907.52,2025-01-17,2025-01-10 20:03:23,IDEMP-000000000103
104,OC-000000000104,8,2025-06-16 08:31:51,ENTREGADA,4,549,1178470.09,2025-06-26,2025-06-17 03:31:51,IDEMP-000000000104
105,OC-000000000105,32,2024-12-25 10:00:59,ENTREGADA,2,686,1949960.67,2024-12-26,2024-12-26 03:00:59,IDEMP-000000000105
106,OC-000000000106,50,2025-01-21 08:50:26,ENTREGADA,7,544,4247214.16,2025-01-22,2025-01-22 02:50:26,IDEMP-000000000106
107,OC-000000000107,1,2024-11-25 09:55:58,ENTREGADA,7,730,2680023.44,2024-11-27,2024-11-25 11:55:58,IDEMP-000000000107
108,OC-000000000108,77,2024-12-10 08:47:32,ENTREGADA,3,747,1419501.28,2024-12-14,2024-12-11 02:47:32,IDEMP-000000000108
109,OC-000000000109,2,2024-06-09 09:44:40,ENTREGADA,5,394,3042762.3,2024-06-12,2024-06-10 08:44:40,IDEMP-000000000109
110,OC-000000000110,82,2025-07-10 07:27:43,CONFIRMADA,5,21,2981862.7,2025-07-11,,IDEMP-000000000110
111,OC-000000000111,10,2025-07-28 09:38:29,ENTREGADA,8,252,3703561.7,2025-08-03,2025-07-28 18:38:29,IDEMP-000000000111
112,OC-000000000112,8,2025-02-04 10:09:57,ENTREGADA,7,143,771331.96,2025-02-11,2025-02-04 13:09:57,IDEMP-000000000112
113,OC-000000000113,2,2024-03-24 08:55:02,ENTREGADA,5,331,4154467.4,2024-03-30,2024-03-24 11:55:02,IDEMP-000000000113
114,OC-000000000114,15,2025-09-06 09:45:25,CONFIRMADA,1,533,1930205.49,2025-09-15,,IDEMP-000000000114
115,OC-000000000115,32,2024-09-20 09:19:45,CONFIRMADA,9,194,2367638.51,2024-09-26,,IDEMP-000000000115
116,OC-000000000116,17,2024-05-24 17:11:11,ENTREGADA,2,910,4422712.59,2024-05-30,2024-05-25 03:11:11,IDEMP-000000000116
117,OC-000000000117,5,2024-06-09 10:14:59,ENTREGADA,9,318,4967936.34,2024-06-16,2024-06-09 21:14:59,IDEMP-000000000117
118,OC-000000000118,2,2024-02-02 10:49:04,ENTREGADA,1,625,4441010.59,2024-02-07,2024-02-02 21:49:04,IDEMP-000000000118
119,OC-000000000119,4,2025-10-04 09:49:53,PENDIENTE,4,124,2380949.52,2025-10-14,,IDEMP-000000000119
120,OC-000000000120,3,2024-12-28 10:18:28,CONFIRMADA,7,823,722417.55,2025-01-04,,IDEMP-000000000120
121,OC-000000000121,13,2025-10-06 09:34:39,ENTREGADA,4,732,1263004.67,2025-10-07,2025-10-06 14:34:39,IDEMP-000000000121
122,OC-000000000122,15,2025-11-21 09:01:52,ENTREGADA,8,870,4793146.83,2025-11-24,2025-11-21 15:01:52,IDEMP-000000000122
123,OC-000000000123,62,2024-07-26 10:12:17,ENTREGADA,5,790,2348099.88,2024-08-01,2024-07-26 19:12:17,IDEMP-000000000123
124,OC-000000000124,33,2024-12-24 08:24:21,ENTREGADA,9,612,2693805.47,2024-12-27,2024-12-25 03:24:21,IDEMP-000000000124
125,OC-000000000125,1,2025-11-04 11:43:56,ENTREGADA,2,301,3986399.98,2025-11-12,2025-11-04 14:43:56,IDEMP-000000000125
126,OC-000000000126,23,2024-02-08 12:52:19,ENTREGADA,7,540,2327776.89,2024-02-16,2024-02-08 16:52:19,IDEMP-000000000126
127,OC-000000000127,1,2025-01-11 09:46:04,CONFIRMADA,5,975,2105106.72,2025-01-21,,IDEMP-000000000127
128,OC-000000000128,71,2025-10-22 09:37:11,ENTREGADA,6,30,839907.01,2025-10-26,2025-10-23 06:37:11,IDEMP-000000000128
129,OC-000000000129,4,2024-01-13 10:55:48,ENTREGADA,7,503,4990275.68,2024-01-17,2024-01-13 20:55:48,IDEMP-000000000129
130,OC-000000000130,2,2025-04-28 09:20:36,CONFIRMADA,7,368,1784490.62,2025-04-30,,IDEMP-000000000130
131,OC-000000000131,1,2025-12-23 09:08:01,ENTREGADA,7,144,2637190.75,2026-01-02,2025-12-24 05:08:01,IDEMP-000000000131
132,OC-000000000132,1,2025-07-28 12:52:14,ENTREGADA,5,70,4731363.84,2025-08-06,2025-07-29 08:52:14,IDEMP-000000000132
133,OC-000000000133,1,2025-05-01 08:21:15,ENTREGADA,8,192,3734167.99,2025-05-09,2025-05-02 01:21:15,IDEMP-000000000133
134,OC-000000000134,27,2025-11-30 08:50:39,CONFIRMADA,3,41,1526726.27,2025-12-07,,IDEMP-000000000134
135,OC-000000000135,15,2024-10-26 09:24:26,CONFIRMADA,6,722,3208818.27,2024-11-05,,IDEMP-000000000135
136,OC-000000000136,2,2024-11-06 10:24:35,ENTREGADA,2,51,3677628.86,2024-11-13,2024-11-06 21:24:35,IDEMP-000000000136
137,OC-000000000137,4,2024-03-13 09:21:07,ENTREGADA,8,570,1074581.45,2024-03-14,2024-03-14 09:21:07,IDEMP-000000000137
138,OC-000000000138,8,2025-01-14 10:52:44,ENTREGADA,5,38,2869426.41,2025-01-21,2025-01-15 07:52:44,IDEMP-000000000138
139,OC-000000000139,3,2025-09-14 13:38:40,CONFIRMADA,7,918,2926632.9,2025-09-15,,IDEMP-000000000139
140,OC-000000000140,57,2024-05-10 09:47:28,ENTREGADA,1,262,2368636.58,2024-05-13,2024-05-10 12:47:28,IDEMP-000000000140
141,OC-000000000141,8,2024-08-20 08:17:04,ENTREGADA,3,227,2297690.3,2024-08-21,2024-08-21 02:17:04,IDEMP-000000000141
142,OC-000000000142,2,2025-07-23 10:00:30,ENTREGADA,10,574,4219477.87,2025-08-02,2025-07-24 05:00:30,IDEMP-000000000142
143,OC-000000000143,90,2025-07-24 10:21:47,ENTREGADA,6,852,690903.96,2025-07-31,2025-07-24 17:21:47,IDEMP-000000000143
144,OC-000000000144,24,2025-02-14 11:50:52,CONFIRMADA,10,362,3189912.96,2025-02-15,,IDEMP-000000000144
145,OC-000000000145,1,2024-08-26 03:09:17,CONFIRMADA,2,824,4495453.88,2024-09-01,,IDEMP-000000000145
146,OC-000000000146,5,2025-01-31 09:16:57,ENTREGADA,6,887,3211303.15,2025-02-07,2025-01-31 15:16:57,IDEMP-000000000146
147,OC-000000000147,1,2025-02-10 09:30:16,CONFIRMADA,4,348,3259972.09,2025-02-17,,IDEMP-000000000147
148,OC-000000000148,5,2025-11-24 09:29:43,CONFIRMADA,8,567,3999851.72,2025-11-25,,IDEMP-000000000148
149,OC-000000000149,1,2024-05-01 08:22:03,ENTREGADA,5,998,3493085.21,2024-05-11,2024-05-01 17:22:03,IDEMP-000000000149
150,OC-000000000150,17,2024-01-01 10:14:19,ENTREGADA,4,217,892140.82,2024-01-05,2024-01-02 02:14:19,IDEMP-000000000150
151,OC-000000000151,15,2024-03-24 09:43:21,ENTREGADA,7,552,2675225.47,2024-04-02,2024-03-25 06:43:21,IDEMP-000000000151
152,OC-000000000152,60,2025-08-18 10:07:50,CANCELADA,1,886,89194.09,2025-08-20,,IDEMP-000000000152
153,OC-000000000153,3,2025-01-06 09:49:39,CONFIRMADA,7,897,2550673.04,2025-01-12,,IDEMP-000000000153
154,OC-000000000154,43,2025-05-03 16:39:12,CANCELADA,3,643,2909455.62,2025-05-09,,IDEMP-000000000154
155,OC-000000000155,9,2024-02-29 06:02:04,ENTREGADA,9,618,4469702.47,2024-03-07,2024-02-29 17:02:04,IDEMP-000000000155
156,OC-000000000156,2,2024-01-22 11:05:11,ENTREGADA,1,129,48516.25,2024-01-25,2024-01-23 03:05:11,IDEMP-000000000156
157,OC-000000000157,1,2025-03-17 08:20:28,PENDIENTE,2,266,1843553.7,2025-03-23,,IDEMP-000000000157
158,OC-000000000158,14,2025-12-24 09:27:24,CONFIRMADA,10,325,3306637.07,2025-12-28,,IDEMP-000000000158
159,OC-000000000159,4,2025-08-03 08:36:29,CONFIRMADA,4,51,3764932.77,2025-08-08,,IDEMP-000000000159
160,OC-000000000160,11,2024-10-31 08:21:03,CONFIRMADA,3,911,859740.73,2024-11-02,,IDEMP-000000000160
161,OC-000000000161,57,2024-02-03 08:30:53,ENTREGADA,1,235,4836227.65,2024-02-13,2024-02-04 08:30:53,IDEMP-000000000161
162,OC-000000000162,3,2024-05-06 14:27:05,ENTREGADA,8,711,4541994.28,2024-05-11,2024-05-07 07:27:05,IDEMP-000000000162
163,OC-000000000163,7,2025-10-18 08:36:47,ENTREGADA,3,380,2861878.57,2025-10-25,2025-10-18 22:36:47,IDEMP-000000000163
164,OC-000000000164,86,2025-05-17 06:53:13,ENTREGADA,5,867,1060778.16,2025-05-20,2025-05-17 10:53:13,IDEMP-000000000164
165,OC-000000000165,1,2025-07-04 08:02:21,ENTREGADA,3,333,2596317.73,2025-07-12,2025-07-05 05:02:21,IDEMP-000000000165
166,OC-000000000166,6,2025-02-01 08:57:01,ENTREGADA,8,709,1738906.0,2025-02-02,2025-02-01 17:57:01,IDEMP-000000000166
167,OC-000000000167,26,2025-06-01 09:46:25,ENTREGADA,3,202,3299868.28,2025-06-04,2025-06-02 09:46:25,IDEMP-000000000167
168,OC-000000000168,1,2024-11-11 08:38:41,ENTREGADA,10,769,1024866.01,2024-11-16,2024-11-11 13:38:41,IDEMP-000000000168
169,OC-000000000169,2,2025-03-22 10:54:04,ENTREGADA,10,998,2604039.74,2025-03-27,2025-03-23 02:54:04,IDEMP-000000000169
170,OC-000000000170,2,2024-01-18 17:25:36,ENTREGADA,2,420,3780750.38,2024-01-20,2024-01-19 07:25:36,IDEMP-000000000170
171,OC-000000000171,38,2025-01-07 12:11:13,ENTREGADA,6,37,2422107.73,2025-01-15,2025-01-07 21:11:13,IDEMP-000000000171
172,OC-000000000172,83,2024-03-25 10:32:44,CONFIRMADA,5,650,4001764.97,2024-03-27,,IDEMP-000000000172
173,OC-000000000173,50,2024-01-25 09:41:38,ENTREGADA,1,1000,3961660.89,2024-02-04,2024-01-25 22:41:38,IDEMP-000000000173
174,OC-000000000174,10,2025-04-07 08:06:29,PENDIENTE,3,643,2212890.06,2025-04-11,,IDEMP-000000000174
175,OC-000000000175,51,2025-09-15 10:28:34,ENTREGADA,3,783,3166852.8,2025-09-18,2025-09-16 07:28:34,IDEMP-000000000175
176,OC-000000000176,30,2025-03-17 07:47:16,ENTREGADA,7,172,546622.54,2025-03-21,2025-03-18 05:47:16,IDEMP-000000000176
177,OC-000000000177,4,2024-08-13 12:44:13,CONFIRMADA,10,773,320877.8,2024-08-18,,IDEMP-000000000177
178,OC-000000000178,3,2025-06-27 08:48:53,ENTREGADA,6,895,3894845.17,2025-07-01,2025-06-27 13:48:53,IDEMP-000000000178
179,OC-000000000179,6,2025-10-26 07:31:08,ENTREGADA,5,995,4170752.68,2025-10-27,2025-10-27 05:31:08,IDEMP-000000000179
180,OC-000000000180,19,2025-02-10 09:27:13,ENTREGADA,10,525,3804171.97,2025-02-15,2025-02-10 17:27:13,IDEMP-000000000180
181,OC-000000000181,5,2025-02-26 10:53:41,ENTREGADA,4,117,296641.91,2025-03-08,2025-02-27 00:53:41,IDEMP-000000000181
182,OC-000000000182,5,2024-07-18 08:58:49,CONFIRMADA,7,774,4883354.69,2024-07-19,,IDEMP-000000000182
183,OC-000000000183,5,2025-02-26 08:13:11,ENTREGADA,8,223,720324.05,2025-03-07,2025-02-26 22:13:11,IDEMP-000000000183
184,OC-000000000184,4,2025-07-28 08:56:28,ENTREGADA,8,177,1699721.78,2025-08-07,2025-07-29 02:56:28,IDEMP-000000000184
185,OC-000000000185,33,2025-10-25 09:41:24,PENDIENTE,8,221,3144635.31,2025-11-01,,IDEMP-000000000185
186,OC-000000000186,20,2025-07-22 10:23:45,CANCELADA,4,129,4033811.99,2025-08-01,,IDEMP-000000000186
187,OC-000000000187,71,2024-03-08 13:45:53,ENTREGADA,1,421,4226179.17,2024-03-13,2024-03-09 08:45:53,IDEMP-000000000187
188,OC-000000000188,10,2025-01-23 13:11:46,ENTREGADA,4,767,3241884.52,2025-01-30,2025-01-24 01:11:46,IDEMP-000000000188
189,OC-000000000189,6,2024-05-28 09:15:57,CONFIRMADA,1,982,3654336.21,2024-06-06,,IDEMP-000000000189
190,OC-000000000190,46,2024-12-06 08:31:18,ENTREGADA,10,5,4203824.87,2024-12-07,2024-12-06 10:31:18,IDEMP-000000000190
191,OC-000000000191,1,2025-02-18 09:15:12,ENTREGADA,4,37,414930.38,2025-02-28,2025-02-18 14:15:12,IDEMP-000000000191
192,OC-000000000192,4,2024-07-09 00:34:52,ENTREGADA,7,982,1292566.09,2024-07-10,2024-07-09 08:34:52,IDEMP-000000000192
193,OC-000000000193,3,2025-12-14 07:10:49,ENTREGADA,8,963,4932818.16,2025-12-18,2025-12-15 07:10:49,IDEMP-000000000193
194,OC-000000000194,1,2024-11-30 08:13:46,ENTREGADA,8,16,3383660.65,2024-12-02,2024-11-30 18:13:46,IDEMP-000000000194
195,OC-000000000195,5,2024-02-02 13:04:17,CANCELADA,2,793,287521.86,2024-02-07,,IDEMP-000000000195
196,OC-000000000196,41,2024-03-23 09:43:47,ENTREGADA,7,7,4300069.07,2024-03-24,2024-03-23 20:43:47,IDEMP-000000000196
197,OC-000000000197,20,2025-11-06 15:46:46,CONFIRMADA,10,861,279441.73,2025-11-07,,IDEMP-000000000197
198,OC-000000000198,20,2025-11-14 08:15:37,ENTREGADA,4,41,3693796.37,2025-11-19,2025-11-14 13:15:37,IDEMP-000000000198
199,OC-000000000199,1,2024-01-10 14:43:26,CONFIRMADA,9,747,1536995.52,2024-01-20,,IDEMP-000000000199
200,OC-000000000200,87,2025-12-10 09:09:09,ENTREGADA,3,463,2612770.01,2025-12-16,2025-12-11 09:09:09,IDEMP-000000000200
201,OC-000000000201,31,2025-01-18 10:00:47,ENTREGADA,2,555,3987820.7,2025-01-21,2025-01-19 06:00:47,IDEMP-000000000201
202,OC-000000000202,42,2025-10-13 10:20:15,ENTREGADA,2,867,1787020.81,2025-10-14,2025-10-14 01:20:15,IDEMP-000000000202
203,OC-000000000203,2,2025-04-22 09:03:21,ENTREGADA,10,290,2479139.32,2025-04-26,2025-04-22 12:03:21,IDEMP-000000000203
204,OC-000000000204,32,2024-01-30 03:05:13,CONFIRMADA,10,899,4214080.61,2024-01-31,,IDEMP-000000000204
205,OC-000000000205,72,2025-05-26 10:24:32,CANCELADA,1,418,4452995.16,2025-06-03,,IDEMP-000000000205
206,OC-000000000206,1,2025-08-29 10:40:55,ENTREGADA,3,875,3609723.69,2025-09-08,2025-08-29 12:40:55,IDEMP-000000000206
207,OC-000000000207,8,2025-05-23 16:27:22,ENTREGADA,10,604,1830918.16,2025-05-24,2025-05-24 15:27:22,IDEMP-000000000207
208,OC-000000000208,17,2025-06-06 07:13:57,ENTREGADA,3,953,4894885.12,2025-06-16,2025-06-06 11:13:57,IDEMP-000000000208
209,OC-000000000209,2,2025-09-16 10:06:46,ENTREGADA,9,416,4473405.1,2025-09-23,2025-09-16 13:06:46,IDEMP-000000000209
210,OC-000000000210,19,2025-08-09 10:54:51,ENTREGADA,8,307,1104477.41,2025-08-15,2025-08-09 16:54:51,IDEMP-000000000210
211,OC-000000000211,3,2025-10-23 10:34:51,ENTREGADA,2,682,3980320.71,2025-10-28,2025-10-23 23:34:51,IDEMP-000000000211
212,OC-000000000212,1,2025-01-17 10:19:11,ENTREGADA,9,78,2097982.72,2025-01-19,2025-01-17 11:19:11,IDEMP-000000000212
213,OC-000000000213,12,2024-10-10 08:04:51,ENTREGADA,10,715,3676837.37,2024-10-19,2024-10-10 21:04:51,IDEMP-000000000213
214,OC-000000000214,2,2024-01-19 08:53:12,ENTREGADA,6,428,2457280.04,2024-01-23,2024-01-20 07:53:12,IDEMP-000000000214
215,OC-000000000215,44,2025-06-12 10:59:49,ENTREGADA,3,226,4830379.36,2025-06-13,2025-06-12 15:59:49,IDEMP-000000000215
216,OC-000000000216,2,2025-09-12 14:15:32,ENTREGADA,1,927,1289094.83,2025-09-17,2025-09-12 17:15:32,IDEMP-000000000216
217,OC-000000000217,70,2024-01-29 11:28:18,ENTREGADA,1,317,4913141.09,2024-01-31,2024-01-30 03:28:18,IDEMP-000000000217
218,OC-000000000218,2,2025-02-07 09:03:35,CONFIRMADA,8,177,4511729.22,2025-02-15,,IDEMP-000000000218
219,OC-000000000219,6,2024-01-26 10:53:53,ENTREGADA,1,570,2773843.67,2024-01-29,2024-01-26 22:53:53,IDEMP-000000000219
220,OC-000000000220,2,2025-07-19 10:59:22,ENTREGADA,6,268,59149.08,2025-07-28,2025-07-19 20:59:22,IDEMP-000000000220
221,OC-000000000221,53,2025-10-07 08:46:38,CANCELADA,2,102,3556170.58,2025-10-09,,IDEMP-000000000221
222,OC-000000000222,88,2025-03-16 09:33:08,ENTREGADA,4,364,3298797.8,2025-03-22,2025-03-17 02:33:08,IDEMP-000000000222
223,OC-000000000223,58,2024-11-15 09:34:06,ENTREGADA,4,238,3865668.57,2024-11-17,2024-11-15 16:34:06,IDEMP-000000000223
224,OC-000000000224,8,2024-01-11 09:29:49,ENTREGADA,1,42,4680049.37,2024-01-18,2024-01-12 08:29:49,IDEMP-000000000224
225,OC-000000000225,5,2025-05-10 10:12:13,ENTREGADA,7,404,2509163.17,2025-05-11,2025-05-10 21:12:13,IDEMP-000000000225
226,OC-000000000226,3,2025-10-31 10:34:54,ENTREGADA,2,161,4794452.41,2025-11-06,2025-11-01 08:34:54,IDEMP-000000000226
227,OC-000000000227,1,2024-10-27 10:08:25,ENTREGADA,6,373,4009738.46,2024-11-02,2024-10-28 01:08:25,IDEMP-000000000227
228,OC-000000000228,71,2024-06-27 09:50:47,ENTREGADA,5,303,2596167.81,2024-06-29,2024-06-28 03:50:47,IDEMP-000000000228
229,OC-000000000229,26,2025-07-19 08:32:49,ENTREGADA,4,936,2892338.37,2025-07-27,2025-07-20 03:32:49,IDEMP-000000000229
230,OC-000000000230,13,2024-12-31 17:59:24,ENTREGADA,6,376,3734907.87,2025-01-08,2024-12-31 21:59:24,IDEMP-000000000230
231,OC-000000000231,3,2025-11-19 08:51:49,CONFIRMADA,6,812,4450167.09,2025-11-22,,IDEMP-000000000231
232,OC-000000000232,23,2025-09-06 08:03:21,ENTREGADA,4,192,1151432.41,2025-09-13,2025-09-07 02:03:21,IDEMP-000000000232
233,OC-000000000233,9,2025-10-14 08:17:49,CONFIRMADA,7,993,4542860.79,2025-10-23,,IDEMP-000000000233
234,OC-000000000234,5,2024-06-27 10:44:57,PENDIENTE,7,155,3222898.53,2024-07-07,,IDEMP-000000000234
235,OC-000000000235,44,2025-11-27 14:45:01,PENDIENTE,3,438,270190.83,2025-12-02,,IDEMP-000000000235
236,OC-000000000236,4,2025-12-20 09:16:14,ENTREGADA,7,163,4611435.47,2025-12-27,2025-12-21 00:16:14,IDEMP-000000000236
237,OC-000000000237,1,2024-10-08 14:06:35,CONFIRMADA,6,87,3342517.68,2024-10-12,,IDEMP-000000000237
238,OC-000000000238,40,2024-02-18 09:55:43,ENTREGADA,7,215,2585797.9,2024-02-24,2024-02-19 07:55:43,IDEMP-000000000238
239,OC-000000000239,16,2024-12-30 10:32:54,ENTREGADA,4,3,3354116.99,2025-01-06,2024-12-30 17:32:54,IDEMP-000000000239
240,OC-000000000240,99,2024-05-07 10:22:13,CONFIRMADA,3,625,1843732.22,2024-05-13,,IDEMP-000000000240
241,OC-000000000241,3,2024-01-12 10:27:15,ENTREGADA,7,332,4713810.18,2024-01-21,2024-01-12 12:27:15,IDEMP-000000000241
242,OC-000000000242,44,2025-09-15 08:43:42,ENTREGADA,10,837,2964909.49,2025-09-20,2025-09-16 01:43:42,IDEMP-000000000242
243,OC-000000000243,4,2024-03-02 07:39:22,CONFIRMADA,5,213,2028138.1,2024-03-09,,IDEMP-000000000243
244,OC-000000000244,12,2024-10-29 08:33:55,ENTREGADA,2,41,4699259.35,2024-11-04,2024-10-30 04:33:55,IDEMP-000000000244
245,OC-000000000245,2,2024-02-06 11:24:19,CONFIRMADA,1,104,1958747.67,2024-02-13,,IDEMP-000000000245
246,OC-000000000246,6,2025-10-04 03:05:04,ENTREGADA,7,976,3359851.8,2025-10-14,2025-10-04 22:05:04,IDEMP-000000000246
247,OC-000000000247,3,2024-02-13 08:04:30,CONFIRMADA,5,146,4781784.73,2024-02-22,,IDEMP-000000000247
248,OC-000000000248,63,2024-01-24 15:43:07,CONFIRMADA,2,219,4471255.23,2024-01-29,,IDEMP-000000000248
249,OC-000000000249,29,2025-03-27 13:30:03,ENTREGADA,7,368,680597.81,2025-04-05,2025-03-27 17:30:03,IDEMP-000000000249
250,OC-000000000250,4,2024-02-25 09:49:47,ENTREGADA,2,935,208779.99,2024-02-29,2024-02-25 19:49:47,IDEMP-000000000250
251,OC-000000000251,26,2024-09-15 09:46:30,ENTREGADA,7,827,2613949.99,2024-09-25,2024-09-15 19:46:30,IDEMP-000000000251
252,OC-000000000252,1,2025-07-23 10:55:58,ENTREGADA,3,264,3854592.95,2025-07-24,2025-07-23 12:55:58,IDEMP-000000000252
253,OC-000000000253,5,2024-08-25 15:35:24,ENTREGADA,7,487,465638.75,2024-09-04,2024-08-25 19:35:24,IDEMP-000000000253
254,OC-000000000254,5,2025-11-28 13:14:42,ENTREGADA,1,584,312784.99,2025-11-30,2025-11-28 17:14:42,IDEMP-000000000254
255,OC-000000000255,30,2025-10-02 08:31:21,ENTREGADA,8,366,1917584.04,2025-10-08,2025-10-02 21:31:21,IDEMP-000000000255
256,OC-000000000256,33,2025-10-18 09:37:53,CONFIRMADA,3,636,58915.93,2025-10-28,,IDEMP-000000000256
257,OC-000000000257,3,2025-09-06 07:46:14,ENTREGADA,7,549,4302145.18,2025-09-15,2025-09-06 11:46:14,IDEMP-000000000257
258,OC-000000000258,4,2025-04-11 07:32:48,ENTREGADA,6,529,562386.5,2025-04-15,2025-04-11 13:32:48,IDEMP-000000000258
259,OC-000000000259,2,2024-05-28 08:51:48,ENTREGADA,6,335,4655124.4,2024-06-01,2024-05-29 03:51:48,IDEMP-000000000259
260,OC-000000000260,46,2024-12-20 07:26:39,ENTREGADA,9,367,630371.26,2024-12-23,2024-12-20 16:26:39,IDEMP-000000000260
261,OC-000000000261,84,2025-04-12 12:47:03,ENTREGADA,3,887,3249766.29,2025-04-22,2025-04-13 02:47:03,IDEMP-000000000261
262,OC-000000000262,93,2024-03-08 08:31:56,ENTREGADA,6,378,4955367.04,2024-03-14,2024-03-08 15:31:56,IDEMP-000000000262
263,OC-000000000263,36,2024-01-17 08:34:55,CONFIRMADA,9,534,3239561.9,2024-01-22,,IDEMP-000000000263
264,OC-000000000264,4,2024-10-27 14:43:08,ENTREGADA,6,977,3578338.93,2024-10-28,2024-10-27 19:43:08,IDEMP-000000000264
265,OC-000000000265,46,2025-10-09 09:24:42,ENTREGADA,9,732,323619.19,2025-10-12,2025-10-09 20:24:42,IDEMP-000000000265
266,OC-000000000266,4,2024-09-30 00:18:08,CONFIRMADA,4,603,875421.98,2024-10-04,,IDEMP-000000000266
267,OC-000000000267,27,2025-10-10 12:05:18,ENTREGADA,4,232,1498739.5,2025-10-13,2025-10-10 17:05:18,IDEMP-000000000267
268,OC-000000000268,5,2024-12-29 03:53:11,ENTREGADA,9,878,3738212.64,2025-01-01,2024-12-29 10:53:11,IDEMP-000000000268
269,OC-000000000269,1,2024-06-02 09:01:53,CONFIRMADA,9,304,792105.33,2024-06-08,,IDEMP-000000000269
270,OC-000000000270,40,2024-09-23 09:31:58,ENTREGADA,9,819,2222157.45,2024-09-27,2024-09-24 06:31:58,IDEMP-000000000270
271,OC-000000000271,17,2025-10-14 09:09:27,ENTREGADA,3,926,4487461.97,2025-10-15,2025-10-14 23:09:27,IDEMP-000000000271
272,OC-000000000272,2,2024-11-09 08:18:43,CONFIRMADA,1,970,4827897.44,2024-11-19,,IDEMP-000000000272
273,OC-000000000273,9,2025-08-11 08:15:48,ENTREGADA,4,885,3618166.02,2025-08-15,2025-08-12 03:15:48,IDEMP-000000000273
274,OC-000000000274,4,2025-01-24 09:59:46,CONFIRMADA,9,973,2671826.77,2025-01-27,,IDEMP-000000000274
275,OC-000000000275,2,2025-08-08 10:46:47,ENTREGADA,1,61,4386404.27,2025-08-12,2025-08-08 23:46:47,IDEMP-000000000275
276,OC-000000000276,94,2024-04-27 08:02:04,CONFIRMADA,9,999,3487274.43,2024-05-06,,IDEMP-000000000276
277,OC-000000000277,25,2025-03-15 10:27:59,ENTREGADA,6,253,4823611.89,2025-03-23,2025-03-15 22:27:59,IDEMP-000000000277
278,OC-000000000278,1,2024-06-11 11:20:42,ENTREGADA,7,607,1109565.49,2024-06-17,2024-06-12 11:20:42,IDEMP-000000000278
279,OC-000000000279,5,2024-04-19 10:24:56,CANCELADA,8,684,1877240.26,2024-04-26,,IDEMP-000000000279
280,OC-000000000280,20,2025-09-25 15:21:54,CONFIRMADA,9,61,331331.66,2025-10-01,,IDEMP-000000000280
281,OC-000000000281,14,2024-02-16 08:31:06,ENTREGADA,7,526,879894.67,2024-02-17,2024-02-16 13:31:06,IDEMP-000000000281
282,OC-000000000282,1,2025-05-17 08:18:40,ENTREGADA,3,951,2002652.75,2025-05-21,2025-05-17 09:18:40,IDEMP-000000000282
283,OC-000000000283,1,2024-08-10 09:56:25,CONFIRMADA,2,300,1187068.97,2024-08-16,,IDEMP-000000000283
284,OC-000000000284,8,2024-03-19 08:55:28,ENTREGADA,7,531,610068.03,2024-03-27,2024-03-19 11:55:28,IDEMP-000000000284
285,OC-000000000285,58,2024-10-07 09:40:20,ENTREGADA,5,355,4152241.51,2024-10-08,2024-10-08 00:40:20,IDEMP-000000000285
286,OC-000000000286,5,2025-04-12 09:59:33,ENTREGADA,7,521,2310840.45,2025-04-14,2025-04-12 18:59:33,IDEMP-000000000286
287,OC-000000000287,1,2025-01-20 10:52:17,CANCELADA,8,586,488257.78,2025-01-23,,IDEMP-000000000287
288,OC-000000000288,82,2024-06-09 08:39:03,ENTREGADA,8,905,2599058.17,2024-06-17,2024-06-09 19:39:03,IDEMP-000000000288
289,OC-000000000289,1,2024-04-06 16:42:54,CANCELADA,10,392,2681258.52,2024-04-08,,IDEMP-000000000289
290,OC-000000000290,84,2025-10-22 13:27:04,ENTREGADA,2,302,3335998.26,2025-10-31,2025-10-23 00:27:04,IDEMP-000000000290
291,OC-000000000291,35,2025-06-05 10:30:21,ENTREGADA,8,541,1559408.29,2025-06-07,2025-06-06 09:30:21,IDEMP-000000000291
292,OC-000000000292,9,2024-10-30 17:51:08,PENDIENTE,1,320,3003239.29,2024-11-01,,IDEMP-000000000292
293,OC-000000000293,5,2024-10-15 09:40:36,CONFIRMADA,4,292,3872928.25,2024-10-21,,IDEMP-000000000293
294,OC-000000000294,1,2024-08-30 09:32:00,ENTREGADA,6,983,1739489.34,2024-08-31,2024-08-31 03:32:00,IDEMP-000000000294
295,OC-000000000295,41,2024-05-24 10:24:48,ENTREGADA,3,990,2353842.61,2024-05-25,2024-05-25 05:24:48,IDEMP-000000000295
296,OC-000000000296,2,2025-10-05 08:09:57,CANCELADA,9,396,2056294.87,2025-10-12,,IDEMP-000000000296
297,OC-000000000297,1,2024-05-16 08:07:37,ENTREGADA,9,178,4327312.55,2024-05-19,2024-05-16 09:07:37,IDEMP-000000000297
298,OC-000000000298,4,2024-11-30 10:37:38,ENTREGADA,10,811,1342200.41,2024-12-02,2024-12-01 09:37:38,IDEMP-000000000298
299,OC-000000000299,2,2025-07-09 11:22:25,ENTREGADA,5,292,2460025.9,2025-07-10,2025-07-09 18:22:25,IDEMP-000000000299
300,OC-000000000300,48,2024-01-02 08:02:22,PENDIENTE,3,98,930156.1,2024-01-10,,IDEMP-000000000300
301,OC-000000000301,76,2025-03-29 10:05:18,ENTREGADA,9,616,1292978.72,2025-04-08,2025-03-29 18:05:18,IDEMP-000000000301
302,OC-000000000302,1,2024-07-21 09:28:29,CANCELADA,3,350,1603466.24,2024-07-24,,IDEMP-000000000302
303,OC-000000000303,16,2025-07-24 09:49:10,ENTREGADA,9,343,2468270.58,2025-07-30,2025-07-25 05:49:10,IDEMP-000000000303
304,OC-000000000304,4,2024-01-16 08:05:13,ENTREGADA,2,154,4687928.9,2024-01-19,2024-01-16 20:05:13,IDEMP-000000000304
305,OC-000000000305,3,2025-06-16 10:03:30,ENTREGADA,8,788,1312133.42,2025-06-26,2025-06-17 09:03:30,IDEMP-000000000305
306,OC-000000000306,1,2025-01-01 06:28:51,CONFIRMADA,10,954,218233.33,2025-01-10,,IDEMP-000000000306
307,OC-000000000307,15,2025-03-04 09:15:04,CONFIRMADA,5,949,522355.37,2025-03-13,,IDEMP-000000000307
308,OC-000000000308,6,2024-11-02 09:06:22,PENDIENTE,4,187,124822.31,2024-11-10,,IDEMP-000000000308
309,OC-000000000309,1,2024-04-03 10:19:05,ENTREGADA,8,791,4387197.43,2024-04-10,2024-04-03 18:19:05,IDEMP-000000000309
310,OC-000000000310,1,2024-10-12 10:28:02,ENTREGADA,8,75,3076362.44,2024-10-13,2024-10-13 02:28:02,IDEMP-000000000310
311,OC-000000000311,2,2025-09-12 11:58:02,CANCELADA,3,912,3885993.98,2025-09-14,,IDEMP-000000000311
312,OC-000000000312,10,2024-02-13 09:24:16,CONFIRMADA,1,32,428586.03,2024-02-20,,IDEMP-000000000312
313,OC-000000000313,1,2024-06-07 09:25:57,CANCELADA,6,239,213487.72,2024-06-13,,IDEMP-000000000313
314,OC-000000000314,43,2025-05-01 08:52:54,ENTREGADA,7,234,4569041.75,2025-05-02,2025-05-01 13:52:54,IDEMP-000000000314
315,OC-000000000315,3,2025-07-17 09:41:34,ENTREGADA,1,720,1337458.11,2025-07-23,2025-07-17 17:41:34,IDEMP-000000000315
316,OC-000000000316,87,2024-02-04 08:00:05,ENTREGADA,4,408,4477981.48,2024-02-06,2024-02-05 06:00:05,IDEMP-000000000316
317,OC-000000000317,12,2025-12-14 10:19:29,ENTREGADA,2,866,3848745.55,2025-12-18,2025-12-14 14:19:29,IDEMP-000000000317
318,OC-000000000318,23,2025-07-08 08:01:22,ENTREGADA,10,246,329872.06,2025-07-17,2025-07-09 07:01:22,IDEMP-000000000318
319,OC-000000000319,47,2024-05-21 10:33:42,ENTREGADA,4,78,1120337.1,2024-05-29,2024-05-22 08:33:42,IDEMP-000000000319
320,OC-000000000320,1,2025-11-29 07:27:58,ENTREGADA,1,499,3514377.65,2025-12-09,2025-11-29 20:27:58,IDEMP-000000000320
321,OC-000000000321,4,2025-02-02 09:03:40,ENTREGADA,2,57,4082597.92,2025-02-12,2025-02-02 20:03:40,IDEMP-000000000321
322,OC-000000000322,31,2025-07-20 08:04:18,ENTREGADA,3,171,4199549.94,2025-07-29,2025-07-21 08:04:18,IDEMP-000000000322
323,OC-000000000323,1,2024-10-04 09:05:53,ENTREGADA,2,713,1557704.84,2024-10-12,2024-10-05 03:05:53,IDEMP-000000000323
324,OC-000000000324,26,2024-08-31 07:45:26,CANCELADA,3,94,696021.64,2024-09-05,,IDEMP-000000000324
325,OC-000000000325,2,2025-02-27 10:55:43,ENTREGADA,4,162,1034077.52,2025-03-07,2025-02-27 23:55:43,IDEMP-000000000325
326,OC-000000000326,20,2024-12-11 07:27:41,ENTREGADA,9,969,3167988.04,2024-12-17,2024-12-11 16:27:41,IDEMP-000000000326
327,OC-000000000327,19,2025-08-11 10:03:44,ENTREGADA,5,303,2157378.45,2025-08-13,2025-08-12 06:03:44,IDEMP-000000000327
328,OC-000000000328,11,2024-09-02 09:45:15,ENTREGADA,7,193,2550781.02,2024-09-04,2024-09-02 19:45:15,IDEMP-000000000328
329,OC-000000000329,1,2024-12-13 10:00:13,CONFIRMADA,8,454,4338511.79,2024-12-21,,IDEMP-000000000329
330,OC-000000000330,12,2025-11-30 09:51:38,ENTREGADA,7,427,3751271.16,2025-12-02,2025-11-30 15:51:38,IDEMP-000000000330
331,OC-000000000331,17,2024-03-05 11:37:58,ENTREGADA,10,10,3028620.63,2024-03-14,2024-03-05 14:37:58,IDEMP-000000000331
332,OC-000000000332,4,2025-03-07 11:23:51,CONFIRMADA,1,899,3916249.44,2025-03-12,,IDEMP-000000000332
333,OC-000000000333,2,2025-07-14 17:05:45,CONFIRMADA,2,268,3559840.74,2025-07-22,,IDEMP-000000000333
334,OC-000000000334,25,2025-12-29 08:35:32,ENTREGADA,7,318,2170979.3,2026-01-05,2025-12-29 11:35:32,IDEMP-000000000334
335,OC-000000000335,1,2024-10-03 09:14:51,ENTREGADA,5,264,1106909.46,2024-10-06,2024-10-03 11:14:51,IDEMP-000000000335
336,OC-000000000336,71,2025-12-26 09:02:50,CONFIRMADA,8,819,3864148.74,2025-12-30,,IDEMP-000000000336
337,OC-000000000337,2,2025-08-14 10:00:47,CONFIRMADA,2,348,4563543.79,2025-08-16,,IDEMP-000000000337
338,OC-000000000338,11,2025-06-10 08:58:42,ENTREGADA,10,16,1441079.25,2025-06-11,2025-06-11 02:58:42,IDEMP-000000000338
339,OC-000000000339,2,2025-08-07 09:27:38,ENTREGADA,2,700,4148480.03,2025-08-10,2025-08-07 13:27:38,IDEMP-000000000339
340,OC-000000000340,1,2024-11-15 10:28:21,CONFIRMADA,7,586,2421864.52,2024-11-17,,IDEMP-000000000340
341,OC-000000000341,9,2024-04-25 13:44:03,ENTREGADA,9,820,789477.43,2024-04-28,2024-04-25 23:44:03,IDEMP-000000000341
342,OC-000000000342,32,2024-12-07 09:15:14,ENTREGADA,8,169,3145850.42,2024-12-12,2024-12-07 10:15:14,IDEMP-000000000342
343,OC-000000000343,2,2024-11-11 09:34:51,ENTREGADA,2,167,2208796.68,2024-11-16,2024-11-11 22:34:51,IDEMP-000000000343
344,OC-000000000344,1,2025-09-08 12:22:56,ENTREGADA,3,156,4105331.77,2025-09-12,2025-09-09 02:22:56,IDEMP-000000000344
345,OC-000000000345,4,2025-07-18 10:27:17,PENDIENTE,5,694,1315873.03,2025-07-23,,IDEMP-000000000345
346,OC-000000000346,21,2024-05-04 09:48:20,ENTREGADA,9,1000,72253.73,2024-05-05,2024-05-04 19:48:20,IDEMP-000000000346
347,OC-000000000347,3,2024-09-13 08:55:02,ENTREGADA,6,5,4448634.47,2024-09-15,2024-09-13 09:55:02,IDEMP-000000000347
348,OC-000000000348,5,2025-12-22 10:21:20,CONFIRMADA,6,451,627950.29,2025-12-27,,IDEMP-000000000348
349,OC-000000000349,2,2024-10-07 09:02:39,ENTREGADA,3,897,3993028.94,2024-10-09,2024-10-07 23:02:39,IDEMP-000000000349
350,OC-000000000350,4,2025-08-19 10:12:14,CONFIRMADA,5,661,2704590.99,2025-08-24,,IDEMP-000000000350
351,OC-000000000351,50,2025-11-02 10:33:24,ENTREGADA,4,239,171804.43,2025-11-10,2025-11-02 16:33:24,IDEMP-000000000351
352,OC-000000000352,38,2025-06-20 08:33:58,ENTREGADA,8,594,2279465.23,2025-06-30,2025-06-20 20:33:58,IDEMP-000000000352
353,OC-000000000353,71,2025-01-08 08:58:51,ENTREGADA,8,977,2999111.34,2025-01-16,2025-01-09 07:58:51,IDEMP-000000000353
354,OC-000000000354,12,2024-02-16 10:14:28,ENTREGADA,4,946,2544707.66,2024-02-20,2024-02-16 19:14:28,IDEMP-000000000354
355,OC-000000000355,3,2024-08-31 09:25:57,ENTREGADA,5,630,4623201.58,2024-09-09,2024-08-31 23:25:57,IDEMP-000000000355
356,OC-000000000356,71,2025-05-19 10:12:32,ENTREGADA,5,293,2549438.31,2025-05-23,2025-05-20 07:12:32,IDEMP-000000000356
357,OC-000000000357,63,2025-03-13 06:16:58,PENDIENTE,6,558,549865.51,2025-03-19,,IDEMP-000000000357
358,OC-000000000358,1,2024-03-23 11:03:36,PENDIENTE,8,881,3945849.95,2024-04-01,,IDEMP-000000000358
359,OC-000000000359,7,2025-07-13 09:40:35,ENTREGADA,6,516,4341207.21,2025-07-20,2025-07-13 17:40:35,IDEMP-000000000359
360,OC-000000000360,96,2025-06-25 08:14:25,CONFIRMADA,6,885,892752.37,2025-06-28,,IDEMP-000000000360
361,OC-000000000361,2,2024-11-24 09:28:56,ENTREGADA,7,168,3354858.07,2024-12-04,2024-11-25 08:28:56,IDEMP-000000000361
362,OC-000000000362,2,2025-06-20 08:22:39,ENTREGADA,1,424,2678843.88,2025-06-30,2025-06-20 16:22:39,IDEMP-000000000362
363,OC-000000000363,2,2024-05-07 09:01:06,ENTREGADA,6,17,4220466.06,2024-05-12,2024-05-07 12:01:06,IDEMP-000000000363
364,OC-000000000364,51,2025-03-13 08:26:05,ENTREGADA,1,291,2481848.31,2025-03-19,2025-03-13 15:26:05,IDEMP-000000000364
365,OC-000000000365,81,2025-04-10 09:06:41,ENTREGADA,8,613,152924.81,2025-04-19,2025-04-10 17:06:41,IDEMP-000000000365
366,OC-000000000366,7,2025-03-21 08:39:21,ENTREGADA,4,689,4591755.51,2025-03-26,2025-03-21 17:39:21,IDEMP-000000000366
367,OC-000000000367,29,2024-03-28 12:20:33,ENTREGADA,3,243,3950663.94,2024-04-05,2024-03-29 11:20:33,IDEMP-000000000367
368,OC-000000000368,1,2024-03-30 09:42:32,CANCELADA,5,333,704460.49,2024-04-01,,IDEMP-000000000368
369,OC-000000000369,7,2024-04-18 14:30:47,CONFIRMADA,6,300,3767666.67,2024-04-27,,IDEMP-000000000369
370,OC-000000000370,1,2025-02-17 17:03:26,ENTREGADA,9,408,2428620.66,2025-02-22,2025-02-17 20:03:26,IDEMP-000000000370
371,OC-000000000371,33,2025-11-22 17:56:22,PENDIENTE,8,520,2297593.72,2025-11-28,,IDEMP-000000000371
372,OC-000000000372,3,2024-11-20 10:26:16,CONFIRMADA,5,685,1290479.26,2024-11-21,,IDEMP-000000000372
373,OC-000000000373,48,2025-05-27 08:44:48,ENTREGADA,10,612,1140182.51,2025-05-31,2025-05-27 21:44:48,IDEMP-000000000373
374,OC-000000000374,94,2024-06-08 09:39:12,ENTREGADA,2,803,4555208.91,2024-06-10,2024-06-08 17:39:12,IDEMP-000000000374
375,OC-000000000375,14,2024-01-12 10:20:34,ENTREGADA,6,227,2263978.35,2024-01-15,2024-01-12 14:20:34,IDEMP-000000000375
376,OC-000000000376,53,2025-04-19 12:11:40,PENDIENTE,3,213,3802838.89,2025-04-26,,IDEMP-000000000376
377,OC-000000000377,14,2024-06-15 09:05:54,CANCELADA,2,489,236742.26,2024-06-19,,IDEMP-000000000377
378,OC-000000000378,51,2025-04-21 09:41:40,ENTREGADA,2,70,883582.64,2025-04-23,2025-04-21 18:41:40,IDEMP-000000000378
379,OC-000000000379,1,2024-07-25 10:41:00,CONFIRMADA,6,256,481219.92,2024-07-29,,IDEMP-000000000379
380,OC-000000000380,2,2024-11-25 10:08:56,CONFIRMADA,5,433,4058315.5,2024-11-28,,IDEMP-000000000380
381,OC-000000000381,4,2025-03-23 13:00:05,ENTREGADA,5,157,2888294.14,2025-03-29,2025-03-23 16:00:05,IDEMP-000000000381
382,OC-000000000382,6,2025-01-01 09:24:41,ENTREGADA,9,116,4110420.62,2025-01-06,2025-01-01 23:24:41,IDEMP-000000000382
383,OC-000000000383,6,2024-10-18 09:26:49,CONFIRMADA,1,273,480690.62,2024-10-24,,IDEMP-000000000383
384,OC-000000000384,25,2025-07-30 17:12:57,ENTREGADA,2,362,574678.55,2025-08-06,2025-07-30 20:12:57,IDEMP-000000000384
385,OC-000000000385,29,2025-01-25 10:36:53,CONFIRMADA,2,183,504371.5,2025-02-03,,IDEMP-000000000385
386,OC-000000000386,5,2025-10-28 09:45:47,ENTREGADA,2,104,1731746.91,2025-11-01,2025-10-29 02:45:47,IDEMP-000000000386
387,OC-000000000387,50,2024-04-03 09:37:31,ENTREGADA,3,253,2228033.2,2024-04-08,2024-04-03 17:37:31,IDEMP-000000000387
388,OC-000000000388,16,2024-02-11 10:05:02,ENTREGADA,1,932,3111515.4,2024-02-12,2024-02-11 16:05:02,IDEMP-000000000388
389,OC-000000000389,57,2025-04-01 10:35:46,ENTREGADA,8,835,1995622.91,2025-04-04,2025-04-02 09:35:46,IDEMP-000000000389
390,OC-000000000390,34,2025-11-23 09:35:43,ENTREGADA,5,82,3402983.83,2025-11-24,2025-11-23 19:35:43,IDEMP-000000000390
391,OC-000000000391,1,2025-12-07 06:12:28,CANCELADA,5,957,545609.42,2025-12-14,,IDEMP-000000000391
392,OC-000000000392,18,2025-12-04 08:16:24,CONFIRMADA,5,100,1001704.53,2025-12-08,,IDEMP-000000000392
393,OC-000000000393,5,2025-11-05 10:43:58,CONFIRMADA,9,478,1635052.25,2025-11-06,,IDEMP-000000000393
394,OC-000000000394,16,2025-06-04 08:31:22,ENTREGADA,1,332,4281844.49,2025-06-06,2025-06-05 03:31:22,IDEMP-000000000394
395,OC-000000000395,61,2025-09-16 09:31:28,CONFIRMADA,9,36,3480767.19,2025-09-25,,IDEMP-000000000395
396,OC-000000000396,30,2025-06-21 08:50:58,ENTREGADA,10,505,1140169.91,2025-06-27,2025-06-21 20:50:58,IDEMP-000000000396
397,OC-000000000397,1,2025-12-14 09:29:33,ENTREGADA,1,898,3418936.92,2025-12-16,2025-12-14 17:29:33,IDEMP-000000000397
398,OC-000000000398,1,2024-09-14 09:25:47,ENTREGADA,7,243,4302693.44,2024-09-15,2024-09-14 20:25:47,IDEMP-000000000398
399,OC-000000000399,1,2025-12-21 10:33:48,ENTREGADA,10,575,3578668.84,2025-12-27,2025-12-22 10:33:48,IDEMP-000000000399
400,OC-000000000400,4,2025-07-22 09:20:45,ENTREGADA,3,180,3373175.11,2025-07-27,2025-07-22 10:20:45,IDEMP-000000000400
401,OC-000000000401,2,2024-06-11 10:10:50,ENTREGADA,4,540,2929843.56,2024-06-15,2024-06-12 00:10:50,IDEMP-000000000401
402,OC-000000000402,6,2025-05-28 09:52:28,ENTREGADA,5,947,1127271.19,2025-06-04,2025-05-28 10:52:28,IDEMP-000000000402
403,OC-000000000403,19,2024-01-18 10:18:58,CONFIRMADA,7,564,1000375.05,2024-01-27,,IDEMP-000000000403
404,OC-000000000404,5,2024-07-02 06:49:32,CONFIRMADA,6,111,2813828.23,2024-07-05,,IDEMP-000000000404
405,OC-000000000405,22,2024-02-24 08:32:35,CONFIRMADA,1,54,3671550.29,2024-02-26,,IDEMP-000000000405
406,OC-000000000406,76,2024-10-20 08:17:55,ENTREGADA,4,298,3789181.51,2024-10-21,2024-10-21 03:17:55,IDEMP-000000000406
407,OC-000000000407,1,2024-11-03 10:45:42,PENDIENTE,7,149,70508.92,2024-11-07,,IDEMP-000000000407
408,OC-000000000408,6,2024-07-28 08:27:28,CONFIRMADA,3,509,2743012.43,2024-08-03,,IDEMP-000000000408
409,OC-000000000409,21,2024-05-12 08:00:49,ENTREGADA,2,7,2434811.76,2024-05-14,2024-05-12 18:00:49,IDEMP-000000000409
410,OC-000000000410,2,2025-11-13 10:35:04,CONFIRMADA,8,939,2450906.72,2025-11-18,,IDEMP-000000000410
411,OC-000000000411,20,2024-01-04 08:01:51,CONFIRMADA,9,426,4515567.43,2024-01-14,,IDEMP-000000000411
412,OC-000000000412,1,2025-01-18 08:35:46,ENTREGADA,3,430,3233708.43,2025-01-21,2025-01-18 18:35:46,IDEMP-000000000412
413,OC-000000000413,9,2025-07-22 08:56:15,ENTREGADA,9,822,3910669.03,2025-07-27,2025-07-23 04:56:15,IDEMP-000000000413
414,OC-000000000414,1,2024-11-24 16:13:24,CONFIRMADA,8,926,2335998.65,2024-11-26,,IDEMP-000000000414
415,OC-000000000415,6,2024-12-05 09:00:51,ENTREGADA,1,968,2028880.67,2024-12-15,2024-12-05 10:00:51,IDEMP-000000000415
416,OC-000000000416,23,2024-05-20 10:05:47,ENTREGADA,2,521,2382116.9,2024-05-27,2024-05-21 01:05:47,IDEMP-000000000416
417,OC-000000000417,98,2024-12-24 10:25:14,ENTREGADA,9,584,4618352.16,2024-12-29,2024-12-25 00:25:14,IDEMP-000000000417
418,OC-000000000418,5,2025-01-28 10:28:04,ENTREGADA,1,361,2354304.32,2025-02-05,2025-01-28 11:28:04,IDEMP-000000000418
419,OC-000000000419,4,2024-07-09 11:15:30,ENTREGADA,5,550,1089070.43,2024-07-13,2024-07-10 09:15:30,IDEMP-000000000419
420,OC-000000000420,62,2024-05-02 09:19:38,ENTREGADA,7,232,327235.5,2024-05-12,2024-05-02 22:19:38,IDEMP-000000000420
421,OC-000000000421,4,2025-12-24 06:29:43,CONFIRMADA,3,553,992306.56,2025-12-30,,IDEMP-000000000421
422,OC-000000000422,42,2024-02-10 09:34:20,PENDIENTE,4,529,535538.28,2024-02-11,,IDEMP-000000000422
423,OC-000000000423,8,2024-02-12 08:56:28,CONFIRMADA,6,549,949893.72,2024-02-21,,IDEMP-000000000423
424,OC-000000000424,2,2025-03-21 10:16:41,CONFIRMADA,1,903,4316513.83,2025-03-31,,IDEMP-000000000424
425,OC-000000000425,4,2024-03-28 16:56:24,ENTREGADA,1,68,629308.86,2024-04-06,2024-03-29 04:56:24,IDEMP-000000000425
426,OC-000000000426,18,2025-01-30 12:34:10,PENDIENTE,8,226,2192067.41,2025-02-04,,IDEMP-000000000426
427,OC-000000000427,1,2024-10-25 08:41:02,ENTREGADA,1,855,3037701.34,2024-11-03,2024-10-25 14:41:02,IDEMP-000000000427
428,OC-000000000428,5,2024-02-10 08:26:56,ENTREGADA,1,231,2849356.04,2024-02-11,2024-02-10 11:26:56,IDEMP-000000000428
429,OC-000000000429,1,2024-11-06 04:38:21,ENTREGADA,5,550,1740546.32,2024-11-14,2024-11-07 00:38:21,IDEMP-000000000429
430,OC-000000000430,22,2024-01-20 09:39:48,ENTREGADA,5,793,4345073.66,2024-01-30,2024-01-21 04:39:48,IDEMP-000000000430
431,OC-000000000431,47,2024-07-02 09:11:01,ENTREGADA,7,499,3693850.61,2024-07-06,2024-07-02 15:11:01,IDEMP-000000000431
432,OC-000000000432,3,2024-01-13 09:36:54,PENDIENTE,4,726,2305176.96,2024-01-14,,IDEMP-000000000432
433,OC-000000000433,1,2024-02-29 10:16:46,ENTREGADA,3,606,4353517.31,2024-03-05,2024-03-01 00:16:46,IDEMP-000000000433
434,OC-000000000434,4,2024-11-21 09:34:00,CONFIRMADA,2,560,2504266.02,2024-11-23,,IDEMP-000000000434
435,OC-000000000435,8,2024-06-12 12:35:00,ENTREGADA,3,214,1768735.54,2024-06-20,2024-06-13 07:35:00,IDEMP-000000000435
436,OC-000000000436,33,2025-01-23 12:18:58,ENTREGADA,7,94,3533762.98,2025-01-25,2025-01-23 18:18:58,IDEMP-000000000436
437,OC-000000000437,1,2024-10-28 11:15:10,ENTREGADA,2,833,3616964.15,2024-11-01,2024-10-28 14:15:10,IDEMP-000000000437
438,OC-000000000438,2,2024-03-02 10:29:36,CANCELADA,2,291,3407081.1,2024-03-09,,IDEMP-000000000438
439,OC-000000000439,51,2025-01-20 10:48:47,ENTREGADA,9,570,2041792.66,2025-01-24,2025-01-21 03:48:47,IDEMP-000000000439
440,OC-000000000440,1,2024-11-16 10:25:20,ENTREGADA,2,215,1262611.2,2024-11-17,2024-11-17 00:25:20,IDEMP-000000000440
441,OC-000000000441,13,2024-06-23 08:47:04,CONFIRMADA,4,117,3171666.4,2024-06-29,,IDEMP-000000000441
442,OC-000000000442,69,2024-01-04 13:58:47,ENTREGADA,4,412,4808674.32,2024-01-08,2024-01-04 22:58:47,IDEMP-000000000442
443,OC-000000000443,48,2025-07-25 13:08:24,ENTREGADA,10,957,4901920.94,2025-07-28,2025-07-25 21:08:24,IDEMP-000000000443
444,OC-000000000444,75,2025-10-31 10:32:18,ENTREGADA,4,634,3981714.84,2025-11-07,2025-11-01 01:32:18,IDEMP-000000000444
445,OC-000000000445,24,2024-04-14 14:44:46,ENTREGADA,4,320,2765316.0,2024-04-18,2024-04-15 13:44:46,IDEMP-000000000445
446,OC-000000000446,8,2024-01-18 10:21:39,ENTREGADA,2,942,1503884.09,2024-01-27,2024-01-19 09:21:39,IDEMP-000000000446
447,OC-000000000447,2,2025-08-26 08:14:35,ENTREGADA,8,535,4831500.52,2025-09-02,2025-08-27 04:14:35,IDEMP-000000000447
448,OC-000000000448,44,2024-07-10 09:10:59,ENTREGADA,2,476,4989602.18,2024-07-19,2024-07-11 08:10:59,IDEMP-000000000448
449,OC-000000000449,55,2024-09-16 04:21:00,ENTREGADA,6,327,2715567.55,2024-09-21,2024-09-16 18:21:00,IDEMP-000000000449
450,OC-000000000450,1,2024-06-13 10:18:44,ENTREGADA,6,910,301437.61,2024-06-17,2024-06-13 20:18:44,IDEMP-000000000450
451,OC-000000000451,14,2024-04-10 09:04:14,ENTREGADA,7,899,3574137.56,2024-04-20,2024-04-10 16:04:14,IDEMP-000000000451
452,OC-000000000452,3,2025-08-25 09:17:32,ENTREGADA,7,698,188548.88,2025-08-30,2025-08-25 11:17:32,IDEMP-000000000452
453,OC-000000000453,1,2024-05-28 09:06:44,ENTREGADA,9,442,4545362.33,2024-06-07,2024-05-28 11:06:44,IDEMP-000000000453
454,OC-000000000454,75,2024-12-31 10:19:05,ENTREGADA,10,74,1234102.8,2025-01-01,2024-12-31 13:19:05,IDEMP-000000000454
455,OC-000000000455,53,2024-11-09 10:05:10,ENTREGADA,10,440,863294.06,2024-11-10,2024-11-09 23:05:10,IDEMP-000000000455
456,OC-000000000456,26,2025-01-31 14:38:28,CONFIRMADA,8,366,837279.98,2025-02-05,,IDEMP-000000000456
457,OC-000000000457,34,2025-02-13 10:53:18,ENTREGADA,2,884,3625491.87,2025-02-23,2025-02-13 20:53:18,IDEMP-000000000457
458,OC-000000000458,22,2025-10-25 10:51:46,ENTREGADA,8,466,3275159.76,2025-10-31,2025-10-26 00:51:46,IDEMP-000000000458
459,OC-000000000459,82,2025-03-26 10:31:56,ENTREGADA,2,355,3922401.65,2025-04-03,2025-03-26 15:31:56,IDEMP-000000000459
460,OC-000000000460,1,2025-09-25 06:52:36,ENTREGADA,1,33,4803824.72,2025-10-01,2025-09-25 15:52:36,IDEMP-000000000460
461,OC-000000000461,47,2025-12-11 09:08:41,CANCELADA,5,370,3759497.86,2025-12-13,,IDEMP-000000000461
462,OC-000000000462,14,2024-12-11 08:11:44,ENTREGADA,4,171,4270754.71,2024-12-17,2024-12-12 07:11:44,IDEMP-000000000462
463,OC-000000000463,4,2024-08-24 09:06:39,ENTREGADA,3,535,1961490.16,2024-08-27,2024-08-25 05:06:39,IDEMP-000000000463
464,OC-000000000464,1,2024-05-04 08:09:10,CONFIRMADA,3,534,912606.84,2024-05-05,,IDEMP-000000000464
465,OC-000000000465,2,2024-09-13 08:22:36,ENTREGADA,3,325,4921101.57,2024-09-14,2024-09-13 16:22:36,IDEMP-000000000465
466,OC-000000000466,1,2024-12-17 08:54:48,ENTREGADA,6,531,4471223.85,2024-12-21,2024-12-18 05:54:48,IDEMP-000000000466
467,OC-000000000467,38,2024-09-22 10:00:07,ENTREGADA,4,61,343550.5,2024-09-28,2024-09-23 07:00:07,IDEMP-000000000467
468,OC-000000000468,5,2024-07-12 10:57:55,ENTREGADA,6,626,2610278.9,2024-07-16,2024-07-13 00:57:55,IDEMP-000000000468
469,OC-000000000469,15,2025-08-14 08:53:31,ENTREGADA,10,682,3490846.44,2025-08-22,2025-08-14 19:53:31,IDEMP-000000000469
470,OC-000000000470,2,2024-08-14 09:12:11,PENDIENTE,8,168,3295272.56,2024-08-19,,IDEMP-000000000470
471,OC-000000000471,95,2025-09-05 10:20:59,PENDIENTE,7,724,979799.0,2025-09-15,,IDEMP-000000000471
472,OC-000000000472,90,2025-10-02 10:44:37,ENTREGADA,1,982,4694594.77,2025-10-07,2025-10-03 08:44:37,IDEMP-000000000472
473,OC-000000000473,7,2025-04-05 08:12:40,ENTREGADA,10,142,30752.76,2025-04-07,2025-04-05 20:12:40,IDEMP-000000000473
474,OC-000000000474,44,2024-04-01 08:56:34,ENTREGADA,7,609,2724146.91,2024-04-09,2024-04-01 11:56:34,IDEMP-000000000474
475,OC-000000000475,25,2024-11-04 09:29:34,PENDIENTE,7,532,3836167.68,2024-11-06,,IDEMP-000000000475
476,OC-000000000476,44,2025-12-02 10:23:15,ENTREGADA,4,808,2358751.18,2025-12-12,2025-12-02 21:23:15,IDEMP-000000000476
477,OC-000000000477,1,2024-08-23 10:54:29,CANCELADA,10,894,3526207.76,2024-08-30,,IDEMP-000000000477
478,OC-000000000478,47,2024-06-24 08:32:19,ENTREGADA,10,755,3328164.11,2024-07-04,2024-06-24 16:32:19,IDEMP-000000000478
479,OC-000000000479,1,2024-10-09 17:52:48,PENDIENTE,2,223,1930671.31,2024-10-17,,IDEMP-000000000479
480,OC-000000000480,34,2025-11-13 10:25:03,ENTREGADA,9,595,2680959.38,2025-11-18,2025-11-14 04:25:03,IDEMP-000000000480
481,OC-000000000481,15,2024-12-30 10:06:34,ENTREGADA,1,211,108081.87,2025-01-02,2024-12-30 15:06:34,IDEMP-000000000481
482,OC-000000000482,6,2025-10-27 09:22:38,CONFIRMADA,3,536,4003152.75,2025-10-30,,IDEMP-000000000482
483,OC-000000000483,2,2025-12-01 10:38:30,ENTREGADA,2,985,1788736.65,2025-12-09,2025-12-01 21:38:30,IDEMP-000000000483
484,OC-000000000484,49,2025-02-17 08:43:12,ENTREGADA,1,624,2949346.83,2025-02-22,2025-02-18 00:43:12,IDEMP-000000000484
485,OC-000000000485,16,2025-06-25 14:49:55,CANCELADA,2,692,1775424.12,2025-06-27,,IDEMP-000000000485
486,OC-000000000486,5,2024-04-26 10:02:21,ENTREGADA,1,978,4484123.57,2024-05-06,2024-04-27 10:02:21,IDEMP-000000000486
487,OC-000000000487,31,2025-05-10 06:56:34,CONFIRMADA,1,207,1716190.35,2025-05-18,,IDEMP-000000000487
488,OC-000000000488,2,2025-06-17 08:16:31,ENTREGADA,6,507,1549506.18,2025-06-22,2025-06-18 04:16:31,IDEMP-000000000488
489,OC-000000000489,14,2024-05-19 02:01:29,ENTREGADA,10,678,328014.12,2024-05-24,2024-05-19 09:01:29,IDEMP-000000000489
490,OC-000000000490,1,2025-08-14 06:03:32,ENTREGADA,5,471,580988.53,2025-08-19,2025-08-14 22:03:32,IDEMP-000000000490
491,OC-000000000491,74,2024-10-17 09:06:57,CONFIRMADA,6,308,1105166.12,2024-10-21,,IDEMP-000000000491
492,OC-000000000492,2,2024-01-25 09:01:59,CONFIRMADA,5,275,968212.27,2024-01-26,,IDEMP-000000000492
493,OC-000000000493,48,2024-06-25 01:11:35,ENTREGADA,5,963,208312.25,2024-07-04,2024-06-25 06:11:35,IDEMP-000000000493
494,OC-000000000494,5,2024-08-05 09:56:50,ENTREGADA,8,838,3278255.44,2024-08-07,2024-08-05 15:56:50,IDEMP-000000000494
495,OC-000000000495,66,2024-03-08 09:01:19,CONFIRMADA,6,414,2043191.48,2024-03-17,,IDEMP-000000000495
496,OC-000000000496,2,2024-10-27 10:50:20,ENTREGADA,7,686,819227.36,2024-11-01,2024-10-27 22:50:20,IDEMP-000000000496
497,OC-000000000497,8,2025-11-14 10:38:27,CANCELADA,7,1000,3249481.66,2025-11-18,,IDEMP-000000000497
498,OC-000000000498,2,2024-01-03 09:34:41,CANCELADA,10,479,1954001.01,2024-01-07,,IDEMP-000000000498
499,OC-000000000499,57,2024-11-22 10:30:19,ENTREGADA,1,18,12186.0,2024-11-24,2024-11-23 01:30:19,IDEMP-000000000499
500,OC-000000000500,2,2024-07-21 10:41:16,ENTREGADA,7,957,4337380.85,2024-07-22,2024-07-21 11:41:16,IDEMP-000000000500
501,OC-000000000501,12,2024-07-04 08:31:06,ENTREGADA,3,346,1659496.15,2024-07-08,2024-07-04 18:31:06,IDEMP-000000000501
502,OC-000000000502,76,2025-10-06 11:57:06,ENTREGADA,1,55,3107395.9,2025-10-13,2025-10-06 14:57:06,IDEMP-000000000502
503,OC-000000000503,45,2024-09-17 08:15:36,ENTREGADA,6,836,946899.43,2024-09-22,2024-09-18 00:15:36,IDEMP-000000000503
504,OC-000000000504,27,2024-09-12 09:51:22,ENTREGADA,4,260,2022028.74,2024-09-20,2024-09-12 22:51:22,IDEMP-000000000504
505,OC-000000000505,24,2024-05-27 09:05:40,ENTREGADA,2,903,4278670.06,2024-05-31,2024-05-27 21:05:40,IDEMP-000000000505
506,OC-000000000506,95,2025-09-19 08:07:34,ENTREGADA,9,194,3490786.33,2025-09-21,2025-09-19 18:07:34,IDEMP-000000000506
507,OC-000000000507,8,2025-06-07 09:16:37,ENTREGADA,1,98,919210.14,2025-06-10,2025-06-07 11:16:37,IDEMP-000000000507
508,OC-000000000508,5,2025-11-09 09:12:12,ENTREGADA,3,555,2500304.78,2025-11-12,2025-11-10 03:12:12,IDEMP-000000000508
509,OC-000000000509,3,2025-03-15 09:54:52,ENTREGADA,9,237,2501202.61,2025-03-18,2025-03-16 02:54:52,IDEMP-000000000509
510,OC-000000000510,51,2024-01-31 09:35:44,ENTREGADA,2,515,3790971.36,2024-02-08,2024-02-01 00:35:44,IDEMP-000000000510
511,OC-000000000511,11,2024-03-05 14:39:00,ENTREGADA,10,795,3703494.37,2024-03-07,2024-03-06 09:39:00,IDEMP-000000000511
512,OC-000000000512,31,2024-09-05 08:06:47,ENTREGADA,1,229,3008425.56,2024-09-14,2024-09-06 06:06:47,IDEMP-000000000512
513,OC-000000000513,6,2024-03-08 14:57:53,ENTREGADA,9,254,110631.87,2024-03-16,2024-03-09 07:57:53,IDEMP-000000000513
514,OC-000000000514,14,2025-01-19 10:50:10,ENTREGADA,7,411,4737242.41,2025-01-29,2025-01-19 21:50:10,IDEMP-000000000514
515,OC-000000000515,9,2025-04-20 11:53:27,ENTREGADA,6,363,1826507.12,2025-04-22,2025-04-20 16:53:27,IDEMP-000000000515
516,OC-000000000516,1,2025-01-03 09:27:06,ENTREGADA,3,606,3786196.86,2025-01-09,2025-01-03 10:27:06,IDEMP-000000000516
517,OC-000000000517,41,2025-05-31 16:26:51,ENTREGADA,3,387,2439901.46,2025-06-08,2025-06-01 11:26:51,IDEMP-000000000517
518,OC-000000000518,1,2025-06-23 08:30:58,PENDIENTE,9,518,209458.0,2025-07-01,,IDEMP-000000000518
519,OC-000000000519,4,2025-08-25 08:13:57,ENTREGADA,8,623,3140656.43,2025-08-26,2025-08-26 04:13:57,IDEMP-000000000519
520,OC-000000000520,68,2025-08-18 14:29:53,ENTREGADA,2,238,1021777.67,2025-08-23,2025-08-19 02:29:53,IDEMP-000000000520
521,OC-000000000521,91,2024-03-23 09:37:19,ENTREGADA,2,10,4612087.18,2024-03-24,2024-03-23 18:37:19,IDEMP-000000000521
522,OC-000000000522,84,2025-07-28 08:44:13,ENTREGADA,1,150,3287784.65,2025-08-05,2025-07-29 00:44:13,IDEMP-000000000522
523,OC-000000000523,1,2024-05-18 08:32:53,ENTREGADA,5,503,1446101.26,2024-05-23,2024-05-19 08:32:53,IDEMP-000000000523
524,OC-000000000524,1,2025-05-10 08:23:32,PENDIENTE,2,949,2977442.54,2025-05-14,,IDEMP-000000000524
525,OC-000000000525,2,2025-12-30 08:47:56,ENTREGADA,8,939,722333.27,2025-12-31,2025-12-30 23:47:56,IDEMP-000000000525
526,OC-000000000526,38,2025-04-21 10:21:03,ENTREGADA,3,654,585627.39,2025-04-30,2025-04-21 17:21:03,IDEMP-000000000526
527,OC-000000000527,38,2024-11-21 17:33:52,ENTREGADA,7,649,2412893.99,2024-11-26,2024-11-21 23:33:52,IDEMP-000000000527
528,OC-000000000528,4,2025-06-12 09:16:42,CONFIRMADA,9,715,2243113.91,2025-06-15,,IDEMP-000000000528
529,OC-000000000529,28,2025-10-14 01:08:19,ENTREGADA,10,894,2585438.52,2025-10-16,2025-10-14 13:08:19,IDEMP-000000000529
530,OC-000000000530,1,2025-04-24 09:37:06,ENTREGADA,5,125,3278259.55,2025-04-29,2025-04-25 04:37:06,IDEMP-000000000530
531,OC-000000000531,3,2024-02-05 08:10:13,ENTREGADA,8,338,2160952.25,2024-02-15,2024-02-05 19:10:13,IDEMP-000000000531
532,OC-000000000532,1,2025-11-04 09:58:38,ENTREGADA,10,782,2786231.42,2025-11-05,2025-11-04 17:58:38,IDEMP-000000000532
533,OC-000000000533,45,2024-01-25 01:56:42,CONFIRMADA,4,600,2869798.51,2024-01-31,,IDEMP-000000000533
534,OC-000000000534,37,2025-05-25 09:59:52,CONFIRMADA,10,546,2101642.23,2025-05-30,,IDEMP-000000000534
535,OC-000000000535,4,2024-03-07 09:53:33,ENTREGADA,8,320,3947920.09,2024-03-16,2024-03-08 08:53:33,IDEMP-000000000535
536,OC-000000000536,1,2025-01-11 09:31:05,ENTREGADA,5,53,3440839.08,2025-01-16,2025-01-11 21:31:05,IDEMP-000000000536
537,OC-000000000537,19,2025-08-06 08:29:30,PENDIENTE,7,610,3507029.17,2025-08-12,,IDEMP-000000000537
538,OC-000000000538,22,2025-09-21 09:44:14,CONFIRMADA,6,900,3100134.61,2025-09-28,,IDEMP-000000000538
539,OC-000000000539,1,2024-04-17 10:30:31,ENTREGADA,5,837,3452514.09,2024-04-26,2024-04-18 09:30:31,IDEMP-000000000539
540,OC-000000000540,82,2025-10-16 09:17:15,ENTREGADA,9,512,4346316.47,2025-10-20,2025-10-17 02:17:15,IDEMP-000000000540
541,OC-000000000541,8,2024-03-14 16:54:06,ENTREGADA,3,298,4894505.03,2024-03-18,2024-03-15 11:54:06,IDEMP-000000000541
542,OC-000000000542,15,2024-01-26 15:11:04,ENTREGADA,10,721,4503834.19,2024-01-31,2024-01-27 01:11:04,IDEMP-000000000542
543,OC-000000000543,6,2024-04-11 10:54:25,CANCELADA,10,653,2307830.99,2024-04-18,,IDEMP-000000000543
544,OC-000000000544,79,2025-02-27 08:30:17,CONFIRMADA,9,754,2009791.85,2025-03-01,,IDEMP-000000000544
545,OC-000000000545,1,2024-11-19 13:01:21,ENTREGADA,3,345,266207.62,2024-11-26,2024-11-20 04:01:21,IDEMP-000000000545
546,OC-000000000546,80,2024-11-28 09:56:17,ENTREGADA,4,607,3624582.33,2024-12-06,2024-11-28 21:56:17,IDEMP-000000000546
547,OC-000000000547,4,2025-03-21 09:58:18,ENTREGADA,6,281,3910284.05,2025-03-31,2025-03-21 16:58:18,IDEMP-000000000547
548,OC-000000000548,35,2025-12-23 08:45:00,ENTREGADA,6,364,1825576.1,2025-12-27,2025-12-23 15:45:00,IDEMP-000000000548
549,OC-000000000549,11,2025-06-13 04:31:03,ENTREGADA,4,757,4020344.98,2025-06-22,2025-06-13 20:31:03,IDEMP-000000000549
550,OC-000000000550,5,2025-01-06 11:23:43,CONFIRMADA,1,875,3003912.69,2025-01-10,,IDEMP-000000000550
551,OC-000000000551,1,2024-09-28 09:48:42,ENTREGADA,7,886,2760858.61,2024-10-04,2024-09-28 11:48:42,IDEMP-000000000551
552,OC-000000000552,45,2025-05-13 09:31:37,ENTREGADA,7,254,2687983.81,2025-05-20,2025-05-13 22:31:37,IDEMP-000000000552
553,OC-000000000553,4,2025-01-27 14:25:08,CONFIRMADA,9,131,4467294.84,2025-02-06,,IDEMP-000000000553
554,OC-000000000554,45,2024-10-07 08:03:59,CONFIRMADA,4,300,3775183.0,2024-10-17,,IDEMP-000000000554
555,OC-000000000555,10,2024-03-17 17:10:40,CANCELADA,4,49,1222308.25,2024-03-24,,IDEMP-000000000555
556,OC-000000000556,9,2024-08-03 09:31:21,ENTREGADA,9,221,1218369.28,2024-08-07,2024-08-04 06:31:21,IDEMP-000000000556
557,OC-000000000557,68,2024-11-17 09:38:47,PENDIENTE,9,274,2109778.65,2024-11-27,,IDEMP-000000000557
558,OC-000000000558,2,2024-01-28 09:38:33,ENTREGADA,2,910,138371.5,2024-02-03,2024-01-28 19:38:33,IDEMP-000000000558
559,OC-000000000559,1,2025-03-15 10:15:16,ENTREGADA,3,717,3891166.56,2025-03-20,2025-03-16 00:15:16,IDEMP-000000000559
560,OC-000000000560,4,2024-05-27 16:47:34,ENTREGADA,3,556,69841.0,2024-06-05,2024-05-28 09:47:34,IDEMP-000000000560
561,OC-000000000561,4,2024-11-03 09:27:45,ENTREGADA,2,114,4033856.35,2024-11-13,2024-11-04 09:27:45,IDEMP-000000000561
562,OC-000000000562,79,2024-06-13 13:26:35,ENTREGADA,7,631,4461754.62,2024-06-14,2024-06-14 00:26:35,IDEMP-000000000562
563,OC-000000000563,16,2025-10-27 10:28:05,ENTREGADA,3,924,623869.53,2025-10-29,2025-10-27 14:28:05,IDEMP-000000000563
564,OC-000000000564,43,2025-06-18 08:26:18,CANCELADA,6,733,994063.82,2025-06-25,,IDEMP-000000000564
565,OC-000000000565,8,2025-09-15 06:11:04,ENTREGADA,5,230,3640188.25,2025-09-17,2025-09-15 07:11:04,IDEMP-000000000565
566,OC-000000000566,77,2025-01-15 14:40:18,ENTREGADA,2,767,3678479.39,2025-01-23,2025-01-15 20:40:18,IDEMP-000000000566
567,OC-000000000567,2,2024-07-15 15:00:00,ENTREGADA,3,827,2252724.03,2024-07-22,2024-07-15 22:00:00,IDEMP-000000000567
568,OC-000000000568,28,2025-07-27 10:31:52,ENTREGADA,2,77,556268.44,2025-08-01,2025-07-28 09:31:52,IDEMP-000000000568
569,OC-000000000569,9,2025-08-09 08:34:51,ENTREGADA,9,981,3914357.0,2025-08-11,2025-08-09 22:34:51,IDEMP-000000000569
570,OC-000000000570,1,2025-10-03 12:50:09,ENTREGADA,1,387,3021197.23,2025-10-11,2025-10-04 09:50:09,IDEMP-000000000570
571,OC-000000000571,4,2024-11-04 10:50:59,ENTREGADA,1,498,2909405.81,2024-11-09,2024-11-04 14:50:59,IDEMP-000000000571
572,OC-000000000572,15,2024-09-29 10:49:43,ENTREGADA,8,319,3620497.89,2024-10-09,2024-09-30 05:49:43,IDEMP-000000000572
573,OC-000000000573,86,2025-11-24 09:28:24,ENTREGADA,1,846,224010.48,2025-11-26,2025-11-25 04:28:24,IDEMP-000000000573
574,OC-000000000574,3,2025-12-03 08:35:06,CANCELADA,9,196,4028642.45,2025-12-07,,IDEMP-000000000574
575,OC-000000000575,1,2024-01-08 16:11:38,CONFIRMADA,1,988,3955013.95,2024-01-09,,IDEMP-000000000575
576,OC-000000000576,2,2025-10-27 04:56:14,ENTREGADA,5,487,558731.58,2025-11-03,2025-10-27 21:56:14,IDEMP-000000000576
577,OC-000000000577,3,2025-03-14 09:11:38,CONFIRMADA,8,769,4985590.7,2025-03-18,,IDEMP-000000000577
578,OC-000000000578,1,2025-05-16 10:11:28,ENTREGADA,2,351,710458.38,2025-05-22,2025-05-16 19:11:28,IDEMP-000000000578
579,OC-000000000579,2,2024-07-25 08:50:10,CANCELADA,10,359,1595182.51,2024-07-28,,IDEMP-000000000579
580,OC-000000000580,2,2025-04-14 10:30:45,ENTREGADA,10,711,150865.31,2025-04-16,2025-04-15 00:30:45,IDEMP-000000000580
581,OC-000000000581,1,2025-03-03 10:18:47,ENTREGADA,2,986,2649237.71,2025-03-05,2025-03-03 20:18:47,IDEMP-000000000581
582,OC-000000000582,14,2024-04-23 10:11:34,ENTREGADA,6,673,1862596.23,2024-04-29,2024-04-23 14:11:34,IDEMP-000000000582
583,OC-000000000583,33,2024-09-02 09:13:10,CONFIRMADA,2,405,1655368.9,2024-09-04,,IDEMP-000000000583
584,OC-000000000584,2,2025-09-28 04:40:18,ENTREGADA,3,418,4132201.61,2025-10-05,2025-09-28 09:40:18,IDEMP-000000000584
585,OC-000000000585,14,2025-07-25 09:26:07,ENTREGADA,2,207,704554.24,2025-08-01,2025-07-26 08:26:07,IDEMP-000000000585
586,OC-000000000586,4,2025-03-03 09:28:24,ENTREGADA,8,958,883060.31,2025-03-07,2025-03-04 01:28:24,IDEMP-000000000586
587,OC-000000000587,5,2025-09-22 08:36:59,ENTREGADA,9,945,3338526.03,2025-10-02,2025-09-22 16:36:59,IDEMP-000000000587
588,OC-000000000588,14,2025-06-22 10:50:39,ENTREGADA,7,109,4293972.24,2025-06-27,2025-06-22 19:50:39,IDEMP-000000000588
589,OC-000000000589,1,2024-04-14 07:07:12,ENTREGADA,5,723,2441795.53,2024-04-20,2024-04-14 14:07:12,IDEMP-000000000589
590,OC-000000000590,4,2024-01-02 10:31:37,ENTREGADA,1,63,1847542.49,2024-01-10,2024-01-02 18:31:37,IDEMP-000000000590
591,OC-000000000591,56,2024-04-25 08:05:42,CONFIRMADA,3,916,581170.19,2024-05-01,,IDEMP-000000000591
592,OC-000000000592,7,2025-05-15 10:45:02,CONFIRMADA,2,488,1763853.07,2025-05-22,,IDEMP-000000000592
593,OC-000000000593,62,2025-06-12 09:13:48,ENTREGADA,3,396,2461769.58,2025-06-21,2025-06-12 21:13:48,IDEMP-000000000593
594,OC-000000000594,86,2024-03-03 09:22:09,ENTREGADA,9,902,3454370.34,2024-03-10,2024-03-03 16:22:09,IDEMP-000000000594
595,OC-000000000595,1,2025-01-29 08:43:25,ENTREGADA,8,622,2369230.34,2025-01-31,2025-01-29 13:43:25,IDEMP-000000000595
596,OC-000000000596,13,2025-10-22 08:54:25,ENTREGADA,9,44,670154.33,2025-10-29,2025-10-23 08:54:25,IDEMP-000000000596
597,OC-000000000597,62,2024-12-06 13:51:22,CONFIRMADA,8,898,4255150.08,2024-12-16,,IDEMP-000000000597
598,OC-000000000598,16,2025-07-16 09:22:48,ENTREGADA,4,296,2171.4,2025-07-18,2025-07-17 02:22:48,IDEMP-000000000598
599,OC-000000000599,15,2025-02-04 16:25:08,ENTREGADA,6,29,2535744.55,2025-02-09,2025-02-04 21:25:08,IDEMP-000000000599
600,OC-000000000600,70,2025-11-17 13:49:18,ENTREGADA,1,839,4744397.74,2025-11-22,2025-11-18 01:49:18,IDEMP-000000000600
601,OC-000000000601,2,2025-03-28 10:59:55,CONFIRMADA,3,429,4807599.7,2025-03-30,,IDEMP-000000000601
602,OC-000000000602,27,2025-10-22 08:32:02,ENTREGADA,7,688,327409.45,2025-10-29,2025-10-22 21:32:02,IDEMP-000000000602
603,OC-000000000603,3,2025-05-29 09:54:31,ENTREGADA,4,622,4175607.67,2025-05-31,2025-05-30 07:54:31,IDEMP-000000000603
604,OC-000000000604,1,2025-07-10 13:51:24,PENDIENTE,5,649,4383519.92,2025-07-18,,IDEMP-000000000604
605,OC-000000000605,48,2025-03-03 09:19:40,ENTREGADA,10,999,665273.9,2025-03-12,2025-03-03 10:19:40,IDEMP-000000000605
606,OC-000000000606,59,2024-11-28 08:48:50,ENTREGADA,6,369,3855165.84,2024-12-04,2024-11-29 00:48:50,IDEMP-000000000606
607,OC-000000000607,6,2025-03-07 08:33:23,ENTREGADA,10,5,616447.4,2025-03-16,2025-03-08 02:33:23,IDEMP-000000000607
608,OC-000000000608,33,2025-07-05 10:14:43,ENTREGADA,2,838,3713507.45,2025-07-15,2025-07-05 20:14:43,IDEMP-000000000608
609,OC-000000000609,1,2025-07-05 08:06:17,ENTREGADA,1,164,3660119.25,2025-07-15,2025-07-06 04:06:17,IDEMP-000000000609
610,OC-000000000610,6,2024-11-26 16:57:49,CONFIRMADA,8,542,2797156.62,2024-11-30,,IDEMP-000000000610
611,OC-000000000611,16,2024-01-05 08:40:21,CANCELADA,10,990,1997902.22,2024-01-06,,IDEMP-000000000611
612,OC-000000000612,3,2024-07-08 11:48:59,ENTREGADA,4,62,405370.14,2024-07-13,2024-07-08 19:48:59,IDEMP-000000000612
613,OC-000000000613,14,2024-07-25 08:44:06,ENTREGADA,1,550,3607153.16,2024-07-30,2024-07-26 06:44:06,IDEMP-000000000613
614,OC-000000000614,1,2025-04-23 10:25:48,ENTREGADA,1,77,3719927.28,2025-05-03,2025-04-23 11:25:48,IDEMP-000000000614
615,OC-000000000615,26,2025-11-26 09:29:54,ENTREGADA,6,208,528931.4,2025-12-05,2025-11-27 04:29:54,IDEMP-000000000615
616,OC-000000000616,3,2025-09-04 09:14:05,ENTREGADA,1,250,3179269.83,2025-09-07,2025-09-05 02:14:05,IDEMP-000000000616
617,OC-000000000617,16,2024-10-02 14:31:51,ENTREGADA,1,256,4061618.06,2024-10-04,2024-10-02 20:31:51,IDEMP-000000000617
618,OC-000000000618,1,2025-11-25 08:13:18,ENTREGADA,2,603,2314051.97,2025-11-28,2025-11-26 02:13:18,IDEMP-000000000618
619,OC-000000000619,100,2024-12-05 09:17:50,CONFIRMADA,7,375,4768562.72,2024-12-06,,IDEMP-000000000619
620,OC-000000000620,1,2024-03-17 08:29:22,ENTREGADA,6,700,2050961.08,2024-03-26,2024-03-17 19:29:22,IDEMP-000000000620
621,OC-000000000621,37,2024-01-01 10:58:00,ENTREGADA,2,424,4586673.78,2024-01-07,2024-01-01 17:58:00,IDEMP-000000000621
622,OC-000000000622,48,2024-08-05 09:44:45,ENTREGADA,7,299,3044526.86,2024-08-09,2024-08-05 12:44:45,IDEMP-000000000622
623,OC-000000000623,3,2024-04-25 09:34:04,ENTREGADA,10,984,4523211.08,2024-04-30,2024-04-26 08:34:04,IDEMP-000000000623
624,OC-000000000624,2,2024-12-03 08:29:58,ENTREGADA,3,285,4824767.18,2024-12-11,2024-12-04 02:29:58,IDEMP-000000000624
625,OC-000000000625,2,2024-12-27 10:18:39,PENDIENTE,7,44,2753866.54,2024-12-29,,IDEMP-000000000625
626,OC-000000000626,38,2025-09-03 09:57:44,ENTREGADA,9,255,3804487.72,2025-09-04,2025-09-04 07:57:44,IDEMP-000000000626
627,OC-000000000627,41,2024-09-03 09:09:40,ENTREGADA,1,304,63268.6,2024-09-10,2024-09-04 08:09:40,IDEMP-000000000627
628,OC-000000000628,1,2025-01-27 10:36:42,ENTREGADA,6,133,4600871.52,2025-02-01,2025-01-28 02:36:42,IDEMP-000000000628
629,OC-000000000629,1,2025-07-10 07:17:15,CONFIRMADA,4,571,4672957.4,2025-07-15,,IDEMP-000000000629
630,OC-000000000630,1,2024-09-21 09:34:53,ENTREGADA,4,253,4015425.42,2024-09-28,2024-09-21 22:34:53,IDEMP-000000000630
631,OC-000000000631,2,2024-09-17 09:18:28,CANCELADA,7,812,3766775.28,2024-09-26,,IDEMP-000000000631
632,OC-000000000632,22,2025-12-11 14:19:29,PENDIENTE,6,741,433185.55,2025-12-19,,IDEMP-000000000632
633,OC-000000000633,30,2025-03-22 08:12:52,ENTREGADA,10,154,2123874.66,2025-03-23,2025-03-23 07:12:52,IDEMP-000000000633
634,OC-000000000634,6,2025-03-21 11:57:12,ENTREGADA,8,181,2155313.4,2025-03-28,2025-03-22 01:57:12,IDEMP-000000000634
635,OC-000000000635,20,2024-02-14 08:02:03,ENTREGADA,2,480,1055877.78,2024-02-21,2024-02-15 01:02:03,IDEMP-000000000635
636,OC-000000000636,1,2025-01-22 08:51:45,ENTREGADA,8,352,261129.3,2025-01-25,2025-01-23 01:51:45,IDEMP-000000000636
637,OC-000000000637,5,2024-02-21 10:23:38,ENTREGADA,9,414,3416608.95,2024-02-23,2024-02-22 03:23:38,IDEMP-000000000637
638,OC-000000000638,12,2025-02-14 10:14:49,ENTREGADA,1,682,4410262.18,2025-02-19,2025-02-14 22:14:49,IDEMP-000000000638
639,OC-000000000639,86,2024-03-21 08:36:35,ENTREGADA,3,454,1007762.66,2024-03-31,2024-03-21 09:36:35,IDEMP-000000000639
640,OC-000000000640,6,2025-05-12 06:47:57,ENTREGADA,5,411,832741.65,2025-05-17,2025-05-12 13:47:57,IDEMP-000000000640
641,OC-000000000641,1,2025-03-13 14:20:32,ENTREGADA,8,889,3172533.84,2025-03-15,2025-03-14 14:20:32,IDEMP-000000000641
642,OC-000000000642,1,2025-12-27 09:18:45,ENTREGADA,6,313,2330823.22,2026-01-03,2025-12-28 02:18:45,IDEMP-000000000642
643,OC-000000000643,3,2025-03-07 09:42:22,CANCELADA,1,546,1230024.98,2025-03-08,,IDEMP-000000000643
644,OC-000000000644,6,2024-08-28 12:53:46,ENTREGADA,2,633,216028.15,2024-08-30,2024-08-29 10:53:46,IDEMP-000000000644
645,OC-000000000645,17,2025-03-10 10:42:33,ENTREGADA,9,40,4560605.99,2025-03-16,2025-03-10 21:42:33,IDEMP-000000000645
646,OC-000000000646,7,2025-08-22 12:34:20,PENDIENTE,4,945,2167058.55,2025-08-24,,IDEMP-000000000646
647,OC-000000000647,14,2024-01-21 08:28:28,CONFIRMADA,3,298,3298085.86,2024-01-23,,IDEMP-000000000647
648,OC-000000000648,4,2025-10-03 10:58:07,ENTREGADA,10,766,3821228.66,2025-10-06,2025-10-03 17:58:07,IDEMP-000000000648
649,OC-000000000649,3,2025-01-04 10:50:18,CONFIRMADA,8,152,1456387.44,2025-01-05,,IDEMP-000000000649
650,OC-000000000650,21,2025-04-08 09:41:07,ENTREGADA,8,682,3640744.34,2025-04-13,2025-04-08 21:41:07,IDEMP-000000000650
651,OC-000000000651,4,2024-08-04 12:45:24,ENTREGADA,9,148,3500784.57,2024-08-08,2024-08-04 15:45:24,IDEMP-000000000651
652,OC-000000000652,6,2025-10-17 17:20:42,ENTREGADA,10,321,1760302.83,2025-10-27,2025-10-17 19:20:42,IDEMP-000000000652
653,OC-000000000653,2,2024-03-03 08:18:20,ENTREGADA,9,605,2975494.65,2024-03-08,2024-03-03 17:18:20,IDEMP-000000000653
654,OC-000000000654,16,2024-05-29 08:30:33,CONFIRMADA,3,560,409782.5,2024-06-08,,IDEMP-000000000654
655,OC-000000000655,5,2024-02-18 03:35:11,ENTREGADA,6,860,1960967.23,2024-02-20,2024-02-18 16:35:11,IDEMP-000000000655
656,OC-000000000656,77,2024-02-14 08:09:18,ENTREGADA,6,998,3463268.38,2024-02-17,2024-02-14 16:09:18,IDEMP-000000000656
657,OC-000000000657,1,2025-09-23 10:54:20,ENTREGADA,5,778,3265586.63,2025-09-30,2025-09-23 21:54:20,IDEMP-000000000657
658,OC-000000000658,8,2024-05-30 10:39:24,ENTREGADA,8,993,2573824.97,2024-06-05,2024-05-30 21:39:24,IDEMP-000000000658
659,OC-000000000659,70,2025-09-26 10:09:17,ENTREGADA,10,691,2860736.33,2025-09-27,2025-09-27 08:09:17,IDEMP-000000000659
660,OC-000000000660,28,2024-04-26 14:46:46,ENTREGADA,3,700,3890976.4,2024-05-01,2024-04-27 03:46:46,IDEMP-000000000660
661,OC-000000000661,10,2024-07-05 08:26:59,ENTREGADA,6,203,2242070.16,2024-07-10,2024-07-06 01:26:59,IDEMP-000000000661
662,OC-000000000662,20,2025-10-05 17:14:56,ENTREGADA,2,377,833232.71,2025-10-11,2025-10-06 13:14:56,IDEMP-000000000662
663,OC-000000000663,16,2024-11-04 10:50:43,ENTREGADA,5,893,2644451.66,2024-11-08,2024-11-05 06:50:43,IDEMP-000000000663
664,OC-000000000664,7,2025-08-16 13:03:43,ENTREGADA,7,590,4655767.24,2025-08-19,2025-08-16 19:03:43,IDEMP-000000000664
665,OC-000000000665,2,2025-09-09 08:33:58,ENTREGADA,10,981,2656055.17,2025-09-19,2025-09-09 10:33:58,IDEMP-000000000665
666,OC-000000000666,53,2025-12-27 10:29:39,ENTREGADA,1,859,2696715.12,2026-01-01,2025-12-28 10:29:39,IDEMP-000000000666
667,OC-000000000667,97,2024-08-13 09:15:13,ENTREGADA,6,599,1328746.8,2024-08-17,2024-08-14 02:15:13,IDEMP-000000000667
668,OC-000000000668,33,2024-03-17 10:42:53,ENTREGADA,4,721,3377094.99,2024-03-20,2024-03-17 18:42:53,IDEMP-000000000668
669,OC-000000000669,8,2025-08-07 08:23:24,ENTREGADA,4,775,900461.43,2025-08-14,2025-08-07 22:23:24,IDEMP-000000000669
670,OC-000000000670,3,2025-12-04 08:08:46,ENTREGADA,9,509,4125265.84,2025-12-09,2025-12-04 17:08:46,IDEMP-000000000670
671,OC-000000000671,1,2024-10-15 10:46:21,ENTREGADA,8,745,3811010.16,2024-10-24,2024-10-15 23:46:21,IDEMP-000000000671
672,OC-000000000672,1,2024-08-01 11:03:28,ENTREGADA,8,780,3323244.41,2024-08-03,2024-08-02 07:03:28,IDEMP-000000000672
673,OC-000000000673,3,2024-02-06 10:25:52,CONFIRMADA,10,57,134140.11,2024-02-08,,IDEMP-000000000673
674,OC-000000000674,4,2024-10-03 09:35:32,ENTREGADA,9,113,1784275.8,2024-10-12,2024-10-03 14:35:32,IDEMP-000000000674
675,OC-000000000675,89,2024-10-20 09:32:48,CONFIRMADA,10,524,3970013.76,2024-10-24,,IDEMP-000000000675
676,OC-000000000676,87,2025-08-02 10:49:37,ENTREGADA,8,89,2174708.66,2025-08-04,2025-08-03 04:49:37,IDEMP-000000000676
677,OC-000000000677,26,2024-06-04 10:41:39,CANCELADA,6,647,4895909.47,2024-06-07,,IDEMP-000000000677
678,OC-000000000678,1,2025-09-25 12:51:16,ENTREGADA,1,496,149710.67,2025-10-05,2025-09-25 21:51:16,IDEMP-000000000678
679,OC-000000000679,2,2025-08-04 09:56:03,ENTREGADA,5,934,4929834.11,2025-08-06,2025-08-05 03:56:03,IDEMP-000000000679
680,OC-000000000680,2,2025-02-24 15:25:37,CONFIRMADA,9,752,4357655.1,2025-02-25,,IDEMP-000000000680
681,OC-000000000681,2,2025-01-02 08:18:18,ENTREGADA,10,395,4436999.54,2025-01-05,2025-01-03 03:18:18,IDEMP-000000000681
682,OC-000000000682,9,2025-01-08 08:13:59,ENTREGADA,7,400,3227133.93,2025-01-11,2025-01-08 15:13:59,IDEMP-000000000682
683,OC-000000000683,1,2025-02-26 10:37:25,CONFIRMADA,10,387,2464389.72,2025-03-06,,IDEMP-000000000683
684,OC-000000000684,3,2024-07-29 10:31:20,ENTREGADA,7,762,198848.03,2024-07-31,2024-07-30 05:31:20,IDEMP-000000000684
685,OC-000000000685,28,2025-03-31 10:30:28,ENTREGADA,4,607,162334.8,2025-04-06,2025-03-31 16:30:28,IDEMP-000000000685
686,OC-000000000686,15,2024-12-29 07:09:27,ENTREGADA,4,93,673805.95,2025-01-07,2024-12-30 00:09:27,IDEMP-000000000686
687,OC-000000000687,7,2024-11-03 10:25:25,ENTREGADA,6,167,4778683.69,2024-11-13,2024-11-04 02:25:25,IDEMP-000000000687
688,OC-000000000688,13,2024-06-08 08:06:11,ENTREGADA,7,433,2457288.87,2024-06-17,2024-06-09 03:06:11,IDEMP-000000000688
689,OC-000000000689,8,2025-10-29 09:51:00,CONFIRMADA,6,583,3821446.76,2025-11-08,,IDEMP-000000000689
690,OC-000000000690,1,2025-11-04 09:18:05,CONFIRMADA,6,833,4597011.3,2025-11-13,,IDEMP-000000000690
691,OC-000000000691,3,2024-01-27 12:40:58,ENTREGADA,6,893,2757526.97,2024-02-04,2024-01-28 04:40:58,IDEMP-000000000691
692,OC-000000000692,63,2024-03-05 08:03:11,ENTREGADA,8,533,1045559.14,2024-03-11,2024-03-05 15:03:11,IDEMP-000000000692
693,OC-000000000693,14,2025-05-01 16:28:14,ENTREGADA,10,153,1357273.45,2025-05-08,2025-05-02 00:28:14,IDEMP-000000000693
694,OC-000000000694,1,2024-09-17 07:09:03,PENDIENTE,2,774,1038426.87,2024-09-22,,IDEMP-000000000694
695,OC-000000000695,66,2025-06-07 10:32:22,CONFIRMADA,9,359,3242008.87,2025-06-13,,IDEMP-000000000695
696,OC-000000000696,62,2024-11-20 09:42:45,ENTREGADA,7,40,2972313.22,2024-11-23,2024-11-21 06:42:45,IDEMP-000000000696
697,OC-000000000697,10,2024-06-15 10:54:25,CONFIRMADA,5,426,1452719.25,2024-06-19,,IDEMP-000000000697
698,OC-000000000698,1,2025-04-28 12:34:37,PENDIENTE,1,11,4942111.56,2025-05-05,,IDEMP-000000000698
699,OC-000000000699,63,2025-08-23 02:40:58,ENTREGADA,4,205,4152011.57,2025-08-30,2025-08-24 02:40:58,IDEMP-000000000699
700,OC-000000000700,41,2025-09-17 09:33:48,CONFIRMADA,10,619,4173180.1,2025-09-27,,IDEMP-000000000700
701,OC-000000000701,1,2025-07-01 08:53:35,ENTREGADA,3,698,698410.17,2025-07-05,2025-07-02 06:53:35,IDEMP-000000000701
702,OC-000000000702,31,2025-02-08 10:54:09,ENTREGADA,6,209,3403758.61,2025-02-14,2025-02-08 22:54:09,IDEMP-000000000702
703,OC-000000000703,3,2025-09-15 16:35:49,ENTREGADA,5,892,3252340.45,2025-09-18,2025-09-15 19:35:49,IDEMP-000000000703
704,OC-000000000704,6,2025-04-19 11:36:45,CONFIRMADA,10,474,380280.72,2025-04-20,,IDEMP-000000000704
705,OC-000000000705,34,2025-11-14 10:11:21,ENTREGADA,9,316,2428947.59,2025-11-17,2025-11-15 02:11:21,IDEMP-000000000705
706,OC-000000000706,2,2024-04-10 07:42:10,ENTREGADA,4,649,525340.34,2024-04-16,2024-04-10 18:42:10,IDEMP-000000000706
707,OC-000000000707,24,2025-10-30 08:39:10,ENTREGADA,3,450,901077.02,2025-11-06,2025-10-30 12:39:10,IDEMP-000000000707
708,OC-000000000708,49,2024-01-09 12:51:20,PENDIENTE,1,711,4701325.08,2024-01-15,,IDEMP-000000000708
709,OC-000000000709,42,2024-04-26 09:31:36,ENTREGADA,3,856,891787.64,2024-05-02,2024-04-26 20:31:36,IDEMP-000000000709
710,OC-000000000710,19,2025-11-22 08:45:55,ENTREGADA,8,156,2113764.87,2025-11-24,2025-11-22 09:45:55,IDEMP-000000000710
711,OC-000000000711,1,2024-04-15 09:38:37,ENTREGADA,9,468,819872.29,2024-04-24,2024-04-15 22:38:37,IDEMP-000000000711
712,OC-000000000712,2,2025-03-29 08:21:45,ENTREGADA,1,877,4832944.62,2025-03-31,2025-03-30 02:21:45,IDEMP-000000000712
713,OC-000000000713,1,2024-05-07 09:42:16,CONFIRMADA,4,263,4669868.62,2024-05-13,,IDEMP-000000000713
714,OC-000000000714,1,2025-09-04 06:18:55,ENTREGADA,8,479,3899521.43,2025-09-13,2025-09-04 18:18:55,IDEMP-000000000714
715,OC-000000000715,39,2025-11-29 08:10:49,PENDIENTE,9,386,3462281.6,2025-12-05,,IDEMP-000000000715
716,OC-000000000716,7,2025-01-16 10:08:21,ENTREGADA,6,45,2723519.22,2025-01-18,2025-01-17 00:08:21,IDEMP-000000000716
717,OC-000000000717,25,2025-05-16 12:14:56,ENTREGADA,1,621,1455509.12,2025-05-21,2025-05-16 16:14:56,IDEMP-000000000717
718,OC-000000000718,14,2025-03-26 10:53:08,CONFIRMADA,8,192,2723760.28,2025-04-03,,IDEMP-000000000718
719,OC-000000000719,1,2025-02-22 08:24:46,PENDIENTE,9,284,2339451.55,2025-02-25,,IDEMP-000000000719
720,OC-000000000720,11,2024-08-09 06:03:27,PENDIENTE,5,95,50963.73,2024-08-19,,IDEMP-000000000720
721,OC-000000000721,2,2024-11-28 08:26:36,ENTREGADA,5,258,3951240.64,2024-12-07,2024-11-28 18:26:36,IDEMP-000000000721
722,OC-000000000722,1,2025-07-11 08:17:38,ENTREGADA,3,117,4481743.81,2025-07-15,2025-07-11 18:17:38,IDEMP-000000000722
723,OC-000000000723,32,2025-04-06 06:39:01,ENTREGADA,8,733,3500267.32,2025-04-08,2025-04-06 19:39:01,IDEMP-000000000723
724,OC-000000000724,6,2024-12-02 10:26:02,ENTREGADA,7,496,4099115.43,2024-12-12,2024-12-03 01:26:02,IDEMP-000000000724
725,OC-000000000725,10,2024-08-19 10:09:56,ENTREGADA,7,485,3901705.72,2024-08-20,2024-08-20 07:09:56,IDEMP-000000000725
726,OC-000000000726,17,2025-01-29 10:33:07,ENTREGADA,2,979,3897410.0,2025-01-30,2025-01-30 00:33:07,IDEMP-000000000726
727,OC-000000000727,21,2025-05-21 12:22:42,ENTREGADA,6,963,655560.38,2025-05-30,2025-05-22 09:22:42,IDEMP-000000000727
728,OC-000000000728,1,2025-06-03 10:01:40,ENTREGADA,4,377,211563.34,2025-06-10,2025-06-04 03:01:40,IDEMP-000000000728
729,OC-000000000729,57,2025-03-18 02:53:05,PENDIENTE,5,760,4191235.9,2025-03-22,,IDEMP-000000000729
730,OC-000000000730,7,2024-02-04 11:11:42,ENTREGADA,1,261,4086817.65,2024-02-05,2024-02-04 21:11:42,IDEMP-000000000730
731,OC-000000000731,2,2025-08-04 10:17:44,CONFIRMADA,6,427,4934793.34,2025-08-08,,IDEMP-000000000731
732,OC-000000000732,2,2025-06-18 08:09:46,ENTREGADA,2,582,2640396.73,2025-06-26,2025-06-18 13:09:46,IDEMP-000000000732
733,OC-000000000733,3,2025-01-01 08:50:14,ENTREGADA,8,650,975075.76,2025-01-10,2025-01-01 20:50:14,IDEMP-000000000733
734,OC-000000000734,3,2024-06-06 07:52:56,ENTREGADA,9,942,2991169.67,2024-06-08,2024-06-07 03:52:56,IDEMP-000000000734
735,OC-000000000735,1,2025-09-08 09:24:46,ENTREGADA,8,941,2269489.88,2025-09-09,2025-09-08 11:24:46,IDEMP-000000000735
736,OC-000000000736,74,2025-11-25 10:32:57,CONFIRMADA,2,975,4749394.72,2025-11-30,,IDEMP-000000000736
737,OC-000000000737,17,2024-09-12 09:24:29,CONFIRMADA,9,846,250618.69,2024-09-16,,IDEMP-000000000737
738,OC-000000000738,1,2025-04-09 08:17:35,ENTREGADA,10,939,1239246.38,2025-04-16,2025-04-10 07:17:35,IDEMP-000000000738
739,OC-000000000739,38,2025-08-13 09:25:03,ENTREGADA,5,655,3432962.61,2025-08-19,2025-08-13 23:25:03,IDEMP-000000000739
740,OC-000000000740,2,2025-06-15 09:28:28,ENTREGADA,5,111,3083673.9,2025-06-19,2025-06-16 00:28:28,IDEMP-000000000740
741,OC-000000000741,8,2025-11-29 08:06:07,ENTREGADA,2,79,4748454.56,2025-12-09,2025-11-30 00:06:07,IDEMP-000000000741
742,OC-000000000742,25,2024-09-14 08:47:42,ENTREGADA,4,574,4778021.03,2024-09-18,2024-09-14 22:47:42,IDEMP-000000000742
743,OC-000000000743,1,2024-06-22 10:34:05,CONFIRMADA,9,883,1547281.56,2024-06-29,,IDEMP-000000000743
744,OC-000000000744,70,2025-06-14 13:45:41,CONFIRMADA,10,390,2198228.9,2025-06-20,,IDEMP-000000000744
745,OC-000000000745,13,2024-05-12 10:04:22,ENTREGADA,8,623,2225112.61,2024-05-21,2024-05-13 09:04:22,IDEMP-000000000745
746,OC-000000000746,1,2025-11-27 09:02:42,PENDIENTE,8,438,3388992.46,2025-12-07,,IDEMP-000000000746
747,OC-000000000747,4,2025-11-14 10:04:52,ENTREGADA,2,897,3621649.98,2025-11-15,2025-11-14 16:04:52,IDEMP-000000000747
748,OC-000000000748,6,2024-02-03 08:12:45,CONFIRMADA,10,937,1984105.9,2024-02-07,,IDEMP-000000000748
749,OC-000000000749,36,2024-05-18 15:51:22,CONFIRMADA,3,846,1007905.16,2024-05-19,,IDEMP-000000000749
750,OC-000000000750,2,2024-07-17 10:16:58,ENTREGADA,2,384,4878488.84,2024-07-18,2024-07-17 19:16:58,IDEMP-000000000750
751,OC-000000000751,8,2025-08-29 09:29:25,CANCELADA,2,880,2835828.89,2025-09-05,,IDEMP-000000000751
752,OC-000000000752,41,2025-01-14 07:53:11,ENTREGADA,9,611,2513363.51,2025-01-22,2025-01-15 01:53:11,IDEMP-000000000752
753,OC-000000000753,3,2025-11-24 12:30:37,ENTREGADA,1,192,4085973.19,2025-12-04,2025-11-24 19:30:37,IDEMP-000000000753
754,OC-000000000754,58,2025-10-05 09:32:39,ENTREGADA,8,628,1677505.57,2025-10-08,2025-10-06 08:32:39,IDEMP-000000000754
755,OC-000000000755,86,2024-02-26 11:09:55,ENTREGADA,2,361,3682445.88,2024-02-27,2024-02-26 20:09:55,IDEMP-000000000755
756,OC-000000000756,1,2024-12-04 13:25:04,ENTREGADA,4,630,3244548.22,2024-12-11,2024-12-04 19:25:04,IDEMP-000000000756
757,OC-000000000757,14,2025-01-18 10:50:21,ENTREGADA,9,933,1833555.83,2025-01-26,2025-01-19 06:50:21,IDEMP-000000000757
758,OC-000000000758,44,2024-01-01 09:55:12,ENTREGADA,8,956,229818.92,2024-01-02,2024-01-01 10:55:12,IDEMP-000000000758
759,OC-000000000759,14,2024-01-28 08:25:18,ENTREGADA,7,90,3282251.92,2024-02-05,2024-01-28 13:25:18,IDEMP-000000000759
760,OC-000000000760,2,2024-06-07 10:50:26,ENTREGADA,6,296,2100211.3,2024-06-08,2024-06-08 04:50:26,IDEMP-000000000760
761,OC-000000000761,64,2024-02-14 10:48:51,ENTREGADA,4,583,2647770.62,2024-02-17,2024-02-15 02:48:51,IDEMP-000000000761
762,OC-000000000762,7,2024-11-24 09:08:16,ENTREGADA,5,697,2432873.03,2024-11-26,2024-11-25 02:08:16,IDEMP-000000000762
763,OC-000000000763,1,2025-03-29 10:16:37,ENTREGADA,2,472,832816.54,2025-04-03,2025-03-30 08:16:37,IDEMP-000000000763
764,OC-000000000764,7,2024-01-20 11:10:17,ENTREGADA,5,135,4976403.67,2024-01-24,2024-01-21 04:10:17,IDEMP-000000000764
765,OC-000000000765,1,2025-12-20 08:51:23,ENTREGADA,1,74,1318355.34,2025-12-27,2025-12-20 17:51:23,IDEMP-000000000765
766,OC-000000000766,52,2025-12-25 09:56:49,ENTREGADA,2,519,4345415.72,2025-12-30,2025-12-25 22:56:49,IDEMP-000000000766
767,OC-000000000767,7,2025-08-05 10:54:53,CONFIRMADA,2,525,1143910.04,2025-08-09,,IDEMP-000000000767
768,OC-000000000768,1,2025-12-03 10:03:26,CONFIRMADA,5,175,3275933.85,2025-12-06,,IDEMP-000000000768
769,OC-000000000769,56,2025-12-01 10:14:00,ENTREGADA,10,773,2432918.21,2025-12-08,2025-12-01 20:14:00,IDEMP-000000000769
770,OC-000000000770,46,2024-10-09 08:51:19,PENDIENTE,4,412,3319063.83,2024-10-12,,IDEMP-000000000770
771,OC-000000000771,4,2025-05-29 09:29:07,PENDIENTE,10,794,1847149.58,2025-05-31,,IDEMP-000000000771
772,OC-000000000772,96,2024-06-26 13:16:31,PENDIENTE,9,952,4209164.85,2024-07-03,,IDEMP-000000000772
773,OC-000000000773,8,2025-05-24 09:22:09,CANCELADA,5,347,3932424.75,2025-05-31,,IDEMP-000000000773
774,OC-000000000774,4,2024-08-12 10:03:57,ENTREGADA,10,1000,3669729.1,2024-08-15,2024-08-12 21:03:57,IDEMP-000000000774
775,OC-000000000775,2,2024-07-22 15:02:12,ENTREGADA,6,319,440594.74,2024-07-24,2024-07-23 10:02:12,IDEMP-000000000775
776,OC-000000000776,18,2024-05-21 14:28:54,CONFIRMADA,5,967,615432.06,2024-05-22,,IDEMP-000000000776
777,OC-000000000777,5,2025-12-17 16:57:34,ENTREGADA,4,321,1262474.13,2025-12-20,2025-12-18 00:57:34,IDEMP-000000000777
778,OC-000000000778,3,2025-09-07 10:17:03,ENTREGADA,1,50,1469898.53,2025-09-16,2025-09-08 05:17:03,IDEMP-000000000778
779,OC-000000000779,16,2024-03-03 10:11:08,ENTREGADA,6,295,1745842.81,2024-03-11,2024-03-03 14:11:08,IDEMP-000000000779
780,OC-000000000780,8,2024-04-30 09:37:29,CONFIRMADA,6,934,4114740.45,2024-05-02,,IDEMP-000000000780
781,OC-000000000781,29,2025-10-28 08:58:43,CONFIRMADA,1,13,4253323.42,2025-11-05,,IDEMP-000000000781
782,OC-000000000782,71,2025-07-02 08:41:49,PENDIENTE,4,33,4706340.38,2025-07-03,,IDEMP-000000000782
783,OC-000000000783,78,2025-12-29 08:29:53,ENTREGADA,5,686,93344.32,2025-12-30,2025-12-30 08:29:53,IDEMP-000000000783
784,OC-000000000784,3,2024-07-30 10:52:35,ENTREGADA,7,972,486091.79,2024-08-02,2024-07-31 05:52:35,IDEMP-000000000784
785,OC-000000000785,2,2025-05-15 17:28:28,CONFIRMADA,5,845,317938.77,2025-05-20,,IDEMP-000000000785
786,OC-000000000786,10,2025-03-25 08:06:01,CONFIRMADA,5,128,2139254.81,2025-04-04,,IDEMP-000000000786
787,OC-000000000787,1,2024-06-15 09:24:46,ENTREGADA,2,696,1977891.85,2024-06-17,2024-06-15 14:24:46,IDEMP-000000000787
788,OC-000000000788,5,2024-02-14 17:49:30,ENTREGADA,8,498,3526125.45,2024-02-20,2024-02-14 21:49:30,IDEMP-000000000788
789,OC-000000000789,10,2025-11-05 09:06:07,ENTREGADA,7,307,3732529.75,2025-11-09,2025-11-05 20:06:07,IDEMP-000000000789
790,OC-000000000790,1,2024-04-01 09:03:02,CONFIRMADA,3,259,2938199.05,2024-04-03,,IDEMP-000000000790
791,OC-000000000791,17,2024-09-17 09:01:17,ENTREGADA,1,153,3354557.5,2024-09-24,2024-09-17 12:01:17,IDEMP-000000000791
792,OC-000000000792,1,2024-06-21 10:21:39,ENTREGADA,2,463,727906.19,2024-06-25,2024-06-22 02:21:39,IDEMP-000000000792
793,OC-000000000793,74,2025-05-27 10:09:58,CONFIRMADA,7,791,1612236.17,2025-05-30,,IDEMP-000000000793
794,OC-000000000794,2,2025-05-13 15:29:45,ENTREGADA,2,237,712152.55,2025-05-18,2025-05-14 04:29:45,IDEMP-000000000794
795,OC-000000000795,10,2025-02-23 11:11:17,ENTREGADA,6,979,2968278.57,2025-02-28,2025-02-24 02:11:17,IDEMP-000000000795
796,OC-000000000796,1,2024-10-13 08:02:31,ENTREGADA,7,305,4149463.74,2024-10-14,2024-10-14 03:02:31,IDEMP-000000000796
797,OC-000000000797,1,2025-09-22 10:17:43,ENTREGADA,8,732,3551979.18,2025-09-27,2025-09-22 12:17:43,IDEMP-000000000797
798,OC-000000000798,4,2024-02-01 10:38:35,CANCELADA,3,731,2650872.91,2024-02-09,,IDEMP-000000000798
799,OC-000000000799,13,2024-05-22 10:27:12,CONFIRMADA,1,87,3665706.28,2024-05-25,,IDEMP-000000000799
800,OC-000000000800,3,2025-03-20 08:43:37,CANCELADA,1,767,2621729.87,2025-03-26,,IDEMP-000000000800
801,OC-000000000801,2,2025-12-04 06:37:48,CONFIRMADA,1,92,2110016.51,2025-12-11,,IDEMP-000000000801
802,OC-000000000802,1,2025-10-22 09:24:54,PENDIENTE,10,779,4863089.14,2025-10-27,,IDEMP-000000000802
803,OC-000000000803,10,2025-04-13 10:46:32,ENTREGADA,2,65,1453988.21,2025-04-14,2025-04-13 11:46:32,IDEMP-000000000803
804,OC-000000000804,5,2025-10-27 13:00:56,ENTREGADA,2,543,1922452.88,2025-11-05,2025-10-28 03:00:56,IDEMP-000000000804
805,OC-000000000805,75,2024-12-07 12:59:29,ENTREGADA,5,636,2711724.98,2024-12-09,2024-12-07 19:59:29,IDEMP-000000000805
806,OC-000000000806,15,2024-04-27 10:24:02,CONFIRMADA,10,52,4243872.4,2024-04-29,,IDEMP-000000000806
807,OC-000000000807,6,2024-05-22 08:58:17,ENTREGADA,7,834,3297143.75,2024-05-27,2024-05-23 08:58:17,IDEMP-000000000807
808,OC-000000000808,4,2025-01-29 10:40:08,ENTREGADA,8,165,201641.74,2025-02-04,2025-01-30 09:40:08,IDEMP-000000000808
809,OC-000000000809,25,2025-02-23 10:57:17,ENTREGADA,8,197,65296.49,2025-03-02,2025-02-23 17:57:17,IDEMP-000000000809
810,OC-000000000810,20,2025-11-17 09:45:45,ENTREGADA,6,912,1646249.65,2025-11-18,2025-11-18 09:45:45,IDEMP-000000000810
811,OC-000000000811,14,2025-04-24 06:04:31,ENTREGADA,4,529,92315.56,2025-05-03,2025-04-25 03:04:31,IDEMP-000000000811
812,OC-000000000812,32,2024-04-14 09:35:06,ENTREGADA,9,386,391761.91,2024-04-22,2024-04-14 11:35:06,IDEMP-000000000812
813,OC-000000000813,9,2025-08-25 16:24:08,CONFIRMADA,10,96,3569993.02,2025-08-28,,IDEMP-000000000813
814,OC-000000000814,5,2025-08-03 08:23:57,ENTREGADA,5,699,1080365.97,2025-08-05,2025-08-04 01:23:57,IDEMP-000000000814
815,OC-000000000815,15,2024-07-01 09:39:58,ENTREGADA,5,433,2217257.96,2024-07-06,2024-07-01 20:39:58,IDEMP-000000000815
816,OC-000000000816,2,2025-07-10 08:10:15,ENTREGADA,1,968,40644.72,2025-07-11,2025-07-10 10:10:15,IDEMP-000000000816
817,OC-000000000817,37,2025-08-08 09:57:39,ENTREGADA,1,549,4142770.09,2025-08-16,2025-08-09 08:57:39,IDEMP-000000000817
818,OC-000000000818,30,2024-07-24 08:23:44,ENTREGADA,1,268,4635298.23,2024-07-31,2024-07-24 21:23:44,IDEMP-000000000818
819,OC-000000000819,49,2025-09-11 09:58:01,ENTREGADA,4,623,4047033.74,2025-09-21,2025-09-12 02:58:01,IDEMP-000000000819
820,OC-000000000820,5,2025-10-29 08:09:13,ENTREGADA,9,360,2794698.49,2025-10-30,2025-10-29 15:09:13,IDEMP-000000000820
821,OC-000000000821,9,2024-08-03 10:11:04,ENTREGADA,10,812,1776448.52,2024-08-08,2024-08-04 02:11:04,IDEMP-000000000821
822,OC-000000000822,1,2025-12-29 08:11:54,ENTREGADA,9,232,3267433.75,2026-01-03,2025-12-29 12:11:54,IDEMP-000000000822
823,OC-000000000823,54,2024-03-23 08:52:17,ENTREGADA,7,141,4426612.71,2024-03-30,2024-03-23 19:52:17,IDEMP-000000000823
824,OC-000000000824,4,2024-10-31 10:13:33,ENTREGADA,9,885,325179.69,2024-11-03,2024-11-01 07:13:33,IDEMP-000000000824
825,OC-000000000825,2,2024-08-03 09:04:52,ENTREGADA,6,44,410169.43,2024-08-10,2024-08-04 09:04:52,IDEMP-000000000825
826,OC-000000000826,55,2024-04-07 17:29:22,ENTREGADA,3,629,4398192.32,2024-04-15,2024-04-08 00:29:22,IDEMP-000000000826
827,OC-000000000827,5,2024-04-25 09:30:45,ENTREGADA,3,787,3299905.58,2024-04-26,2024-04-25 21:30:45,IDEMP-000000000827
828,OC-000000000828,1,2024-07-27 13:26:05,ENTREGADA,5,111,641365.07,2024-07-30,2024-07-27 22:26:05,IDEMP-000000000828
829,OC-000000000829,4,2025-08-20 10:54:44,ENTREGADA,2,780,1394516.2,2025-08-28,2025-08-21 02:54:44,IDEMP-000000000829
830,OC-000000000830,3,2024-10-02 10:35:46,ENTREGADA,9,16,4244568.01,2024-10-12,2024-10-03 06:35:46,IDEMP-000000000830
831,OC-000000000831,4,2025-05-26 08:42:34,ENTREGADA,7,146,992807.32,2025-06-04,2025-05-26 15:42:34,IDEMP-000000000831
832,OC-000000000832,2,2025-03-27 10:41:44,ENTREGADA,8,530,4030925.59,2025-03-30,2025-03-27 19:41:44,IDEMP-000000000832
833,OC-000000000833,1,2025-03-25 09:43:57,ENTREGADA,3,367,778645.13,2025-03-30,2025-03-25 22:43:57,IDEMP-000000000833
834,OC-000000000834,12,2025-05-10 08:41:06,ENTREGADA,2,914,1039103.64,2025-05-15,2025-05-11 03:41:06,IDEMP-000000000834
835,OC-000000000835,1,2024-12-11 09:04:22,CONFIRMADA,2,957,2479841.72,2024-12-17,,IDEMP-000000000835
836,OC-000000000836,90,2025-05-03 10:10:04,CONFIRMADA,8,649,642102.95,2025-05-13,,IDEMP-000000000836
837,OC-000000000837,25,2025-01-29 08:27:23,ENTREGADA,1,284,2997464.09,2025-02-01,2025-01-29 16:27:23,IDEMP-000000000837
838,OC-000000000838,9,2025-04-14 09:30:03,ENTREGADA,7,498,4527826.6,2025-04-23,2025-04-15 08:30:03,IDEMP-000000000838
839,OC-000000000839,16,2024-06-28 09:34:07,ENTREGADA,10,123,1988563.23,2024-07-03,2024-06-28 10:34:07,IDEMP-000000000839
840,OC-000000000840,40,2024-11-17 09:31:07,ENTREGADA,7,225,4565995.58,2024-11-23,2024-11-18 06:31:07,IDEMP-000000000840
841,OC-000000000841,5,2025-11-14 10:06:19,ENTREGADA,5,845,2753225.68,2025-11-20,2025-11-14 16:06:19,IDEMP-000000000841
842,OC-000000000842,2,2024-10-25 09:53:08,ENTREGADA,6,816,2358221.52,2024-10-29,2024-10-25 19:53:08,IDEMP-000000000842
843,OC-000000000843,18,2025-07-13 10:24:09,ENTREGADA,4,748,1789236.08,2025-07-17,2025-07-13 22:24:09,IDEMP-000000000843
844,OC-000000000844,6,2024-03-09 10:28:03,ENTREGADA,10,199,937956.08,2024-03-12,2024-03-10 07:28:03,IDEMP-000000000844
845,OC-000000000845,12,2025-12-10 09:11:14,ENTREGADA,2,15,2797987.2,2025-12-14,2025-12-10 19:11:14,IDEMP-000000000845
846,OC-000000000846,1,2024-01-15 07:30:23,ENTREGADA,1,319,2411758.49,2024-01-20,2024-01-15 11:30:23,IDEMP-000000000846
847,OC-000000000847,28,2024-05-26 09:33:52,ENTREGADA,1,229,1459394.58,2024-06-03,2024-05-26 17:33:52,IDEMP-000000000847
848,OC-000000000848,1,2025-02-22 10:16:22,ENTREGADA,7,621,4593014.87,2025-02-25,2025-02-23 05:16:22,IDEMP-000000000848
849,OC-000000000849,5,2025-06-16 09:09:53,CONFIRMADA,5,471,3479958.07,2025-06-25,,IDEMP-000000000849
850,OC-000000000850,3,2024-03-08 09:15:32,ENTREGADA,7,49,1191314.09,2024-03-13,2024-03-08 17:15:32,IDEMP-000000000850
851,OC-000000000851,78,2024-08-23 08:38:53,CONFIRMADA,7,816,2253134.49,2024-08-29,,IDEMP-000000000851
852,OC-000000000852,15,2024-05-01 13:54:57,ENTREGADA,2,79,3516637.29,2024-05-11,2024-05-02 12:54:57,IDEMP-000000000852
853,OC-000000000853,9,2025-07-24 09:39:18,CONFIRMADA,10,639,4264624.77,2025-07-25,,IDEMP-000000000853
854,OC-000000000854,87,2024-01-06 06:37:48,ENTREGADA,6,26,66142.52,2024-01-11,2024-01-06 10:37:48,IDEMP-000000000854
855,OC-000000000855,2,2025-11-16 08:20:58,ENTREGADA,6,730,912871.58,2025-11-21,2025-11-17 00:20:58,IDEMP-000000000855
856,OC-000000000856,1,2024-03-06 10:00:59,CONFIRMADA,5,306,307745.86,2024-03-09,,IDEMP-000000000856
857,OC-000000000857,1,2025-01-03 09:00:24,ENTREGADA,7,504,1705504.94,2025-01-07,2025-01-04 00:00:24,IDEMP-000000000857
858,OC-000000000858,1,2024-04-06 15:09:51,ENTREGADA,3,397,2645172.93,2024-04-15,2024-04-06 16:09:51,IDEMP-000000000858
859,OC-000000000859,50,2025-04-06 14:36:23,ENTREGADA,7,65,3992564.48,2025-04-15,2025-04-07 08:36:23,IDEMP-000000000859
860,OC-000000000860,5,2024-07-30 09:05:25,ENTREGADA,8,887,3238003.58,2024-08-05,2024-07-31 00:05:25,IDEMP-000000000860
861,OC-000000000861,2,2024-10-21 16:30:04,ENTREGADA,1,485,1731353.18,2024-10-23,2024-10-22 05:30:04,IDEMP-000000000861
862,OC-000000000862,51,2025-08-26 08:43:38,CONFIRMADA,8,219,3807412.66,2025-09-05,,IDEMP-000000000862
863,OC-000000000863,54,2024-03-25 10:50:01,ENTREGADA,9,514,975032.0,2024-04-01,2024-03-26 03:50:01,IDEMP-000000000863
864,OC-000000000864,9,2025-01-30 09:15:33,CONFIRMADA,1,680,863816.18,2025-02-02,,IDEMP-000000000864
865,OC-000000000865,22,2025-05-15 09:51:20,CONFIRMADA,4,261,3499210.99,2025-05-16,,IDEMP-000000000865
866,OC-000000000866,17,2025-04-16 08:59:46,ENTREGADA,5,400,184285.77,2025-04-26,2025-04-16 14:59:46,IDEMP-000000000866
867,OC-000000000867,3,2025-08-25 14:42:00,ENTREGADA,3,752,2134148.28,2025-08-31,2025-08-26 03:42:00,IDEMP-000000000867
868,OC-000000000868,1,2024-08-24 08:34:52,ENTREGADA,4,903,1884285.57,2024-09-01,2024-08-25 02:34:52,IDEMP-000000000868
869,OC-000000000869,1,2024-10-14 08:58:38,ENTREGADA,10,892,16279.05,2024-10-21,2024-10-15 05:58:38,IDEMP-000000000869
870,OC-000000000870,45,2025-05-13 10:34:36,ENTREGADA,7,304,1647547.21,2025-05-16,2025-05-14 01:34:36,IDEMP-000000000870
871,OC-000000000871,61,2024-09-17 10:49:10,ENTREGADA,4,796,2342331.69,2024-09-25,2024-09-17 23:49:10,IDEMP-000000000871
872,OC-000000000872,1,2024-09-15 08:31:23,CONFIRMADA,1,432,589256.58,2024-09-23,,IDEMP-000000000872
873,OC-000000000873,12,2025-11-14 09:34:55,ENTREGADA,1,251,1442017.26,2025-11-17,2025-11-14 14:34:55,IDEMP-000000000873
874,OC-000000000874,5,2025-10-23 12:24:18,ENTREGADA,5,973,2527097.84,2025-10-30,2025-10-24 11:24:18,IDEMP-000000000874
875,OC-000000000875,1,2024-05-20 10:58:19,PENDIENTE,8,37,4418218.26,2024-05-23,,IDEMP-000000000875
876,OC-000000000876,16,2024-09-13 10:43:42,ENTREGADA,3,958,3181379.66,2024-09-15,2024-09-13 22:43:42,IDEMP-000000000876
877,OC-000000000877,36,2024-12-29 10:20:31,ENTREGADA,8,244,1654364.49,2025-01-06,2024-12-29 16:20:31,IDEMP-000000000877
878,OC-000000000878,87,2024-05-24 08:14:51,CONFIRMADA,10,400,4868678.71,2024-06-01,,IDEMP-000000000878
879,OC-000000000879,74,2024-02-28 09:42:28,CONFIRMADA,2,585,853241.63,2024-03-03,,IDEMP-000000000879
880,OC-000000000880,2,2025-03-14 08:34:53,ENTREGADA,3,66,2594837.11,2025-03-17,2025-03-14 11:34:53,IDEMP-000000000880
881,OC-000000000881,8,2025-04-22 14:07:31,ENTREGADA,3,797,3442934.4,2025-05-01,2025-04-22 19:07:31,IDEMP-000000000881
882,OC-000000000882,1,2024-09-12 14:05:32,CONFIRMADA,9,319,1251399.51,2024-09-14,,IDEMP-000000000882
883,OC-000000000883,100,2024-02-24 10:13:02,ENTREGADA,8,757,4746696.09,2024-02-29,2024-02-24 16:13:02,IDEMP-000000000883
884,OC-000000000884,15,2024-01-09 12:01:57,ENTREGADA,1,474,4500082.52,2024-01-15,2024-01-10 09:01:57,IDEMP-000000000884
885,OC-000000000885,21,2024-11-18 03:56:57,ENTREGADA,7,591,3112724.28,2024-11-23,2024-11-18 14:56:57,IDEMP-000000000885
886,OC-000000000886,2,2025-03-19 08:20:02,ENTREGADA,4,479,4476032.27,2025-03-29,2025-03-20 01:20:02,IDEMP-000000000886
887,OC-000000000887,31,2024-02-02 07:49:27,ENTREGADA,2,493,3356693.23,2024-02-10,2024-02-02 21:49:27,IDEMP-000000000887
888,OC-000000000888,39,2025-01-10 09:47:03,ENTREGADA,1,918,635058.29,2025-01-12,2025-01-10 17:47:03,IDEMP-000000000888
889,OC-000000000889,36,2025-09-30 14:38:03,ENTREGADA,5,332,4421616.01,2025-10-05,2025-10-01 10:38:03,IDEMP-000000000889
890,OC-000000000890,2,2025-08-26 09:30:15,ENTREGADA,8,483,4708574.42,2025-08-29,2025-08-26 13:30:15,IDEMP-000000000890
891,OC-000000000891,20,2025-11-13 10:53:35,ENTREGADA,1,352,626228.54,2025-11-15,2025-11-14 03:53:35,IDEMP-000000000891
892,OC-000000000892,15,2025-01-10 05:08:16,CONFIRMADA,5,134,1913330.01,2025-01-13,,IDEMP-000000000892
893,OC-000000000893,17,2024-06-19 08:48:41,CONFIRMADA,1,311,2749783.26,2024-06-20,,IDEMP-000000000893
894,OC-000000000894,43,2024-08-05 09:46:35,CONFIRMADA,2,39,2772117.47,2024-08-08,,IDEMP-000000000894
895,OC-000000000895,12,2025-03-10 09:50:07,ENTREGADA,2,50,3529592.6,2025-03-19,2025-03-11 03:50:07,IDEMP-000000000895
896,OC-000000000896,11,2024-01-11 11:47:24,ENTREGADA,7,505,2486079.44,2024-01-21,2024-01-12 11:47:24,IDEMP-000000000896
897,OC-000000000897,3,2025-07-07 08:22:22,PENDIENTE,3,655,4272412.75,2025-07-17,,IDEMP-000000000897
898,OC-000000000898,6,2024-10-04 08:13:11,ENTREGADA,2,499,399823.59,2024-10-05,2024-10-05 08:13:11,IDEMP-000000000898
899,OC-000000000899,24,2024-05-18 06:26:48,ENTREGADA,9,126,3116445.67,2024-05-28,2024-05-18 19:26:48,IDEMP-000000000899
900,OC-000000000900,5,2025-10-01 09:52:05,ENTREGADA,5,504,2967335.9,2025-10-07,2025-10-01 21:52:05,IDEMP-000000000900
901,OC-000000000901,8,2025-08-17 10:42:23,CONFIRMADA,8,687,2554907.52,2025-08-27,,IDEMP-000000000901
902,OC-000000000902,1,2024-09-11 08:41:02,CANCELADA,4,810,1149391.19,2024-09-15,,IDEMP-000000000902
903,OC-000000000903,9,2025-04-24 10:58:44,PENDIENTE,8,880,1754392.98,2025-04-29,,IDEMP-000000000903
904,OC-000000000904,9,2025-04-26 00:19:17,CONFIRMADA,7,703,1168061.3,2025-05-06,,IDEMP-000000000904
905,OC-000000000905,45,2025-09-15 09:09:51,CANCELADA,10,907,2103193.39,2025-09-25,,IDEMP-000000000905
906,OC-000000000906,7,2024-05-27 08:40:58,ENTREGADA,4,715,4647238.91,2024-05-29,2024-05-27 21:40:58,IDEMP-000000000906
907,OC-000000000907,2,2024-08-21 13:34:34,ENTREGADA,6,300,3470409.13,2024-08-25,2024-08-21 22:34:34,IDEMP-000000000907
908,OC-000000000908,7,2025-03-28 10:05:31,ENTREGADA,2,479,1159613.98,2025-03-31,2025-03-28 19:05:31,IDEMP-000000000908
909,OC-000000000909,4,2024-08-02 14:59:55,ENTREGADA,7,725,962369.6,2024-08-07,2024-08-03 00:59:55,IDEMP-000000000909
910,OC-000000000910,1,2024-02-08 09:42:30,CONFIRMADA,7,626,3239508.66,2024-02-13,,IDEMP-000000000910
911,OC-000000000911,18,2025-08-17 10:34:23,ENTREGADA,5,632,1668747.09,2025-08-26,2025-08-18 00:34:23,IDEMP-000000000911
912,OC-000000000912,44,2025-06-09 08:51:04,ENTREGADA,10,519,2935310.59,2025-06-11,2025-06-09 09:51:04,IDEMP-000000000912
913,OC-000000000913,30,2025-10-07 08:39:10,ENTREGADA,6,542,641450.18,2025-10-10,2025-10-07 23:39:10,IDEMP-000000000913
914,OC-000000000914,12,2024-03-05 10:49:34,ENTREGADA,8,577,2212895.45,2024-03-09,2024-03-06 07:49:34,IDEMP-000000000914
915,OC-000000000915,1,2025-01-22 08:48:12,ENTREGADA,7,867,2208477.33,2025-01-31,2025-01-23 05:48:12,IDEMP-000000000915
916,OC-000000000916,2,2024-01-29 10:58:52,CONFIRMADA,10,245,3473301.45,2024-01-31,,IDEMP-000000000916
917,OC-000000000917,20,2024-11-27 12:56:55,CONFIRMADA,2,459,254120.21,2024-12-03,,IDEMP-000000000917
918,OC-000000000918,1,2025-03-20 10:12:57,ENTREGADA,10,34,525872.01,2025-03-21,2025-03-21 06:12:57,IDEMP-000000000918
919,OC-000000000919,1,2024-09-29 10:51:33,CONFIRMADA,5,64,4520867.88,2024-10-09,,IDEMP-000000000919
920,OC-000000000920,42,2024-10-11 16:26:33,ENTREGADA,8,460,1756251.05,2024-10-19,2024-10-12 11:26:33,IDEMP-000000000920
921,OC-000000000921,2,2024-05-22 10:39:25,ENTREGADA,7,454,1519613.24,2024-05-26,2024-05-22 18:39:25,IDEMP-000000000921
922,OC-000000000922,26,2024-01-09 12:25:01,ENTREGADA,2,92,4093558.6,2024-01-11,2024-01-09 21:25:01,IDEMP-000000000922
923,OC-000000000923,10,2024-06-30 08:01:58,ENTREGADA,2,528,454955.11,2024-07-09,2024-07-01 06:01:58,IDEMP-000000000923
924,OC-000000000924,28,2024-12-05 08:29:43,ENTREGADA,3,788,285436.44,2024-12-14,2024-12-06 05:29:43,IDEMP-000000000924
925,OC-000000000925,22,2024-01-11 08:14:01,ENTREGADA,4,469,852606.24,2024-01-14,2024-01-11 14:14:01,IDEMP-000000000925
926,OC-000000000926,1,2024-06-07 09:57:42,ENTREGADA,5,914,2661131.26,2024-06-14,2024-06-07 20:57:42,IDEMP-000000000926
927,OC-000000000927,15,2025-02-27 08:11:46,ENTREGADA,9,896,306066.87,2025-03-02,2025-02-27 19:11:46,IDEMP-000000000927
928,OC-000000000928,59,2025-05-06 08:59:10,ENTREGADA,10,302,436703.83,2025-05-07,2025-05-06 20:59:10,IDEMP-000000000928
929,OC-000000000929,13,2024-11-14 09:15:07,ENTREGADA,1,829,659658.44,2024-11-24,2024-11-14 19:15:07,IDEMP-000000000929
930,OC-000000000930,1,2024-02-20 10:24:14,ENTREGADA,10,341,924458.46,2024-03-01,2024-02-20 19:24:14,IDEMP-000000000930
931,OC-000000000931,8,2025-10-31 08:48:17,CONFIRMADA,9,350,789568.23,2025-11-06,,IDEMP-000000000931
932,OC-000000000932,52,2025-05-04 09:35:47,CONFIRMADA,5,223,2482460.51,2025-05-13,,IDEMP-000000000932
933,OC-000000000933,4,2025-11-16 09:13:29,ENTREGADA,10,240,2926608.51,2025-11-18,2025-11-16 15:13:29,IDEMP-000000000933
934,OC-000000000934,51,2025-10-25 09:16:29,CONFIRMADA,1,348,4942921.81,2025-10-26,,IDEMP-000000000934
935,OC-000000000935,8,2024-01-15 09:13:22,ENTREGADA,4,302,1691041.73,2024-01-24,2024-01-16 04:13:22,IDEMP-000000000935
936,OC-000000000936,80,2025-01-12 08:49:43,ENTREGADA,4,75,2902998.1,2025-01-15,2025-01-12 17:49:43,IDEMP-000000000936
937,OC-000000000937,81,2025-10-31 09:17:32,PENDIENTE,6,998,4665343.57,2025-11-10,,IDEMP-000000000937
938,OC-000000000938,1,2024-04-12 11:29:43,CONFIRMADA,4,191,3334533.79,2024-04-14,,IDEMP-000000000938
939,OC-000000000939,2,2025-06-18 08:19:52,ENTREGADA,10,684,1919013.34,2025-06-21,2025-06-19 07:19:52,IDEMP-000000000939
940,OC-000000000940,16,2025-12-02 09:16:09,CANCELADA,5,214,402328.91,2025-12-10,,IDEMP-000000000940
941,OC-000000000941,36,2024-08-01 14:11:24,ENTREGADA,6,550,1790752.74,2024-08-05,2024-08-01 18:11:24,IDEMP-000000000941
942,OC-000000000942,39,2024-09-24 07:19:20,CANCELADA,5,603,646384.38,2024-09-26,,IDEMP-000000000942
943,OC-000000000943,1,2024-11-07 10:09:38,CONFIRMADA,8,108,2055029.05,2024-11-17,,IDEMP-000000000943
944,OC-000000000944,2,2024-03-16 10:43:00,ENTREGADA,5,551,943859.57,2024-03-26,2024-03-17 03:43:00,IDEMP-000000000944
945,OC-000000000945,90,2024-09-26 10:13:45,CONFIRMADA,10,600,2676657.28,2024-10-03,,IDEMP-000000000945
946,OC-000000000946,7,2025-12-08 08:26:31,CONFIRMADA,7,117,4524910.86,2025-12-16,,IDEMP-000000000946
947,OC-000000000947,23,2024-11-05 09:11:23,ENTREGADA,1,865,1390168.11,2024-11-08,2024-11-06 05:11:23,IDEMP-000000000947
948,OC-000000000948,22,2025-12-09 10:11:22,ENTREGADA,2,649,167985.44,2025-12-13,2025-12-09 16:11:22,IDEMP-000000000948
949,OC-000000000949,19,2025-02-03 10:26:09,CONFIRMADA,1,543,2560951.86,2025-02-08,,IDEMP-000000000949
950,OC-000000000950,4,2024-01-11 07:59:56,CONFIRMADA,3,486,241626.34,2024-01-16,,IDEMP-000000000950
951,OC-000000000951,7,2025-09-08 10:14:39,CONFIRMADA,9,865,2542845.22,2025-09-10,,IDEMP-000000000951
952,OC-000000000952,11,2025-09-29 09:23:32,ENTREGADA,6,829,834225.48,2025-10-07,2025-09-30 03:23:32,IDEMP-000000000952
953,OC-000000000953,33,2024-02-06 10:06:15,ENTREGADA,5,348,1741366.64,2024-02-09,2024-02-07 01:06:15,IDEMP-000000000953
954,OC-000000000954,60,2024-12-14 08:26:15,ENTREGADA,4,599,4564492.9,2024-12-23,2024-12-15 02:26:15,IDEMP-000000000954
955,OC-000000000955,4,2025-08-30 06:15:38,ENTREGADA,5,865,1314447.37,2025-09-08,2025-08-30 20:15:38,IDEMP-000000000955
956,OC-000000000956,2,2025-04-23 08:30:32,ENTREGADA,7,655,3929578.19,2025-05-03,2025-04-23 13:30:32,IDEMP-000000000956
957,OC-000000000957,7,2025-04-28 10:26:54,CONFIRMADA,1,803,1320850.66,2025-05-08,,IDEMP-000000000957
958,OC-000000000958,7,2025-07-11 08:32:25,ENTREGADA,1,35,4206277.03,2025-07-15,2025-07-11 15:32:25,IDEMP-000000000958
959,OC-000000000959,5,2025-06-23 15:05:54,ENTREGADA,8,786,4880362.56,2025-07-02,2025-06-24 02:05:54,IDEMP-000000000959
960,OC-000000000960,5,2025-02-19 10:13:06,ENTREGADA,5,627,1322056.31,2025-02-27,2025-02-20 00:13:06,IDEMP-000000000960
961,OC-000000000961,34,2024-04-16 09:14:28,ENTREGADA,4,47,1220357.92,2024-04-18,2024-04-16 19:14:28,IDEMP-000000000961
962,OC-000000000962,5,2024-08-27 10:51:46,ENTREGADA,1,538,476805.5,2024-08-31,2024-08-28 07:51:46,IDEMP-000000000962
963,OC-000000000963,2,2025-06-23 08:28:35,CONFIRMADA,3,236,1453910.39,2025-06-26,,IDEMP-000000000963
964,OC-000000000964,27,2024-09-01 10:02:22,ENTREGADA,4,965,1358500.0,2024-09-09,2024-09-01 20:02:22,IDEMP-000000000964
965,OC-000000000965,64,2024-08-19 10:03:53,ENTREGADA,10,799,155845.05,2024-08-27,2024-08-20 07:03:53,IDEMP-000000000965
966,OC-000000000966,1,2024-12-25 08:01:04,ENTREGADA,10,675,1518014.54,2025-01-03,2024-12-25 18:01:04,IDEMP-000000000966
967,OC-000000000967,25,2025-02-17 08:48:08,ENTREGADA,10,973,4065816.11,2025-02-27,2025-02-17 17:48:08,IDEMP-000000000967
968,OC-000000000968,9,2025-09-29 09:44:33,CONFIRMADA,2,127,4269982.18,2025-10-03,,IDEMP-000000000968
969,OC-000000000969,5,2025-03-28 08:00:17,ENTREGADA,5,636,1547724.85,2025-04-04,2025-03-28 14:00:17,IDEMP-000000000969
970,OC-000000000970,6,2025-02-22 07:32:29,CONFIRMADA,10,925,2727085.92,2025-03-01,,IDEMP-000000000970
971,OC-000000000971,1,2025-02-14 10:10:35,ENTREGADA,7,571,1022155.84,2025-02-22,2025-02-14 19:10:35,IDEMP-000000000971
972,OC-000000000972,12,2025-01-17 14:55:20,PENDIENTE,1,220,3968502.33,2025-01-21,,IDEMP-000000000972
973,OC-000000000973,7,2024-10-13 11:58:43,ENTREGADA,6,197,4466993.69,2024-10-17,2024-10-14 04:58:43,IDEMP-000000000973
974,OC-000000000974,5,2025-02-02 10:31:00,ENTREGADA,7,790,2357997.41,2025-02-06,2025-02-03 05:31:00,IDEMP-000000000974
975,OC-000000000975,39,2025-09-19 07:59:42,ENTREGADA,10,70,2866228.81,2025-09-25,2025-09-20 03:59:42,IDEMP-000000000975
976,OC-000000000976,61,2024-06-10 08:24:20,ENTREGADA,1,362,2780694.99,2024-06-13,2024-06-10 09:24:20,IDEMP-000000000976
977,OC-000000000977,82,2024-06-10 09:15:18,ENTREGADA,7,235,2957524.49,2024-06-12,2024-06-10 19:15:18,IDEMP-000000000977
978,OC-000000000978,12,2025-03-18 09:19:11,ENTREGADA,1,481,4849645.07,2025-03-19,2025-03-18 13:19:11,IDEMP-000000000978
979,OC-000000000979,3,2024-07-15 09:36:36,ENTREGADA,7,735,4373801.66,2024-07-17,2024-07-16 00:36:36,IDEMP-000000000979
980,OC-000000000980,19,2025-07-14 08:08:08,ENTREGADA,8,221,1443517.04,2025-07-17,2025-07-14 11:08:08,IDEMP-000000000980
981,OC-000000000981,7,2025-12-14 09:10:22,ENTREGADA,1,504,3832401.5,2025-12-17,2025-12-14 21:10:22,IDEMP-000000000981
982,OC-000000000982,23,2025-11-25 13:17:31,ENTREGADA,8,274,1332151.16,2025-12-05,2025-11-25 15:17:31,IDEMP-000000000982
983,OC-000000000983,4,2025-06-30 08:27:01,ENTREGADA,8,760,4686192.33,2025-07-01,2025-06-30 18:27:01,IDEMP-000000000983
984,OC-000000000984,1,2024-09-04 11:54:15,CONFIRMADA,10,207,1504408.99,2024-09-10,,IDEMP-000000000984
985,OC-000000000985,1,2025-06-02 09:09:18,CONFIRMADA,7,486,867941.88,2025-06-11,,IDEMP-000000000985
986,OC-000000000986,2,2025-05-31 08:23:01,ENTREGADA,5,352,3625047.35,2025-06-04,2025-06-01 07:23:01,IDEMP-000000000986
987,OC-000000000987,18,2025-10-04 08:13:58,ENTREGADA,6,297,4479370.77,2025-10-05,2025-10-04 20:13:58,IDEMP-000000000987
988,OC-000000000988,15,2024-05-31 12:51:33,ENTREGADA,1,742,4894591.4,2024-06-03,2024-05-31 21:51:33,IDEMP-000000000988
989,OC-000000000989,1,2025-10-05 08:18:34,ENTREGADA,2,72,2209371.14,2025-10-12,2025-10-06 05:18:34,IDEMP-000000000989
990,OC-000000000990,1,2024-08-17 17:20:00,PENDIENTE,3,611,1519522.27,2024-08-24,,IDEMP-000000000990
991,OC-000000000991,2,2024-09-23 09:53:44,CONFIRMADA,3,409,70730.71,2024-10-02,,IDEMP-000000000991
992,OC-000000000992,62,2025-11-12 08:11:36,ENTREGADA,1,985,4304185.49,2025-11-13,2025-11-13 08:11:36,IDEMP-000000000992
993,OC-000000000993,4,2024-06-23 10:45:17,ENTREGADA,8,109,506506.54,2024-06-28,2024-06-24 01:45:17,IDEMP-000000000993
994,OC-000000000994,18,2025-09-09 08:09:18,ENTREGADA,7,789,2433618.64,2025-09-15,2025-09-09 23:09:18,IDEMP-000000000994
995,OC-000000000995,1,2025-11-16 08:53:55,PENDIENTE,10,682,2380033.81,2025-11-26,,IDEMP-000000000995
996,OC-000000000996,4,2024-10-07 07:20:29,ENTREGADA,5,320,3182891.4,2024-10-11,2024-10-07 22:20:29,IDEMP-000000000996
997,OC-000000000997,7,2024-12-10 09:47:13,ENTREGADA,4,60,341950.34,2024-12-15,2024-12-10 15:47:13,IDEMP-000000000997
998,OC-000000000998,46,2025-05-27 17:41:03,CONFIRMADA,3,704,2456887.83,2025-05-29,,IDEMP-000000000998
999,OC-000000000999,15,2024-07-26 07:31:56,CONFIRMADA,7,45,2731219.97,2024-08-03,,IDEMP-000000000999
1000,OC-000000001000,42,2024-07-02 17:41:07,ENTREGADA,3,699,4389682.85,2024-07-11,2024-07-02 22:41:07,IDEMP-000000001000
