id,proveedor_id,sku_id,precio_negociado,fecha_inicio,fecha_fin,estado
1,1,14,337086.63,2024-01-01,2025-12-31,ACTIVO
2,1,312,319078.49,2024-01-01,2025-12-31,ACTIVO
3,1,125,9973.53,2024-01-01,2025-12-31,ACTIVO
4,1,364,267289.83,2024-01-01,2025-12-31,ACTIVO
5,1,394,98449.01,2024-01-01,2025-12-31,ACTIVO
6,1,186,327695.5,2024-01-01,2025-12-31,ACTIVO
7,1,230,208293.9,2024-01-01,2025-12-31,ACTIVO
8,1,19,305959.11,2024-01-01,2025-12-31,ACTIVO
9,1,457,400565.01,2024-01-01,2025-12-31,ACTIVO
10,1,37,253197.67,2024-01-01,2025-12-31,ACTIVO
11,1,48,352728.57,2024-01-01,2025-12-31,ACTIVO
12,1,112,266443.96,2024-01-01,2025-12-31,ACTIVO
13,1,412,443914.9,2024-01-01,2025-12-31,ACTIVO
14,1,265,374289.74,2024-01-01,2025-12-31,ACTIVO
15,1,302,48590.65,2024-01-01,2025-12-31,ACTIVO
16,1,443,90424.02,2024-01-01,2025-12-31,ACTIVO
17,1,356,135847.1,2024-01-01,2025-12-31,ACTIVO
18,1,69,189202.01,2024-01-01,2025-12-31,ACTIVO
19,1,454,445287.57,2024-01-01,2025-12-31,ACTIVO
20,1,484,317853.27,2024-01-01,2025-12-31,ACTIVO
21,1,385,407018.23,2024-01-01,2025-12-31,ACTIVO
22,1,240,148411.84,2024-01-01,2025-12-31,ACTIVO
23,1,215,403373.78,2024-01-01,2025-12-31,ACTIVO
24,1,487,346076.22,2024-01-01,2025-12-31,ACTIVO
25,1,68,161307.3,2024-01-01,2025-12-31,ACTIVO
26,1,116,201141.0,2024-01-01,2025-12-31,ACTIVO
27,1,388,320754.65,2024-01-01,2025-12-31,ACTIVO
28,1,474,192859.82,2024-01-01,2025-12-31,ACTIVO
29,1,455,443085.37,2024-01-01,2025-12-31,ACTIVO
30,1,374,335826.39,2024-01-01,2025-12-31,ACTIVO
31,1,155,415285.98,2024-01-01,2025-12-31,ACTIVO
32,1,221,37856.76,2024-01-01,2025-12-31,ACTIVO
33,1,127,186170.48,2024-01-01,2025-12-31,ACTIVO
34,1,493,82675.51,2024-01-01,2025-12-31,ACTIVO
35,1,299,288389.1,2024-01-01,2025-12-31,ACTIVO
36,1,5,272831.35,2024-01-01,2025-12-31,ACTIVO
37,1,373,123743.87,2024-01-01,2025-12-31,ACTIVO
38,1,7,306798.84,2024-01-01,2025-12-31,ACTIVO
39,1,220,115739.06,2024-01-01,2025-12-31,ACTIVO
40,1,56,406120.57,2024-01-01,2025-12-31,ACTIVO
41,2,441,338703.68,2024-01-01,2025-12-31,ACTIVO
42,2,280,314944.68,2024-01-01,2025-12-31,ACTIVO
43,2,412,4087.07,2024-01-01,2025-12-31,ACTIVO
44,2,365,168312.43,2024-01-01,2025-12-31,ACTIVO
45,2,82,83167.73,2024-01-01,2025-12-31,ACTIVO
46,2,158,181165.93,2024-01-01,2025-12-31,ACTIVO
47,2,261,394312.49,2024-01-01,2025-12-31,ACTIVO
48,2,47,203874.1,2024-01-01,2025-12-31,ACTIVO
49,2,304,38061.38,2024-01-01,2025-12-31,ACTIVO
50,2,184,171226.1,2024-01-01,2025-12-31,ACTIVO
51,2,467,395831.92,2024-01-01,2025-12-31,ACTIVO
52,2,57,254500.48,2024-01-01,2025-12-31,ACTIVO
53,2,386,189257.96,2024-01-01,2025-12-31,ACTIVO
54,2,346,48818.65,2024-01-01,2025-12-31,ACTIVO
55,2,362,250947.66,2024-01-01,2025-12-31,ACTIVO
56,2,478,16143.02,2024-01-01,2025-12-31,ACTIVO
57,2,345,73564.46,2024-01-01,2025-12-31,ACTIVO
58,2,30,441756.44,2024-01-01,2025-12-31,ACTIVO
59,2,128,228560.48,2024-01-01,2025-12-31,ACTIVO
60,2,356,315577.16,2024-01-01,2025-12-31,ACTIVO
61,2,311,328985.7,2024-01-01,2025-12-31,ACTIVO
62,2,336,283561.94,2024-01-01,2025-12-31,ACTIVO
63,2,57,294347.54,2024-01-01,2025-12-31,ACTIVO
64,2,205,67453.14,2024-01-01,2025-12-31,ACTIVO
65,2,190,376317.43,2024-01-01,2025-12-31,ACTIVO
66,2,439,170615.5,2024-01-01,2025-12-31,ACTIVO
67,3,346,354770.75,2024-01-01,2025-12-31,ACTIVO
68,3,13,147584.56,2024-01-01,2025-12-31,ACTIVO
69,3,234,45129.36,2024-01-01,2025-12-31,ACTIVO
70,3,1,89217.18,2024-01-01,2025-12-31,ACTIVO
71,3,192,337189.2,2024-01-01,2025-12-31,ACTIVO
72,3,16,120247.14,2024-01-01,2025-12-31,ACTIVO
73,3,479,281875.33,2024-01-01,2025-12-31,ACTIVO
74,3,228,189881.18,2024-01-01,2025-12-31,ACTIVO
75,3,370,231105.23,2024-01-01,2025-12-31,ACTIVO
76,3,248,5370.86,2024-01-01,2025-12-31,ACTIVO
77,3,59,429021.81,2024-01-01,2025-12-31,ACTIVO
78,3,270,254320.7,2024-01-01,2025-12-31,ACTIVO
79,3,49,400747.88,2024-01-01,2025-12-31,ACTIVO
80,3,387,127003.26,2024-01-01,2025-12-31,ACTIVO
81,3,53,288545.73,2024-01-01,2025-12-31,ACTIVO
82,3,378,195980.9,2024-01-01,2025-12-31,ACTIVO
83,3,297,426419.34,2024-01-01,2025-12-31,ACTIVO
84,3,214,31005.12,2024-01-01,2025-12-31,ACTIVO
85,3,169,242261.0,2024-01-01,2025-12-31,ACTIVO
86,3,386,1610.86,2024-01-01,2025-12-31,ACTIVO
87,3,268,151510.94,2024-01-01,2025-12-31,ACTIVO
88,3,499,388896.36,2024-01-01,2025-12-31,ACTIVO
89,3,101,184247.4,2024-01-01,2025-12-31,ACTIVO
90,4,47,142050.37,2024-01-01,2025-12-31,ACTIVO
91,4,137,356776.17,2024-01-01,2025-12-31,ACTIVO
92,4,469,149586.68,2024-01-01,2025-12-31,ACTIVO
93,4,348,402160.29,2024-01-01,2025-12-31,ACTIVO
94,4,4,218467.68,2024-01-01,2025-12-31,ACTIVO
95,4,94,22056.06,2024-01-01,2025-12-31,ACTIVO
96,4,446,129780.81,2024-01-01,2025-12-31,ACTIVO
97,4,460,322941.48,2024-01-01,2025-12-31,ACTIVO
98,4,311,380804.91,2024-01-01,2025-12-31,ACTIVO
99,4,384,39044.85,2024-01-01,2025-12-31,ACTIVO
100,4,443,444996.18,2024-01-01,2025-12-31,ACTIVO
101,4,377,107434.12,2024-01-01,2025-12-31,ACTIVO
102,4,139,379952.53,2024-01-01,2025-12-31,ACTIVO
103,4,202,4902.23,2024-01-01,2025-12-31,ACTIVO
104,4,416,225893.82,2024-01-01,2025-12-31,ACTIVO
105,4,386,381601.32,2024-01-01,2025-12-31,ACTIVO
106,4,199,380298.04,2024-01-01,2025-12-31,ACTIVO
107,4,146,33198.34,2024-01-01,2025-12-31,ACTIVO
108,4,473,42446.23,2024-01-01,2025-12-31,ACTIVO
109,4,59,287143.89,2024-01-01,2025-12-31,ACTIVO
110,4,434,37914.31,2024-01-01,2025-12-31,ACTIVO
111,4,388,67970.05,2024-01-01,2025-12-31,ACTIVO
112,4,488,309107.54,2024-01-01,2025-12-31,ACTIVO
113,4,127,89247.65,2024-01-01,2025-12-31,ACTIVO
114,4,95,342130.19,2024-01-01,2025-12-31,ACTIVO
115,4,336,143697.45,2024-01-01,2025-12-31,ACTIVO
116,4,122,9332.58,2024-01-01,2025-12-31,ACTIVO
117,4,196,160794.15,2024-01-01,2025-12-31,ACTIVO
118,4,41,209018.01,2024-01-01,2025-12-31,ACTIVO
119,4,135,246076.48,2024-01-01,2025-12-31,ACTIVO
120,4,334,369205.5,2024-01-01,2025-12-31,ACTIVO
121,4,107,190106.63,2024-01-01,2025-12-31,ACTIVO
122,4,104,413309.73,2024-01-01,2025-12-31,ACTIVO
123,4,218,364636.03,2024-01-01,2025-12-31,ACTIVO
124,4,300,139910.77,2024-01-01,2025-12-31,ACTIVO
125,4,126,182371.11,2024-01-01,2025-12-31,ACTIVO
126,4,188,361122.43,2024-01-01,2025-12-31,ACTIVO
127,4,131,341295.71,2024-01-01,2025-12-31,ACTIVO
128,4,307,413568.62,2024-01-01,2025-12-31,ACTIVO
129,4,214,250007.55,2024-01-01,2025-12-31,ACTIVO
130,4,323,40864.16,2024-01-01,2025-12-31,ACTIVO
131,4,429,149301.46,2024-01-01,2025-12-31,ACTIVO
132,4,59,113513.93,2024-01-01,2025-12-31,ACTIVO
133,4,142,231314.4,2024-01-01,2025-12-31,ACTIVO
134,4,334,61469.7,2024-01-01,2025-12-31,ACTIVO
135,4,416,297567.48,2024-01-01,2025-12-31,ACTIVO
136,4,220,354607.83,2024-01-01,2025-12-31,ACTIVO
137,5,463,117631.43,2024-01-01,2025-12-31,ACTIVO
138,5,45,174342.59,2024-01-01,2025-12-31,ACTIVO
139,5,132,354741.38,2024-01-01,2025-12-31,ACTIVO
140,5,11,229649.77,2024-01-01,2025-12-31,ACTIVO
141,5,272,144640.68,2024-01-01,2025-12-31,ACTIVO
142,5,148,71638.0,2024-01-01,2025-12-31,ACTIVO
143,5,493,266236.45,2024-01-01,2025-12-31,ACTIVO
144,5,87,107852.68,2024-01-01,2025-12-31,ACTIVO
145,5,438,382305.79,2024-01-01,2025-12-31,ACTIVO
146,5,387,52786.55,2024-01-01,2025-12-31,ACTIVO
147,5,98,111953.19,2024-01-01,2025-12-31,ACTIVO
148,5,300,64171.49,2024-01-01,2025-12-31,ACTIVO
149,5,182,354653.72,2024-01-01,2025-12-31,ACTIVO
150,5,227,410376.87,2024-01-01,2025-12-31,ACTIVO
151,5,308,161661.48,2024-01-01,2025-12-31,ACTIVO
152,5,364,33846.33,2024-01-01,2025-12-31,ACTIVO
153,5,352,12234.57,2024-01-01,2025-12-31,ACTIVO
154,5,346,313987.31,2024-01-01,2025-12-31,ACTIVO
155,5,499,218124.21,2024-01-01,2025-12-31,ACTIVO
156,5,82,382619.83,2024-01-01,2025-12-31,ACTIVO
157,5,309,86575.93,2024-01-01,2025-12-31,ACTIVO
158,5,431,328529.89,2024-01-01,2025-12-31,ACTIVO
159,5,275,133808.21,2024-01-01,2025-12-31,ACTIVO
160,5,155,363226.74,2024-01-01,2025-12-31,ACTIVO
161,5,276,198119.35,2024-01-01,2025-12-31,ACTIVO
162,5,500,70101.32,2024-01-01,2025-12-31,ACTIVO
163,5,44,421000.97,2024-01-01,2025-12-31,ACTIVO
164,5,39,389248.07,2024-01-01,2025-12-31,ACTIVO
165,5,11,410781.5,2024-01-01,2025-12-31,ACTIVO
166,5,416,253959.07,2024-01-01,2025-12-31,ACTIVO
167,5,445,23443.95,2024-01-01,2025-12-31,ACTIVO
168,5,46,333153.78,2024-01-01,2025-12-31,ACTIVO
169,5,264,83181.52,2024-01-01,2025-12-31,ACTIVO
170,5,384,395297.09,2024-01-01,2025-12-31,ACTIVO
171,5,307,430432.51,2024-01-01,2025-12-31,ACTIVO
172,5,418,37011.54,2024-01-01,2025-12-31,ACTIVO
173,5,9,35502.67,2024-01-01,2025-12-31,ACTIVO
174,5,418,133033.06,2024-01-01,2025-12-31,ACTIVO
175,5,68,198305.22,2024-01-01,2025-12-31,ACTIVO
176,5,442,207924.82,2024-01-01,2025-12-31,ACTIVO
177,5,434,114783.91,2024-01-01,2025-12-31,ACTIVO
178,5,81,57946.57,2024-01-01,2025-12-31,ACTIVO
179,5,425,38866.06,2024-01-01,2025-12-31,ACTIVO
180,5,206,245689.39,2024-01-01,2025-12-31,ACTIVO
181,5,460,154127.51,2024-01-01,2025-12-31,ACTIVO
182,5,366,174212.57,2024-01-01,2025-12-31,ACTIVO
183,6,1,313089.91,2024-01-01,2025-12-31,ACTIVO
184,6,319,126213.33,2024-01-01,2025-12-31,ACTIVO
185,6,129,3529.04,2024-01-01,2025-12-31,ACTIVO
186,6,212,348708.7,2024-01-01,2025-12-31,ACTIVO
187,6,409,186900.59,2024-01-01,2025-12-31,ACTIVO
188,6,23,447124.27,2024-01-01,2025-12-31,ACTIVO
189,6,23,358325.16,2024-01-01,2025-12-31,ACTIVO
190,6,484,140638.9,2024-01-01,2025-12-31,ACTIVO
191,7,252,377075.34,2024-01-01,2025-12-31,ACTIVO
192,7,105,102855.48,2024-01-01,2025-12-31,ACTIVO
193,7,408,120026.17,2024-01-01,2025-12-31,ACTIVO
194,7,313,173611.77,2024-01-01,2025-12-31,ACTIVO
195,7,322,300305.68,2024-01-01,2025-12-31,ACTIVO
196,7,49,389489.72,2024-01-01,2025-12-31,ACTIVO
197,7,210,297977.65,2024-01-01,2025-12-31,ACTIVO
198,7,35,422728.37,2024-01-01,2025-12-31,ACTIVO
199,7,174,382848.92,2024-01-01,2025-12-31,ACTIVO
200,7,407,256335.37,2024-01-01,2025-12-31,ACTIVO
201,7,58,225057.16,2024-01-01,2025-12-31,ACTIVO
202,7,469,351240.8,2024-01-01,2025-12-31,ACTIVO
203,7,381,177005.21,2024-01-01,2025-12-31,ACTIVO
204,7,368,28241.08,2024-01-01,2025-12-31,ACTIVO
205,7,333,58354.92,2024-01-01,2025-12-31,ACTIVO
206,7,177,63800.0,2024-01-01,2025-12-31,ACTIVO
207,7,287,51962.51,2024-01-01,2025-12-31,ACTIVO
208,7,160,118690.7,2024-01-01,2025-12-31,ACTIVO
209,7,108,190116.2,2024-01-01,2025-12-31,ACTIVO
210,7,340,357441.14,2024-01-01,2025-12-31,ACTIVO
211,7,483,264288.76,2024-01-01,2025-12-31,ACTIVO
212,7,470,24233.06,2024-01-01,2025-12-31,ACTIVO
213,7,421,448784.84,2024-01-01,2025-12-31,ACTIVO
214,7,178,253583.3,2024-01-01,2025-12-31,ACTIVO
215,7,370,96584.88,2024-01-01,2025-12-31,ACTIVO
216,7,156,248121.69,2024-01-01,2025-12-31,ACTIVO
217,7,75,149171.96,2024-01-01,2025-12-31,ACTIVO
218,7,392,249716.72,2024-01-01,2025-12-31,ACTIVO
219,7,386,167963.98,2024-01-01,2025-12-31,ACTIVO
220,7,377,248230.78,2024-01-01,2025-12-31,ACTIVO
221,7,26,193012.02,2024-01-01,2025-12-31,ACTIVO
222,7,23,10180.95,2024-01-01,2025-12-31,ACTIVO
223,8,23,78557.52,2024-01-01,2025-12-31,ACTIVO
224,8,141,352961.37,2024-01-01,2025-12-31,ACTIVO
225,8,381,113890.33,2024-01-01,2025-12-31,ACTIVO
226,8,134,401443.02,2024-01-01,2025-12-31,ACTIVO
227,8,45,224638.41,2024-01-01,2025-12-31,ACTIVO
228,8,490,434607.83,2024-01-01,2025-12-31,ACTIVO
229,8,119,77689.99,2024-01-01,2025-12-31,ACTIVO
230,8,22,233760.36,2024-01-01,2025-12-31,ACTIVO
231,8,479,352374.0,2024-01-01,2025-12-31,ACTIVO
232,8,426,331593.75,2024-01-01,2025-12-31,ACTIVO
233,8,166,198639.93,2024-01-01,2025-12-31,ACTIVO
234,8,344,191753.09,2024-01-01,2025-12-31,ACTIVO
235,8,25,329547.4,2024-01-01,2025-12-31,ACTIVO
236,8,100,30110.39,2024-01-01,2025-12-31,ACTIVO
237,8,304,363569.6,2024-01-01,2025-12-31,ACTIVO
238,8,268,263713.02,2024-01-01,2025-12-31,ACTIVO
239,8,227,228519.49,2024-01-01,2025-12-31,ACTIVO
240,8,379,73679.99,2024-01-01,2025-12-31,ACTIVO
241,8,247,21469.91,2024-01-01,2025-12-31,ACTIVO
242,8,294,267756.39,2024-01-01,2025-12-31,ACTIVO
243,8,98,355101.3,2024-01-01,2025-12-31,ACTIVO
244,8,25,182254.46,2024-01-01,2025-12-31,ACTIVO
245,8,337,323835.5,2024-01-01,2025-12-31,ACTIVO
246,8,176,56064.42,2024-01-01,2025-12-31,ACTIVO
247,8,341,26183.89,2024-01-01,2025-12-31,ACTIVO
248,8,399,94946.16,2024-01-01,2025-12-31,ACTIVO
249,8,19,54936.14,2024-01-01,2025-12-31,ACTIVO
250,8,263,338965.79,2024-01-01,2025-12-31,ACTIVO
251,8,393,173709.62,2024-01-01,2025-12-31,ACTIVO
252,8,351,187764.44,2024-01-01,2025-12-31,ACTIVO
253,8,487,356642.79,2024-01-01,2025-12-31,ACTIVO
254,8,342,340090.32,2024-01-01,2025-12-31,ACTIVO
255,8,482,9063.41,2024-01-01,2025-12-31,ACTIVO
256,8,400,254252.02,2024-01-01,2025-12-31,ACTIVO
257,8,29,417943.1,2024-01-01,2025-12-31,ACTIVO
258,8,287,223071.99,2024-01-01,2025-12-31,ACTIVO
259,8,9,198481.02,2024-01-01,2025-12-31,ACTIVO
260,8,451,369104.5,2024-01-01,2025-12-31,ACTIVO
261,8,320,140826.31,2024-01-01,2025-12-31,ACTIVO
262,9,96,353232.67,2024-01-01,2025-12-31,ACTIVO
263,9,331,21111.37,2024-01-01,2025-12-31,ACTIVO
264,9,446,336354.64,2024-01-01,2025-12-31,ACTIVO
265,9,208,436964.04,2024-01-01,2025-12-31,ACTIVO
266,9,25,199576.4,2024-01-01,2025-12-31,ACTIVO
267,9,379,45609.79,2024-01-01,2025-12-31,ACTIVO
268,9,442,225092.06,2024-01-01,2025-12-31,ACTIVO
269,9,435,230518.72,2024-01-01,2025-12-31,ACTIVO
270,9,289,118554.05,2024-01-01,2025-12-31,ACTIVO
271,9,340,164002.99,2024-01-01,2025-12-31,ACTIVO
272,9,76,326783.03,2024-01-01,2025-12-31,ACTIVO
273,9,444,62075.79,2024-01-01,2025-12-31,ACTIVO
274,9,325,435885.79,2024-01-01,2025-12-31,ACTIVO
275,9,487,159914.05,2024-01-01,2025-12-31,ACTIVO
276,9,178,210904.4,2024-01-01,2025-12-31,ACTIVO
277,9,318,426519.35,2024-01-01,2025-12-31,ACTIVO
278,9,151,163162.19,2024-01-01,2025-12-31,ACTIVO
279,9,42,108728.42,2024-01-01,2025-12-31,ACTIVO
280,9,376,387193.55,2024-01-01,2025-12-31,ACTIVO
281,9,180,24050.91,2024-01-01,2025-12-31,ACTIVO
282,9,387,430043.55,2024-01-01,2025-12-31,ACTIVO
283,9,115,126157.46,2024-01-01,2025-12-31,ACTIVO
284,9,357,186103.61,2024-01-01,2025-12-31,ACTIVO
285,9,71,220993.57,2024-01-01,2025-12-31,ACTIVO
286,9,33,354775.22,2024-01-01,2025-12-31,ACTIVO
287,9,279,280813.2,2024-01-01,2025-12-31,ACTIVO
288,9,349,7224.4,2024-01-01,2025-12-31,ACTIVO
289,9,56,318512.42,2024-01-01,2025-12-31,ACTIVO
290,9,133,288956.1,2024-01-01,2025-12-31,ACTIVO
291,9,211,319356.38,2024-01-01,2025-12-31,ACTIVO
292,9,21,366459.85,2024-01-01,2025-12-31,ACTIVO
293,9,437,282650.28,2024-01-01,2025-12-31,ACTIVO
294,9,470,59604.88,2024-01-01,2025-12-31,ACTIVO
295,9,380,265106.83,2024-01-01,2025-12-31,ACTIVO
296,9,377,51990.56,2024-01-01,2025-12-31,ACTIVO
297,9,293,253478.8,2024-01-01,2025-12-31,ACTIVO
298,9,197,235540.46,2024-01-01,2025-12-31,ACTIVO
299,9,171,416468.17,2024-01-01,2025-12-31,ACTIVO
300,9,488,5216.31,2024-01-01,2025-12-31,ACTIVO
301,9,24,95158.64,2024-01-01,2025-12-31,ACTIVO
302,9,99,299527.15,2024-01-01,2025-12-31,ACTIVO
303,10,494,308450.76,2024-01-01,2025-12-31,ACTIVO
304,10,321,202174.95,2024-01-01,2025-12-31,ACTIVO
305,10,280,395294.23,2024-01-01,2025-12-31,ACTIVO
306,10,79,246896.18,2024-01-01,2025-12-31,ACTIVO
307,10,190,312388.03,2024-01-01,2025-12-31,ACTIVO
308,10,405,440131.43,2024-01-01,2025-12-31,ACTIVO
309,10,392,107355.63,2024-01-01,2025-12-31,ACTIVO
310,10,306,189548.49,2024-01-01,2025-12-31,ACTIVO
311,10,77,411372.11,2024-01-01,2025-12-31,ACTIVO
312,10,342,104155.91,2024-01-01,2025-12-31,ACTIVO
313,10,395,368501.09,2024-01-01,2025-12-31,ACTIVO
314,10,416,252567.89,2024-01-01,2025-12-31,ACTIVO
315,10,475,17295.88,2024-01-01,2025-12-31,ACTIVO
316,10,324,106692.96,2024-01-01,2025-12-31,ACTIVO
317,10,455,63865.29,2024-01-01,2025-12-31,ACTIVO
318,10,112,30630.72,2024-01-01,2025-12-31,ACTIVO
319,10,422,173370.15,2024-01-01,2025-12-31,ACTIVO
320,10,297,133383.68,2024-01-01,2025-12-31,ACTIVO
321,10,184,81940.52,2024-01-01,2025-12-31,ACTIVO
322,10,297,97585.93,2024-01-01,2025-12-31,ACTIVO
323,10,394,313919.19,2024-01-01,2025-12-31,ACTIVO
324,10,236,139179.37,2024-01-01,2025-12-31,ACTIVO
325,10,187,222374.63,2024-01-01,2025-12-31,ACTIVO
326,10,19,448543.47,2024-01-01,2025-12-31,ACTIVO
327,11,278,120284.14,2024-01-01,2025-12-31,ACTIVO
328,11,138,101434.82,2024-01-01,2025-12-31,ACTIVO
329,11,187,408951.16,2024-01-01,2025-12-31,ACTIVO
330,11,99,203267.43,2024-01-01,2025-12-31,ACTIVO
331,11,77,149732.03,2024-01-01,2025-12-31,ACTIVO
332,11,426,102354.96,2024-01-01,2025-12-31,ACTIVO
333,11,329,427538.02,2024-01-01,2025-12-31,ACTIVO
334,11,216,443834.84,2024-01-01,2025-12-31,ACTIVO
335,11,146,20628.46,2024-01-01,2025-12-31,ACTIVO
336,11,413,61317.8,2024-01-01,2025-12-31,ACTIVO
337,11,441,76662.01,2024-01-01,2025-12-31,ACTIVO
338,11,145,223242.8,2024-01-01,2025-12-31,ACTIVO
339,11,152,412335.07,2024-01-01,2025-12-31,ACTIVO
340,11,221,393478.35,2024-01-01,2025-12-31,ACTIVO
341,11,213,89974.67,2024-01-01,2025-12-31,ACTIVO
342,11,268,383013.27,2024-01-01,2025-12-31,ACTIVO
343,11,250,422578.72,2024-01-01,2025-12-31,ACTIVO
344,11,443,309886.53,2024-01-01,2025-12-31,ACTIVO
345,11,4,253907.05,2024-01-01,2025-12-31,ACTIVO
346,11,375,27618.13,2024-01-01,2025-12-31,ACTIVO
347,11,447,162815.22,2024-01-01,2025-12-31,ACTIVO
348,11,452,39476.35,2024-01-01,2025-12-31,ACTIVO
349,11,390,142046.84,2024-01-01,2025-12-31,ACTIVO
350,11,197,267623.88,2024-01-01,2025-12-31,ACTIVO
351,11,474,368.65,2024-01-01,2025-12-31,ACTIVO
352,12,95,358886.14,2024-01-01,2025-12-31,ACTIVO
353,12,388,80320.72,2024-01-01,2025-12-31,ACTIVO
354,12,234,399985.97,2024-01-01,2025-12-31,ACTIVO
355,12,363,83187.2,2024-01-01,2025-12-31,ACTIVO
356,12,144,146662.7,2024-01-01,2025-12-31,ACTIVO
357,12,389,1717.03,2024-01-01,2025-12-31,ACTIVO
358,12,189,242945.99,2024-01-01,2025-12-31,ACTIVO
359,12,436,99043.01,2024-01-01,2025-12-31,ACTIVO
360,12,222,127334.14,2024-01-01,2025-12-31,ACTIVO
361,12,96,231754.83,2024-01-01,2025-12-31,ACTIVO
362,12,110,272205.95,2024-01-01,2025-12-31,ACTIVO
363,12,233,148614.18,2024-01-01,2025-12-31,ACTIVO
364,13,298,56374.63,2024-01-01,2025-12-31,ACTIVO
365,13,199,132500.44,2024-01-01,2025-12-31,ACTIVO
366,13,367,69171.94,2024-01-01,2025-12-31,ACTIVO
367,13,210,276142.7,2024-01-01,2025-12-31,ACTIVO
368,13,256,118300.27,2024-01-01,2025-12-31,ACTIVO
369,13,133,225431.07,2024-01-01,2025-12-31,ACTIVO
370,13,174,22721.02,2024-01-01,2025-12-31,ACTIVO
371,13,43,202292.91,2024-01-01,2025-12-31,ACTIVO
372,13,105,26568.44,2024-01-01,2025-12-31,ACTIVO
373,13,99,308938.34,2024-01-01,2025-12-31,ACTIVO
374,13,284,261521.01,2024-01-01,2025-12-31,ACTIVO
375,13,361,216145.5,2024-01-01,2025-12-31,ACTIVO
376,13,40,164509.07,2024-01-01,2025-12-31,ACTIVO
377,13,270,29422.01,2024-01-01,2025-12-31,ACTIVO
378,13,127,119883.81,2024-01-01,2025-12-31,ACTIVO
379,13,232,345172.66,2024-01-01,2025-12-31,ACTIVO
380,13,75,162232.62,2024-01-01,2025-12-31,ACTIVO
381,13,287,378141.18,2024-01-01,2025-12-31,ACTIVO
382,13,298,392304.31,2024-01-01,2025-12-31,ACTIVO
383,13,212,18270.71,2024-01-01,2025-12-31,ACTIVO
384,13,300,345499.97,2024-01-01,2025-12-31,ACTIVO
385,13,361,443859.26,2024-01-01,2025-12-31,ACTIVO
386,13,49,199511.18,2024-01-01,2025-12-31,ACTIVO
387,13,127,412330.89,2024-01-01,2025-12-31,ACTIVO
388,13,305,93864.73,2024-01-01,2025-12-31,ACTIVO
389,13,37,406223.3,2024-01-01,2025-12-31,ACTIVO
390,13,45,344478.04,2024-01-01,2025-12-31,ACTIVO
391,13,102,147751.73,2024-01-01,2025-12-31,ACTIVO
392,13,160,239656.08,2024-01-01,2025-12-31,ACTIVO
393,13,45,343739.42,2024-01-01,2025-12-31,ACTIVO
394,13,134,413447.87,2024-01-01,2025-12-31,ACTIVO
395,13,381,216997.11,2024-01-01,2025-12-31,ACTIVO
396,13,8,319388.3,2024-01-01,2025-12-31,ACTIVO
397,13,261,37821.44,2024-01-01,2025-12-31,ACTIVO
398,13,141,209501.21,2024-01-01,2025-12-31,ACTIVO
399,13,2,239249.29,2024-01-01,2025-12-31,ACTIVO
400,13,52,198915.88,2024-01-01,2025-12-31,ACTIVO
401,13,171,318579.08,2024-01-01,2025-12-31,ACTIVO
402,13,203,111362.74,2024-01-01,2025-12-31,ACTIVO
403,13,395,122873.83,2024-01-01,2025-12-31,ACTIVO
404,13,127,387415.44,2024-01-01,2025-12-31,ACTIVO
405,13,246,370527.34,2024-01-01,2025-12-31,ACTIVO
406,13,257,405250.31,2024-01-01,2025-12-31,ACTIVO
407,13,38,231915.77,2024-01-01,2025-12-31,ACTIVO
408,13,231,33650.26,2024-01-01,2025-12-31,ACTIVO
409,14,218,57317.55,2024-01-01,2025-12-31,ACTIVO
410,14,324,292832.38,2024-01-01,2025-12-31,ACTIVO
411,14,306,39564.78,2024-01-01,2025-12-31,ACTIVO
412,14,377,431062.25,2024-01-01,2025-12-31,ACTIVO
413,14,434,237552.2,2024-01-01,2025-12-31,ACTIVO
414,14,69,320794.74,2024-01-01,2025-12-31,ACTIVO
415,14,425,52417.05,2024-01-01,2025-12-31,ACTIVO
416,14,433,205935.82,2024-01-01,2025-12-31,ACTIVO
417,14,280,224729.98,2024-01-01,2025-12-31,ACTIVO
418,14,333,208015.83,2024-01-01,2025-12-31,ACTIVO
419,14,247,253494.99,2024-01-01,2025-12-31,ACTIVO
420,14,478,17382.34,2024-01-01,2025-12-31,ACTIVO
421,14,76,46020.59,2024-01-01,2025-12-31,ACTIVO
422,14,302,389391.02,2024-01-01,2025-12-31,ACTIVO
423,14,107,234554.19,2024-01-01,2025-12-31,ACTIVO
424,14,473,105252.58,2024-01-01,2025-12-31,ACTIVO
425,14,450,193728.02,2024-01-01,2025-12-31,ACTIVO
426,14,359,440671.72,2024-01-01,2025-12-31,ACTIVO
427,14,255,223599.85,2024-01-01,2025-12-31,ACTIVO
428,14,287,344291.65,2024-01-01,2025-12-31,ACTIVO
429,14,62,318920.49,2024-01-01,2025-12-31,ACTIVO
430,14,383,448283.2,2024-01-01,2025-12-31,ACTIVO
431,14,382,345340.26,2024-01-01,2025-12-31,ACTIVO
432,14,455,191510.09,2024-01-01,2025-12-31,ACTIVO
433,14,32,220607.1,2024-01-01,2025-12-31,ACTIVO
434,14,297,386497.68,2024-01-01,2025-12-31,ACTIVO
435,14,404,352116.9,2024-01-01,2025-12-31,ACTIVO
436,15,389,214990.95,2024-01-01,2025-12-31,ACTIVO
437,15,420,391761.85,2024-01-01,2025-12-31,ACTIVO
438,15,172,406387.28,2024-01-01,2025-12-31,ACTIVO
439,15,41,770.93,2024-01-01,2025-12-31,ACTIVO
440,15,381,8212.02,2024-01-01,2025-12-31,ACTIVO
441,15,438,268054.96,2024-01-01,2025-12-31,ACTIVO
442,15,156,248149.38,2024-01-01,2025-12-31,ACTIVO
443,15,23,134728.73,2024-01-01,2025-12-31,ACTIVO
444,15,66,448786.7,2024-01-01,2025-12-31,ACTIVO
445,15,155,267583.24,2024-01-01,2025-12-31,ACTIVO
446,15,147,68077.55,2024-01-01,2025-12-31,ACTIVO
447,15,19,254653.75,2024-01-01,2025-12-31,ACTIVO
448,15,442,121853.36,2024-01-01,2025-12-31,ACTIVO
449,15,367,220762.14,2024-01-01,2025-12-31,ACTIVO
450,15,161,59995.48,2024-01-01,2025-12-31,ACTIVO
451,15,162,436642.81,2024-01-01,2025-12-31,ACTIVO
452,15,230,108044.59,2024-01-01,2025-12-31,ACTIVO
453,16,497,50257.47,2024-01-01,2025-12-31,ACTIVO
454,16,188,350635.42,2024-01-01,2025-12-31,ACTIVO
455,16,365,243752.46,2024-01-01,2025-12-31,ACTIVO
456,16,16,386941.05,2024-01-01,2025-12-31,ACTIVO
457,16,500,142609.9,2024-01-01,2025-12-31,ACTIVO
458,16,21,119492.38,2024-01-01,2025-12-31,ACTIVO
459,16,366,261921.04,2024-01-01,2025-12-31,ACTIVO
460,16,365,236121.74,2024-01-01,2025-12-31,ACTIVO
461,16,265,256964.46,2024-01-01,2025-12-31,ACTIVO
462,16,44,394845.22,2024-01-01,2025-12-31,ACTIVO
463,16,27,367445.71,2024-01-01,2025-12-31,ACTIVO
464,16,97,222491.39,2024-01-01,2025-12-31,ACTIVO
465,16,330,406393.78,2024-01-01,2025-12-31,ACTIVO
466,17,22,352153.27,2024-01-01,2025-12-31,ACTIVO
467,17,40,250919.95,2024-01-01,2025-12-31,ACTIVO
468,17,399,349459.57,2024-01-01,2025-12-31,ACTIVO
469,17,445,36139.62,2024-01-01,2025-12-31,ACTIVO
470,17,211,318241.27,2024-01-01,2025-12-31,ACTIVO
471,17,360,86554.61,2024-01-01,2025-12-31,ACTIVO
472,17,169,426076.18,2024-01-01,2025-12-31,ACTIVO
473,17,492,258351.8,2024-01-01,2025-12-31,ACTIVO
474,17,432,353203.07,2024-01-01,2025-12-31,ACTIVO
475,17,423,304763.53,2024-01-01,2025-12-31,ACTIVO
476,17,285,356225.72,2024-01-01,2025-12-31,ACTIVO
477,17,135,220749.14,2024-01-01,2025-12-31,ACTIVO
478,17,177,260036.56,2024-01-01,2025-12-31,ACTIVO
479,17,345,142178.16,2024-01-01,2025-12-31,ACTIVO
480,17,471,3061.08,2024-01-01,2025-12-31,ACTIVO
481,17,122,435584.96,2024-01-01,2025-12-31,ACTIVO
482,17,279,411303.1,2024-01-01,2025-12-31,ACTIVO
483,17,450,164298.32,2024-01-01,2025-12-31,ACTIVO
484,17,152,249736.89,2024-01-01,2025-12-31,ACTIVO
485,17,162,388670.14,2024-01-01,2025-12-31,ACTIVO
486,17,404,405670.38,2024-01-01,2025-12-31,ACTIVO
487,17,410,218322.21,2024-01-01,2025-12-31,ACTIVO
488,18,367,152490.18,2024-01-01,2025-12-31,ACTIVO
489,18,459,271395.57,2024-01-01,2025-12-31,ACTIVO
490,18,430,10421.6,2024-01-01,2025-12-31,ACTIVO
491,18,412,247284.29,2024-01-01,2025-12-31,ACTIVO
492,18,421,142090.77,2024-01-01,2025-12-31,ACTIVO
493,18,480,379707.69,2024-01-01,2025-12-31,ACTIVO
494,18,132,413494.32,2024-01-01,2025-12-31,ACTIVO
495,18,450,329246.88,2024-01-01,2025-12-31,ACTIVO
496,18,100,106776.89,2024-01-01,2025-12-31,ACTIVO
497,18,278,129982.1,2024-01-01,2025-12-31,ACTIVO
498,18,50,385358.99,2024-01-01,2025-12-31,ACTIVO
499,18,205,195040.46,2024-01-01,2025-12-31,ACTIVO
500,18,486,409259.87,2024-01-01,2025-12-31,ACTIVO
501,18,89,244352.91,2024-01-01,2025-12-31,ACTIVO
502,18,226,448207.46,2024-01-01,2025-12-31,ACTIVO
503,18,356,188305.2,2024-01-01,2025-12-31,ACTIVO
504,18,262,20396.82,2024-01-01,2025-12-31,ACTIVO
505,18,436,105673.42,2024-01-01,2025-12-31,ACTIVO
506,18,53,21014.53,2024-01-01,2025-12-31,ACTIVO
507,18,232,399026.79,2024-01-01,2025-12-31,ACTIVO
508,18,358,295339.46,2024-01-01,2025-12-31,ACTIVO
509,18,161,412192.3,2024-01-01,2025-12-31,ACTIVO
510,18,207,20593.52,2024-01-01,2025-12-31,ACTIVO
511,18,465,313095.77,2024-01-01,2025-12-31,ACTIVO
512,18,324,179244.26,2024-01-01,2025-12-31,ACTIVO
513,18,419,351137.84,2024-01-01,2025-12-31,ACTIVO
514,18,70,141005.62,2024-01-01,2025-12-31,ACTIVO
515,18,47,94406.59,2024-01-01,2025-12-31,ACTIVO
516,18,158,191019.92,2024-01-01,2025-12-31,ACTIVO
517,19,77,373368.77,2024-01-01,2025-12-31,ACTIVO
518,19,97,379711.67,2024-01-01,2025-12-31,ACTIVO
519,19,105,199828.52,2024-01-01,2025-12-31,ACTIVO
520,19,499,276299.24,2024-01-01,2025-12-31,ACTIVO
521,19,146,30135.11,2024-01-01,2025-12-31,ACTIVO
522,19,38,239704.58,2024-01-01,2025-12-31,ACTIVO
523,19,202,402644.26,2024-01-01,2025-12-31,ACTIVO
524,19,443,127832.24,2024-01-01,2025-12-31,ACTIVO
525,19,416,25867.5,2024-01-01,2025-12-31,ACTIVO
526,19,233,45638.94,2024-01-01,2025-12-31,ACTIVO
527,19,355,225624.64,2024-01-01,2025-12-31,ACTIVO
528,19,42,274769.96,2024-01-01,2025-12-31,ACTIVO
529,19,492,158425.45,2024-01-01,2025-12-31,ACTIVO
530,19,207,210771.71,2024-01-01,2025-12-31,ACTIVO
531,19,206,108429.42,2024-01-01,2025-12-31,ACTIVO
532,19,65,297450.45,2024-01-01,2025-12-31,ACTIVO
533,19,336,67319.99,2024-01-01,2025-12-31,ACTIVO
534,19,167,214192.09,2024-01-01,2025-12-31,ACTIVO
535,19,438,308791.51,2024-01-01,2025-12-31,ACTIVO
536,19,158,84727.55,2024-01-01,2025-12-31,ACTIVO
537,19,22,28238.0,2024-01-01,2025-12-31,ACTIVO
538,19,77,211176.99,2024-01-01,2025-12-31,ACTIVO
539,19,492,380554.54,2024-01-01,2025-12-31,ACTIVO
540,19,70,363901.87,2024-01-01,2025-12-31,ACTIVO
541,19,307,148205.66,2024-01-01,2025-12-31,ACTIVO
542,19,357,240034.85,2024-01-01,2025-12-31,ACTIVO
543,19,486,4048.81,2024-01-01,2025-12-31,ACTIVO
544,19,89,136418.82,2024-01-01,2025-12-31,ACTIVO
545,20,182,329399.13,2024-01-01,2025-12-31,ACTIVO
546,20,377,128695.0,2024-01-01,2025-12-31,ACTIVO
547,20,136,302019.26,2024-01-01,2025-12-31,ACTIVO
548,20,28,321071.55,2024-01-01,2025-12-31,ACTIVO
549,20,11,338611.61,2024-01-01,2025-12-31,ACTIVO
550,20,426,48018.18,2024-01-01,2025-12-31,ACTIVO
551,20,205,293229.12,2024-01-01,2025-12-31,ACTIVO
552,20,16,381863.29,2024-01-01,2025-12-31,ACTIVO
553,20,14,333811.61,2024-01-01,2025-12-31,ACTIVO
554,20,353,199670.04,2024-01-01,2025-12-31,ACTIVO
555,20,339,436011.0,2024-01-01,2025-12-31,ACTIVO
556,21,154,113999.75,2024-01-01,2025-12-31,ACTIVO
557,21,456,296751.5,2024-01-01,2025-12-31,ACTIVO
558,21,117,383483.67,2024-01-01,2025-12-31,ACTIVO
559,21,151,409320.15,2024-01-01,2025-12-31,ACTIVO
560,21,303,203517.8,2024-01-01,2025-12-31,ACTIVO
561,21,404,126431.7,2024-01-01,2025-12-31,ACTIVO
562,21,433,27577.01,2024-01-01,2025-12-31,ACTIVO
563,21,438,136818.64,2024-01-01,2025-12-31,ACTIVO
564,21,289,30598.35,2024-01-01,2025-12-31,ACTIVO
565,21,396,209657.23,2024-01-01,2025-12-31,ACTIVO
566,21,426,402159.32,2024-01-01,2025-12-31,ACTIVO
567,21,264,236456.05,2024-01-01,2025-12-31,ACTIVO
568,21,453,440780.27,2024-01-01,2025-12-31,ACTIVO
569,21,28,175228.61,2024-01-01,2025-12-31,ACTIVO
570,21,253,141384.61,2024-01-01,2025-12-31,ACTIVO
571,21,69,272288.38,2024-01-01,2025-12-31,ACTIVO
572,21,180,310174.33,2024-01-01,2025-12-31,ACTIVO
573,21,165,314029.71,2024-01-01,2025-12-31,ACTIVO
574,21,4,305217.01,2024-01-01,2025-12-31,ACTIVO
575,21,232,67854.16,2024-01-01,2025-12-31,ACTIVO
576,21,444,427470.3,2024-01-01,2025-12-31,ACTIVO
577,21,277,437083.7,2024-01-01,2025-12-31,ACTIVO
578,21,342,197644.76,2024-01-01,2025-12-31,ACTIVO
579,22,87,431516.17,2024-01-01,2025-12-31,ACTIVO
580,22,224,44055.8,2024-01-01,2025-12-31,ACTIVO
581,22,299,344509.59,2024-01-01,2025-12-31,ACTIVO
582,22,392,320055.26,2024-01-01,2025-12-31,ACTIVO
583,22,468,305983.85,2024-01-01,2025-12-31,ACTIVO
584,22,479,83532.64,2024-01-01,2025-12-31,ACTIVO
585,22,255,124708.3,2024-01-01,2025-12-31,ACTIVO
586,22,478,365698.16,2024-01-01,2025-12-31,ACTIVO
587,22,146,220397.75,2024-01-01,2025-12-31,ACTIVO
588,22,102,263.17,2024-01-01,2025-12-31,ACTIVO
589,22,482,180540.39,2024-01-01,2025-12-31,ACTIVO
590,22,452,32502.47,2024-01-01,2025-12-31,ACTIVO
591,22,296,209255.05,2024-01-01,2025-12-31,ACTIVO
592,22,148,224286.96,2024-01-01,2025-12-31,ACTIVO
593,22,96,380099.75,2024-01-01,2025-12-31,ACTIVO
594,22,333,188494.68,2024-01-01,2025-12-31,ACTIVO
595,22,320,239456.07,2024-01-01,2025-12-31,ACTIVO
596,22,230,208595.81,2024-01-01,2025-12-31,ACTIVO
597,22,95,148379.01,2024-01-01,2025-12-31,ACTIVO
598,22,18,270192.69,2024-01-01,2025-12-31,ACTIVO
599,22,14,382191.77,2024-01-01,2025-12-31,ACTIVO
600,22,401,41812.74,2024-01-01,2025-12-31,ACTIVO
601,22,115,7945.53,2024-01-01,2025-12-31,ACTIVO
602,22,452,399161.81,2024-01-01,2025-12-31,ACTIVO
603,23,125,324508.38,2024-01-01,2025-12-31,ACTIVO
604,23,96,258395.42,2024-01-01,2025-12-31,ACTIVO
605,23,225,446644.91,2024-01-01,2025-12-31,ACTIVO
606,23,318,413180.69,2024-01-01,2025-12-31,ACTIVO
607,23,296,358392.86,2024-01-01,2025-12-31,ACTIVO
608,23,380,31001.17,2024-01-01,2025-12-31,ACTIVO
609,23,266,280191.28,2024-01-01,2025-12-31,ACTIVO
610,23,446,380782.04,2024-01-01,2025-12-31,ACTIVO
611,23,244,290528.91,2024-01-01,2025-12-31,ACTIVO
612,23,424,129955.95,2024-01-01,2025-12-31,ACTIVO
613,23,374,14342.56,2024-01-01,2025-12-31,ACTIVO
614,23,79,445487.34,2024-01-01,2025-12-31,ACTIVO
615,23,271,336860.21,2024-01-01,2025-12-31,ACTIVO
616,23,318,356881.12,2024-01-01,2025-12-31,ACTIVO
617,23,231,387444.46,2024-01-01,2025-12-31,ACTIVO
618,23,236,433051.33,2024-01-01,2025-12-31,ACTIVO
619,23,254,81202.51,2024-01-01,2025-12-31,ACTIVO
620,23,448,90648.29,2024-01-01,2025-12-31,ACTIVO
621,24,58,417125.51,2024-01-01,2025-12-31,ACTIVO
622,24,417,49200.02,2024-01-01,2025-12-31,ACTIVO
623,24,500,315311.79,2024-01-01,2025-12-31,ACTIVO
624,24,169,409335.67,2024-01-01,2025-12-31,ACTIVO
625,24,330,334324.98,2024-01-01,2025-12-31,ACTIVO
626,24,151,12344.09,2024-01-01,2025-12-31,ACTIVO
627,24,129,418881.54,2024-01-01,2025-12-31,ACTIVO
628,24,404,444392.11,2024-01-01,2025-12-31,ACTIVO
629,24,422,334379.83,2024-01-01,2025-12-31,ACTIVO
630,24,492,446134.09,2024-01-01,2025-12-31,ACTIVO
631,24,334,335617.71,2024-01-01,2025-12-31,ACTIVO
632,24,150,420527.71,2024-01-01,2025-12-31,ACTIVO
633,24,413,421667.57,2024-01-01,2025-12-31,ACTIVO
634,24,293,435102.09,2024-01-01,2025-12-31,ACTIVO
635,24,176,78842.72,2024-01-01,2025-12-31,ACTIVO
636,24,239,154703.67,2024-01-01,2025-12-31,ACTIVO
637,24,108,328507.31,2024-01-01,2025-12-31,ACTIVO
638,24,266,428038.37,2024-01-01,2025-12-31,ACTIVO
639,24,410,443646.1,2024-01-01,2025-12-31,ACTIVO
640,24,248,15314.81,2024-01-01,2025-12-31,ACTIVO
641,24,286,378495.51,2024-01-01,2025-12-31,ACTIVO
642,25,427,427994.82,2024-01-01,2025-12-31,ACTIVO
643,25,16,121019.71,2024-01-01,2025-12-31,ACTIVO
644,25,306,305826.25,2024-01-01,2025-12-31,ACTIVO
645,25,367,249572.45,2024-01-01,2025-12-31,ACTIVO
646,25,307,226940.99,2024-01-01,2025-12-31,ACTIVO
647,25,259,386614.97,2024-01-01,2025-12-31,ACTIVO
648,25,211,39882.45,2024-01-01,2025-12-31,ACTIVO
649,25,315,93474.18,2024-01-01,2025-12-31,ACTIVO
650,25,480,443443.67,2024-01-01,2025-12-31,ACTIVO
651,25,120,431478.62,2024-01-01,2025-12-31,ACTIVO
652,25,455,296294.82,2024-01-01,2025-12-31,ACTIVO
653,25,69,81430.21,2024-01-01,2025-12-31,ACTIVO
654,25,94,39879.64,2024-01-01,2025-12-31,ACTIVO
655,25,435,21815.24,2024-01-01,2025-12-31,ACTIVO
656,25,240,53318.6,2024-01-01,2025-12-31,ACTIVO
657,25,144,447214.34,2024-01-01,2025-12-31,ACTIVO
658,25,24,26081.45,2024-01-01,2025-12-31,ACTIVO
659,25,32,214164.14,2024-01-01,2025-12-31,ACTIVO
660,25,243,349483.59,2024-01-01,2025-12-31,ACTIVO
661,25,128,231875.47,2024-01-01,2025-12-31,ACTIVO
662,25,482,73545.11,2024-01-01,2025-12-31,ACTIVO
663,25,325,442167.61,2024-01-01,2025-12-31,ACTIVO
664,25,387,287631.7,2024-01-01,2025-12-31,ACTIVO
665,25,90,214169.2,2024-01-01,2025-12-31,ACTIVO
666,25,271,113673.11,2024-01-01,2025-12-31,ACTIVO
667,25,166,283356.46,2024-01-01,2025-12-31,ACTIVO
668,25,404,409182.7,2024-01-01,2025-12-31,ACTIVO
669,25,96,116807.75,2024-01-01,2025-12-31,ACTIVO
670,26,41,49994.45,2024-01-01,2025-12-31,ACTIVO
671,26,318,407233.33,2024-01-01,2025-12-31,ACTIVO
672,26,318,257132.25,2024-01-01,2025-12-31,ACTIVO
673,26,484,204698.68,2024-01-01,2025-12-31,ACTIVO
674,26,399,307492.15,2024-01-01,2025-12-31,ACTIVO
675,26,115,222817.5,2024-01-01,2025-12-31,ACTIVO
676,26,233,183344.45,2024-01-01,2025-12-31,ACTIVO
677,26,167,313097.6,2024-01-01,2025-12-31,ACTIVO
678,26,259,393138.34,2024-01-01,2025-12-31,ACTIVO
679,26,260,322721.68,2024-01-01,2025-12-31,ACTIVO
680,26,498,47378.97,2024-01-01,2025-12-31,ACTIVO
681,26,390,208751.29,2024-01-01,2025-12-31,ACTIVO
682,26,260,291898.85,2024-01-01,2025-12-31,ACTIVO
683,26,72,370710.71,2024-01-01,2025-12-31,ACTIVO
684,26,371,224950.45,2024-01-01,2025-12-31,ACTIVO
685,26,498,313838.55,2024-01-01,2025-12-31,ACTIVO
686,27,222,3095.59,2024-01-01,2025-12-31,ACTIVO
687,27,464,108357.05,2024-01-01,2025-12-31,ACTIVO
688,27,286,313438.95,2024-01-01,2025-12-31,ACTIVO
689,27,68,253244.55,2024-01-01,2025-12-31,ACTIVO
690,27,101,173937.79,2024-01-01,2025-12-31,ACTIVO
691,27,67,17873.38,2024-01-01,2025-12-31,ACTIVO
692,27,216,272268.78,2024-01-01,2025-12-31,ACTIVO
693,27,220,159124.35,2024-01-01,2025-12-31,ACTIVO
694,27,343,423741.28,2024-01-01,2025-12-31,ACTIVO
695,27,491,211564.35,2024-01-01,2025-12-31,ACTIVO
696,27,104,250545.3,2024-01-01,2025-12-31,ACTIVO
697,27,409,97505.07,2024-01-01,2025-12-31,ACTIVO
698,27,114,444193.71,2024-01-01,2025-12-31,ACTIVO
699,27,403,286644.81,2024-01-01,2025-12-31,ACTIVO
700,27,264,427594.8,2024-01-01,2025-12-31,ACTIVO
701,27,373,256719.78,2024-01-01,2025-12-31,ACTIVO
702,27,360,55034.75,2024-01-01,2025-12-31,ACTIVO
703,27,393,54368.12,2024-01-01,2025-12-31,ACTIVO
704,27,445,26256.19,2024-01-01,2025-12-31,ACTIVO
705,27,365,252563.78,2024-01-01,2025-12-31,ACTIVO
706,27,251,405007.81,2024-01-01,2025-12-31,ACTIVO
707,27,362,141424.25,2024-01-01,2025-12-31,ACTIVO
708,27,78,431721.62,2024-01-01,2025-12-31,ACTIVO
709,27,67,305546.19,2024-01-01,2025-12-31,ACTIVO
710,27,480,358879.76,2024-01-01,2025-12-31,ACTIVO
711,27,72,382646.09,2024-01-01,2025-12-31,ACTIVO
712,27,258,303906.73,2024-01-01,2025-12-31,ACTIVO
713,27,47,75152.7,2024-01-01,2025-12-31,ACTIVO
714,27,154,46147.08,2024-01-01,2025-12-31,ACTIVO
715,27,286,189869.06,2024-01-01,2025-12-31,ACTIVO
716,27,289,258164.68,2024-01-01,2025-12-31,ACTIVO
717,27,462,96117.84,2024-01-01,2025-12-31,ACTIVO
718,27,34,407801.76,2024-01-01,2025-12-31,ACTIVO
719,27,416,278367.79,2024-01-01,2025-12-31,ACTIVO
720,27,485,7258.1,2024-01-01,2025-12-31,ACTIVO
721,27,87,227434.21,2024-01-01,2025-12-31,ACTIVO
722,27,220,294596.57,2024-01-01,2025-12-31,ACTIVO
723,27,47,370453.83,2024-01-01,2025-12-31,ACTIVO
724,27,454,168642.28,2024-01-01,2025-12-31,ACTIVO
725,27,193,212741.56,2024-01-01,2025-12-31,ACTIVO
726,27,465,263792.62,2024-01-01,2025-12-31,ACTIVO
727,27,399,136469.12,2024-01-01,2025-12-31,ACTIVO
728,27,245,386717.55,2024-01-01,2025-12-31,ACTIVO
729,27,379,105578.89,2024-01-01,2025-12-31,ACTIVO
730,27,382,225011.0,2024-01-01,2025-12-31,ACTIVO
731,27,5,27013.37,2024-01-01,2025-12-31,ACTIVO
732,27,358,359033.32,2024-01-01,2025-12-31,ACTIVO
733,27,39,409167.59,2024-01-01,2025-12-31,ACTIVO
734,27,398,21440.44,2024-01-01,2025-12-31,ACTIVO
735,27,499,396287.2,2024-01-01,2025-12-31,ACTIVO
736,28,456,203623.1,2024-01-01,2025-12-31,ACTIVO
737,28,486,301966.51,2024-01-01,2025-12-31,ACTIVO
738,28,102,208938.3,2024-01-01,2025-12-31,ACTIVO
739,28,218,123984.46,2024-01-01,2025-12-31,ACTIVO
740,28,30,248590.09,2024-01-01,2025-12-31,ACTIVO
741,28,489,311603.25,2024-01-01,2025-12-31,ACTIVO
742,28,273,350146.66,2024-01-01,2025-12-31,ACTIVO
743,28,110,30602.65,2024-01-01,2025-12-31,ACTIVO
744,28,371,107706.49,2024-01-01,2025-12-31,ACTIVO
745,28,253,260600.73,2024-01-01,2025-12-31,ACTIVO
746,28,50,213266.25,2024-01-01,2025-12-31,ACTIVO
747,28,256,261935.68,2024-01-01,2025-12-31,ACTIVO
748,28,127,257345.19,2024-01-01,2025-12-31,ACTIVO
749,28,476,115225.83,2024-01-01,2025-12-31,ACTIVO
750,28,444,277292.93,2024-01-01,2025-12-31,ACTIVO
751,28,283,309127.4,2024-01-01,2025-12-31,ACTIVO
752,28,232,408305.78,2024-01-01,2025-12-31,ACTIVO
753,28,460,41794.46,2024-01-01,2025-12-31,ACTIVO
754,28,314,195147.28,2024-01-01,2025-12-31,ACTIVO
755,28,26,210839.47,2024-01-01,2025-12-31,ACTIVO
756,28,209,417033.99,2024-01-01,2025-12-31,ACTIVO
757,28,99,113164.21,2024-01-01,2025-12-31,ACTIVO
758,28,250,273854.27,2024-01-01,2025-12-31,ACTIVO
759,28,338,357344.49,2024-01-01,2025-12-31,ACTIVO
760,28,158,379628.72,2024-01-01,2025-12-31,ACTIVO
761,28,142,283748.4,2024-01-01,2025-12-31,ACTIVO
762,28,370,9676.4,2024-01-01,2025-12-31,ACTIVO
763,28,72,28419.77,2024-01-01,2025-12-31,ACTIVO
764,28,74,213592.55,2024-01-01,2025-12-31,ACTIVO
765,28,498,118046.13,2024-01-01,2025-12-31,ACTIVO
766,28,292,399815.19,2024-01-01,2025-12-31,ACTIVO
767,28,329,261521.13,2024-01-01,2025-12-31,ACTIVO
768,28,148,433110.83,2024-01-01,2025-12-31,ACTIVO
769,28,183,6723.59,2024-01-01,2025-12-31,ACTIVO
770,28,123,10129.0,2024-01-01,2025-12-31,ACTIVO
771,28,493,338520.85,2024-01-01,2025-12-31,ACTIVO
772,28,16,439324.38,2024-01-01,2025-12-31,ACTIVO
773,28,417,150817.57,2024-01-01,2025-12-31,ACTIVO
774,28,311,426167.42,2024-01-01,2025-12-31,ACTIVO
775,28,294,37882.93,2024-01-01,2025-12-31,ACTIVO
776,28,127,263615.71,2024-01-01,2025-12-31,ACTIVO
777,28,340,136189.1,2024-01-01,2025-12-31,ACTIVO
778,28,479,242127.84,2024-01-01,2025-12-31,ACTIVO
779,28,187,42423.11,2024-01-01,2025-12-31,ACTIVO
780,28,231,182845.19,2024-01-01,2025-12-31,ACTIVO
781,28,272,69193.81,2024-01-01,2025-12-31,ACTIVO
782,28,15,397359.8,2024-01-01,2025-12-31,ACTIVO
783,28,141,148527.58,2024-01-01,2025-12-31,ACTIVO
784,28,62,165486.05,2024-01-01,2025-12-31,ACTIVO
785,29,116,177915.63,2024-01-01,2025-12-31,ACTIVO
786,29,230,136355.52,2024-01-01,2025-12-31,ACTIVO
787,29,498,333795.39,2024-01-01,2025-12-31,ACTIVO
788,29,35,430490.94,2024-01-01,2025-12-31,ACTIVO
789,29,386,156250.8,2024-01-01,2025-12-31,ACTIVO
790,29,163,237294.58,2024-01-01,2025-12-31,ACTIVO
791,29,484,109700.19,2024-01-01,2025-12-31,ACTIVO
792,29,487,102286.62,2024-01-01,2025-12-31,ACTIVO
793,29,221,249419.18,2024-01-01,2025-12-31,ACTIVO
794,29,351,185280.38,2024-01-01,2025-12-31,ACTIVO
795,29,270,86855.51,2024-01-01,2025-12-31,ACTIVO
796,29,488,340373.7,2024-01-01,2025-12-31,ACTIVO
797,29,325,215454.49,2024-01-01,2025-12-31,ACTIVO
798,29,57,198232.52,2024-01-01,2025-12-31,ACTIVO
799,29,90,166574.42,2024-01-01,2025-12-31,ACTIVO
800,29,303,392567.7,2024-01-01,2025-12-31,ACTIVO
801,29,457,130905.77,2024-01-01,2025-12-31,ACTIVO
802,29,356,56463.85,2024-01-01,2025-12-31,ACTIVO
803,29,151,400519.94,2024-01-01,2025-12-31,ACTIVO
804,29,69,18053.89,2024-01-01,2025-12-31,ACTIVO
805,29,145,346830.52,2024-01-01,2025-12-31,ACTIVO
806,29,214,358379.52,2024-01-01,2025-12-31,ACTIVO
807,29,14,402838.56,2024-01-01,2025-12-31,ACTIVO
808,29,432,286671.01,2024-01-01,2025-12-31,ACTIVO
809,29,3,206785.37,2024-01-01,2025-12-31,ACTIVO
810,29,294,331181.18,2024-01-01,2025-12-31,ACTIVO
811,29,239,175100.22,2024-01-01,2025-12-31,ACTIVO
812,29,484,110470.21,2024-01-01,2025-12-31,ACTIVO
813,29,366,135141.51,2024-01-01,2025-12-31,ACTIVO
814,29,9,283190.39,2024-01-01,2025-12-31,ACTIVO
815,29,405,422438.9,2024-01-01,2025-12-31,ACTIVO
816,29,395,126410.48,2024-01-01,2025-12-31,ACTIVO
817,29,170,404813.59,2024-01-01,2025-12-31,ACTIVO
818,29,312,31032.57,2024-01-01,2025-12-31,ACTIVO
819,29,211,98836.04,2024-01-01,2025-12-31,ACTIVO
820,29,48,430577.79,2024-01-01,2025-12-31,ACTIVO
821,29,106,32807.59,2024-01-01,2025-12-31,ACTIVO
822,29,279,80763.77,2024-01-01,2025-12-31,ACTIVO
823,29,214,307529.76,2024-01-01,2025-12-31,ACTIVO
824,29,147,253848.44,2024-01-01,2025-12-31,ACTIVO
825,29,200,390067.33,2024-01-01,2025-12-31,ACTIVO
826,29,84,113853.49,2024-01-01,2025-12-31,ACTIVO
827,29,108,42835.54,2024-01-01,2025-12-31,ACTIVO
828,29,90,332026.85,2024-01-01,2025-12-31,ACTIVO
829,29,281,242121.1,2024-01-01,2025-12-31,ACTIVO
830,29,159,50263.51,2024-01-01,2025-12-31,ACTIVO
831,30,31,212617.23,2024-01-01,2025-12-31,ACTIVO
832,30,215,2291.75,2024-01-01,2025-12-31,ACTIVO
833,30,63,346958.25,2024-01-01,2025-12-31,ACTIVO
834,30,275,250765.44,2024-01-01,2025-12-31,ACTIVO
835,30,237,189767.34,2024-01-01,2025-12-31,ACTIVO
836,30,313,341326.93,2024-01-01,2025-12-31,ACTIVO
837,30,51,131403.7,2024-01-01,2025-12-31,ACTIVO
838,30,193,183077.5,2024-01-01,2025-12-31,ACTIVO
839,30,447,73025.87,2024-01-01,2025-12-31,ACTIVO
840,30,461,158096.5,2024-01-01,2025-12-31,ACTIVO
841,30,22,239279.64,2024-01-01,2025-12-31,ACTIVO
842,30,203,276935.3,2024-01-01,2025-12-31,ACTIVO
843,30,174,437145.77,2024-01-01,2025-12-31,ACTIVO
844,30,496,400949.96,2024-01-01,2025-12-31,ACTIVO
845,30,182,96716.95,2024-01-01,2025-12-31,ACTIVO
846,30,459,210909.41,2024-01-01,2025-12-31,ACTIVO
847,30,187,77529.48,2024-01-01,2025-12-31,ACTIVO
848,30,163,27147.46,2024-01-01,2025-12-31,ACTIVO
849,30,393,125102.52,2024-01-01,2025-12-31,ACTIVO
850,30,54,27176.0,2024-01-01,2025-12-31,ACTIVO
851,30,348,34152.45,2024-01-01,2025-12-31,ACTIVO
852,30,281,341036.34,2024-01-01,2025-12-31,ACTIVO
853,30,445,319.33,2024-01-01,2025-12-31,ACTIVO
854,31,332,77134.66,2024-01-01,2025-12-31,ACTIVO
855,31,318,198545.11,2024-01-01,2025-12-31,ACTIVO
856,31,69,163820.82,2024-01-01,2025-12-31,ACTIVO
857,31,270,313565.26,2024-01-01,2025-12-31,ACTIVO
858,31,206,328209.32,2024-01-01,2025-12-31,ACTIVO
859,31,455,206922.77,2024-01-01,2025-12-31,ACTIVO
860,31,3,170382.88,2024-01-01,2025-12-31,ACTIVO
861,31,261,266326.22,2024-01-01,2025-12-31,ACTIVO
862,31,201,135757.8,2024-01-01,2025-12-31,ACTIVO
863,31,423,174803.8,2024-01-01,2025-12-31,ACTIVO
864,31,51,316228.76,2024-01-01,2025-12-31,ACTIVO
865,31,305,171293.11,2024-01-01,2025-12-31,ACTIVO
866,31,171,291030.93,2024-01-01,2025-12-31,ACTIVO
867,31,444,135131.16,2024-01-01,2025-12-31,ACTIVO
868,32,432,430004.72,2024-01-01,2025-12-31,ACTIVO
869,32,481,204698.97,2024-01-01,2025-12-31,ACTIVO
870,32,368,267707.24,2024-01-01,2025-12-31,ACTIVO
871,32,5,37468.6,2024-01-01,2025-12-31,ACTIVO
872,32,105,31084.74,2024-01-01,2025-12-31,ACTIVO
873,32,403,114375.49,2024-01-01,2025-12-31,ACTIVO
874,32,332,150749.39,2024-01-01,2025-12-31,ACTIVO
875,32,313,415508.67,2024-01-01,2025-12-31,ACTIVO
876,32,346,108648.59,2024-01-01,2025-12-31,ACTIVO
877,32,395,407799.12,2024-01-01,2025-12-31,ACTIVO
878,32,441,425935.39,2024-01-01,2025-12-31,ACTIVO
879,32,96,190618.08,2024-01-01,2025-12-31,ACTIVO
880,32,333,44410.12,2024-01-01,2025-12-31,ACTIVO
881,32,310,406751.1,2024-01-01,2025-12-31,ACTIVO
882,32,105,403455.0,2024-01-01,2025-12-31,ACTIVO
883,32,187,404840.12,2024-01-01,2025-12-31,ACTIVO
884,32,96,100283.31,2024-01-01,2025-12-31,ACTIVO
885,32,349,190963.36,2024-01-01,2025-12-31,ACTIVO
886,32,90,315191.0,2024-01-01,2025-12-31,ACTIVO
887,32,36,177326.16,2024-01-01,2025-12-31,ACTIVO
888,32,326,277175.87,2024-01-01,2025-12-31,ACTIVO
889,32,484,385397.32,2024-01-01,2025-12-31,ACTIVO
890,32,145,256206.51,2024-01-01,2025-12-31,ACTIVO
891,32,257,406503.34,2024-01-01,2025-12-31,ACTIVO
892,32,29,132112.18,2024-01-01,2025-12-31,ACTIVO
893,32,149,61443.41,2024-01-01,2025-12-31,ACTIVO
894,32,389,120218.71,2024-01-01,2025-12-31,ACTIVO
895,32,162,376348.76,2024-01-01,2025-12-31,ACTIVO
896,32,150,242130.02,2024-01-01,2025-12-31,ACTIVO
897,32,318,284172.75,2024-01-01,2025-12-31,ACTIVO
898,32,395,245520.92,2024-01-01,2025-12-31,ACTIVO
899,32,130,302320.99,2024-01-01,2025-12-31,ACTIVO
900,32,337,354429.39,2024-01-01,2025-12-31,ACTIVO
901,32,446,249695.27,2024-01-01,2025-12-31,ACTIVO
902,32,275,141784.07,2024-01-01,2025-12-31,ACTIVO
903,32,297,449085.77,2024-01-01,2025-12-31,ACTIVO
904,32,420,37975.98,2024-01-01,2025-12-31,ACTIVO
905,32,75,45421.2,2024-01-01,2025-12-31,ACTIVO
906,32,324,72127.84,2024-01-01,2025-12-31,ACTIVO
907,32,307,96659.51,2024-01-01,2025-12-31,ACTIVO
908,32,70,168110.38,2024-01-01,2025-12-31,ACTIVO
909,33,46,425839.36,2024-01-01,2025-12-31,ACTIVO
910,33,6,90671.97,2024-01-01,2025-12-31,ACTIVO
911,33,454,254659.92,2024-01-01,2025-12-31,ACTIVO
912,33,194,392027.31,2024-01-01,2025-12-31,ACTIVO
913,33,273,396494.44,2024-01-01,2025-12-31,ACTIVO
914,33,297,299955.6,2024-01-01,2025-12-31,ACTIVO
915,33,208,276287.03,2024-01-01,2025-12-31,ACTIVO
916,33,101,28096.68,2024-01-01,2025-12-31,ACTIVO
917,33,282,3076.99,2024-01-01,2025-12-31,ACTIVO
918,33,346,97711.92,2024-01-01,2025-12-31,ACTIVO
919,33,93,203653.62,2024-01-01,2025-12-31,ACTIVO
920,34,461,427089.18,2024-01-01,2025-12-31,ACTIVO
921,34,201,319019.14,2024-01-01,2025-12-31,ACTIVO
922,34,169,207969.7,2024-01-01,2025-12-31,ACTIVO
923,34,368,416687.82,2024-01-01,2025-12-31,ACTIVO
924,34,137,41321.66,2024-01-01,2025-12-31,ACTIVO
925,34,491,324895.22,2024-01-01,2025-12-31,ACTIVO
926,34,145,73937.27,2024-01-01,2025-12-31,ACTIVO
927,34,400,112601.67,2024-01-01,2025-12-31,ACTIVO
928,34,398,317689.49,2024-01-01,2025-12-31,ACTIVO
929,34,271,317825.14,2024-01-01,2025-12-31,ACTIVO
930,34,201,401494.39,2024-01-01,2025-12-31,ACTIVO
931,34,440,433288.55,2024-01-01,2025-12-31,ACTIVO
932,34,438,143203.88,2024-01-01,2025-12-31,ACTIVO
933,35,120,189983.61,2024-01-01,2025-12-31,ACTIVO
934,35,362,187364.83,2024-01-01,2025-12-31,ACTIVO
935,35,417,253283.79,2024-01-01,2025-12-31,ACTIVO
936,35,84,17846.78,2024-01-01,2025-12-31,ACTIVO
937,35,174,149385.67,2024-01-01,2025-12-31,ACTIVO
938,36,348,320708.19,2024-01-01,2025-12-31,ACTIVO
939,36,400,245629.48,2024-01-01,2025-12-31,ACTIVO
940,36,315,376947.15,2024-01-01,2025-12-31,ACTIVO
941,36,180,249825.85,2024-01-01,2025-12-31,ACTIVO
942,36,179,315708.06,2024-01-01,2025-12-31,ACTIVO
943,36,257,110827.62,2024-01-01,2025-12-31,ACTIVO
944,36,84,354973.98,2024-01-01,2025-12-31,ACTIVO
945,36,113,388035.09,2024-01-01,2025-12-31,ACTIVO
946,36,81,153880.66,2024-01-01,2025-12-31,ACTIVO
947,36,32,147150.1,2024-01-01,2025-12-31,ACTIVO
948,36,185,446475.39,2024-01-01,2025-12-31,ACTIVO
949,36,340,37063.51,2024-01-01,2025-12-31,ACTIVO
950,36,7,311064.42,2024-01-01,2025-12-31,ACTIVO
951,36,364,311110.34,2024-01-01,2025-12-31,ACTIVO
952,36,431,359178.69,2024-01-01,2025-12-31,ACTIVO
953,36,151,282274.77,2024-01-01,2025-12-31,ACTIVO
954,36,417,425815.56,2024-01-01,2025-12-31,ACTIVO
955,36,141,182874.53,2024-01-01,2025-12-31,ACTIVO
956,36,316,268382.61,2024-01-01,2025-12-31,ACTIVO
957,36,334,294521.05,2024-01-01,2025-12-31,ACTIVO
958,36,452,338835.24,2024-01-01,2025-12-31,ACTIVO
959,37,456,257747.43,2024-01-01,2025-12-31,ACTIVO
960,37,386,117386.83,2024-01-01,2025-12-31,ACTIVO
961,37,35,430377.86,2024-01-01,2025-12-31,ACTIVO
962,37,105,268103.09,2024-01-01,2025-12-31,ACTIVO
963,37,298,48512.51,2024-01-01,2025-12-31,ACTIVO
964,37,273,308363.72,2024-01-01,2025-12-31,ACTIVO
965,37,164,335910.53,2024-01-01,2025-12-31,ACTIVO
966,37,329,50768.22,2024-01-01,2025-12-31,ACTIVO
967,37,364,4025.48,2024-01-01,2025-12-31,ACTIVO
968,37,272,91292.85,2024-01-01,2025-12-31,ACTIVO
969,37,459,415616.11,2024-01-01,2025-12-31,ACTIVO
970,37,134,363401.74,2024-01-01,2025-12-31,ACTIVO
971,37,30,430756.26,2024-01-01,2025-12-31,ACTIVO
972,37,318,290559.17,2024-01-01,2025-12-31,ACTIVO
973,37,361,197542.36,2024-01-01,2025-12-31,ACTIVO
974,37,96,77596.13,2024-01-01,2025-12-31,ACTIVO
975,37,279,158181.16,2024-01-01,2025-12-31,ACTIVO
976,37,198,132548.96,2024-01-01,2025-12-31,ACTIVO
977,37,209,16780.26,2024-01-01,2025-12-31,ACTIVO
978,37,136,158213.5,2024-01-01,2025-12-31,ACTIVO
979,37,333,66808.2,2024-01-01,2025-12-31,ACTIVO
980,37,263,73797.14,2024-01-01,2025-12-31,ACTIVO
981,37,245,29156.4,2024-01-01,2025-12-31,ACTIVO
982,37,365,36007.57,2024-01-01,2025-12-31,ACTIVO
983,37,221,34942.99,2024-01-01,2025-12-31,ACTIVO
984,37,52,361192.48,2024-01-01,2025-12-31,ACTIVO
985,37,28,44593.52,2024-01-01,2025-12-31,ACTIVO
986,37,436,271103.22,2024-01-01,2025-12-31,ACTIVO
987,37,292,107319.33,2024-01-01,2025-12-31,ACTIVO
988,37,29,259546.74,2024-01-01,2025-12-31,ACTIVO
989,37,494,441264.17,2024-01-01,2025-12-31,ACTIVO
990,37,386,227731.73,2024-01-01,2025-12-31,ACTIVO
991,37,39,226596.33,2024-01-01,2025-12-31,ACTIVO
992,37,495,246814.54,2024-01-01,2025-12-31,ACTIVO
993,37,495,171273.69,2024-01-01,2025-12-31,ACTIVO
994,37,141,242096.37,2024-01-01,2025-12-31,ACTIVO
995,37,138,432422.02,2024-01-01,2025-12-31,ACTIVO
996,37,474,417548.19,2024-01-01,2025-12-31,ACTIVO
997,37,118,254948.08,2024-01-01,2025-12-31,ACTIVO
998,37,183,181655.07,2024-01-01,2025-12-31,ACTIVO
999,37,139,246987.6,2024-01-01,2025-12-31,ACTIVO
1000,37,366,282585.4,2024-01-01,2025-12-31,ACTIVO
1001,38,430,209148.54,2024-01-01,2025-12-31,ACTIVO
1002,38,500,28513.65,2024-01-01,2025-12-31,ACTIVO
1003,38,88,92421.38,2024-01-01,2025-12-31,ACTIVO
1004,38,244,347870.57,2024-01-01,2025-12-31,ACTIVO
1005,38,368,381132.31,2024-01-01,2025-12-31,ACTIVO
1006,39,202,438650.81,2024-01-01,2025-12-31,ACTIVO
1007,39,65,285337.23,2024-01-01,2025-12-31,ACTIVO
1008,39,393,388444.49,2024-01-01,2025-12-31,ACTIVO
1009,39,414,360966.53,2024-01-01,2025-12-31,ACTIVO
1010,39,88,277936.7,2024-01-01,2025-12-31,ACTIVO
1011,39,7,215892.35,2024-01-01,2025-12-31,ACTIVO
1012,39,331,155220.96,2024-01-01,2025-12-31,ACTIVO
1013,39,311,218756.09,2024-01-01,2025-12-31,ACTIVO
1014,39,94,403095.24,2024-01-01,2025-12-31,ACTIVO
1015,39,119,213299.69,2024-01-01,2025-12-31,ACTIVO
1016,39,1,326824.33,2024-01-01,2025-12-31,ACTIVO
1017,39,26,172815.53,2024-01-01,2025-12-31,ACTIVO
1018,39,375,353114.41,2024-01-01,2025-12-31,ACTIVO
1019,39,164,440011.06,2024-01-01,2025-12-31,ACTIVO
1020,39,291,358649.56,2024-01-01,2025-12-31,ACTIVO
1021,39,413,385866.14,2024-01-01,2025-12-31,ACTIVO
1022,39,410,55806.13,2024-01-01,2025-12-31,ACTIVO
1023,39,321,114806.53,2024-01-01,2025-12-31,ACTIVO
1024,39,342,266632.66,2024-01-01,2025-12-31,ACTIVO
1025,39,331,393896.32,2024-01-01,2025-12-31,ACTIVO
1026,39,380,415038.04,2024-01-01,2025-12-31,ACTIVO
1027,39,75,42094.32,2024-01-01,2025-12-31,ACTIVO
1028,39,440,416825.78,2024-01-01,2025-12-31,ACTIVO
1029,39,411,331863.19,2024-01-01,2025-12-31,ACTIVO
1030,39,348,440983.18,2024-01-01,2025-12-31,ACTIVO
1031,39,431,129913.11,2024-01-01,2025-12-31,ACTIVO
1032,39,31,360295.43,2024-01-01,2025-12-31,ACTIVO
1033,39,486,143826.91,2024-01-01,2025-12-31,ACTIVO
1034,39,68,95549.34,2024-01-01,2025-12-31,ACTIVO
1035,39,123,388728.91,2024-01-01,2025-12-31,ACTIVO
1036,39,234,80809.6,2024-01-01,2025-12-31,ACTIVO
1037,39,463,388919.42,2024-01-01,2025-12-31,ACTIVO
1038,39,246,153832.95,2024-01-01,2025-12-31,ACTIVO
1039,39,132,40354.76,2024-01-01,2025-12-31,ACTIVO
1040,39,452,93039.18,2024-01-01,2025-12-31,ACTIVO
1041,39,140,202497.2,2024-01-01,2025-12-31,ACTIVO
1042,39,462,316644.28,2024-01-01,2025-12-31,ACTIVO
1043,39,31,119443.31,2024-01-01,2025-12-31,ACTIVO
1044,39,34,364188.49,2024-01-01,2025-12-31,ACTIVO
1045,39,124,272208.29,2024-01-01,2025-12-31,ACTIVO
1046,39,438,118665.7,2024-01-01,2025-12-31,ACTIVO
1047,39,459,370882.65,2024-01-01,2025-12-31,ACTIVO
1048,39,169,165043.74,2024-01-01,2025-12-31,ACTIVO
1049,39,473,32331.2,2024-01-01,2025-12-31,ACTIVO
1050,39,347,172379.68,2024-01-01,2025-12-31,ACTIVO
1051,39,96,298735.93,2024-01-01,2025-12-31,ACTIVO
1052,39,181,140853.33,2024-01-01,2025-12-31,ACTIVO
1053,40,236,390066.28,2024-01-01,2025-12-31,ACTIVO
1054,40,460,9180.26,2024-01-01,2025-12-31,ACTIVO
1055,40,366,217014.17,2024-01-01,2025-12-31,ACTIVO
1056,40,181,197493.51,2024-01-01,2025-12-31,ACTIVO
1057,40,277,61716.91,2024-01-01,2025-12-31,ACTIVO
1058,40,148,425461.55,2024-01-01,2025-12-31,ACTIVO
1059,41,258,65996.88,2024-01-01,2025-12-31,ACTIVO
1060,41,179,236034.52,2024-01-01,2025-12-31,ACTIVO
1061,41,255,326927.13,2024-01-01,2025-12-31,ACTIVO
1062,41,19,260279.08,2024-01-01,2025-12-31,ACTIVO
1063,41,464,132761.44,2024-01-01,2025-12-31,ACTIVO
1064,41,220,243771.34,2024-01-01,2025-12-31,ACTIVO
1065,41,127,157035.2,2024-01-01,2025-12-31,ACTIVO
1066,41,391,107455.78,2024-01-01,2025-12-31,ACTIVO
1067,41,435,192943.29,2024-01-01,2025-12-31,ACTIVO
1068,42,356,350245.7,2024-01-01,2025-12-31,ACTIVO
1069,42,108,319757.58,2024-01-01,2025-12-31,ACTIVO
1070,42,196,313569.97,2024-01-01,2025-12-31,ACTIVO
1071,42,197,196396.01,2024-01-01,2025-12-31,ACTIVO
1072,42,481,411753.88,2024-01-01,2025-12-31,ACTIVO
1073,42,445,111050.26,2024-01-01,2025-12-31,ACTIVO
1074,42,149,251402.42,2024-01-01,2025-12-31,ACTIVO
1075,42,194,441804.67,2024-01-01,2025-12-31,ACTIVO
1076,42,280,183999.93,2024-01-01,2025-12-31,ACTIVO
1077,42,495,73097.48,2024-01-01,2025-12-31,ACTIVO
1078,42,108,371941.08,2024-01-01,2025-12-31,ACTIVO
1079,42,403,331996.65,2024-01-01,2025-12-31,ACTIVO
1080,42,369,351047.25,2024-01-01,2025-12-31,ACTIVO
1081,42,355,369079.94,2024-01-01,2025-12-31,ACTIVO
1082,42,381,232410.3,2024-01-01,2025-12-31,ACTIVO
1083,42,74,108867.79,2024-01-01,2025-12-31,ACTIVO
1084,42,408,429729.11,2024-01-01,2025-12-31,ACTIVO
1085,43,164,449895.06,2024-01-01,2025-12-31,ACTIVO
1086,43,153,12963.33,2024-01-01,2025-12-31,ACTIVO
1087,43,369,129627.74,2024-01-01,2025-12-31,ACTIVO
1088,43,119,174896.11,2024-01-01,2025-12-31,ACTIVO
1089,43,139,178716.57,2024-01-01,2025-12-31,ACTIVO
1090,43,12,107415.92,2024-01-01,2025-12-31,ACTIVO
1091,43,220,323343.9,2024-01-01,2025-12-31,ACTIVO
1092,43,174,69439.54,2024-01-01,2025-12-31,ACTIVO
1093,43,356,2565.77,2024-01-01,2025-12-31,ACTIVO
1094,43,500,80393.4,2024-01-01,2025-12-31,ACTIVO
1095,43,146,373614.86,2024-01-01,2025-12-31,ACTIVO
1096,43,417,332004.35,2024-01-01,2025-12-31,ACTIVO
1097,43,406,211627.67,2024-01-01,2025-12-31,ACTIVO
1098,43,172,284331.82,2024-01-01,2025-12-31,ACTIVO
1099,43,75,340779.35,2024-01-01,2025-12-31,ACTIVO
1100,44,473,224309.66,2024-01-01,2025-12-31,ACTIVO
1101,44,304,266388.66,2024-01-01,2025-12-31,ACTIVO
1102,44,138,31696.31,2024-01-01,2025-12-31,ACTIVO
1103,44,332,29141.95,2024-01-01,2025-12-31,ACTIVO
1104,44,453,419074.7,2024-01-01,2025-12-31,ACTIVO
1105,44,67,25813.51,2024-01-01,2025-12-31,ACTIVO
1106,44,454,443736.02,2024-01-01,2025-12-31,ACTIVO
1107,44,61,404884.53,2024-01-01,2025-12-31,ACTIVO
1108,44,240,365198.8,2024-01-01,2025-12-31,ACTIVO
1109,44,86,142076.95,2024-01-01,2025-12-31,ACTIVO
1110,44,99,282520.52,2024-01-01,2025-12-31,ACTIVO
1111,44,394,438957.04,2024-01-01,2025-12-31,ACTIVO
1112,44,131,368477.97,2024-01-01,2025-12-31,ACTIVO
1113,44,454,119343.73,2024-01-01,2025-12-31,ACTIVO
1114,44,191,241279.61,2024-01-01,2025-12-31,ACTIVO
1115,44,176,346417.58,2024-01-01,2025-12-31,ACTIVO
1116,44,254,109681.93,2024-01-01,2025-12-31,ACTIVO
1117,44,95,294437.09,2024-01-01,2025-12-31,ACTIVO
1118,44,19,332794.1,2024-01-01,2025-12-31,ACTIVO
1119,44,358,15770.82,2024-01-01,2025-12-31,ACTIVO
1120,44,124,209637.61,2024-01-01,2025-12-31,ACTIVO
1121,44,194,183974.33,2024-01-01,2025-12-31,ACTIVO
1122,44,352,68110.1,2024-01-01,2025-12-31,ACTIVO
1123,44,237,364410.16,2024-01-01,2025-12-31,ACTIVO
1124,44,284,58654.0,2024-01-01,2025-12-31,ACTIVO
1125,44,165,276579.25,2024-01-01,2025-12-31,ACTIVO
1126,44,258,380162.01,2024-01-01,2025-12-31,ACTIVO
1127,44,4,343962.44,2024-01-01,2025-12-31,ACTIVO
1128,44,237,140588.87,2024-01-01,2025-12-31,ACTIVO
1129,44,117,151933.04,2024-01-01,2025-12-31,ACTIVO
1130,44,409,311565.92,2024-01-01,2025-12-31,ACTIVO
1131,44,227,157391.62,2024-01-01,2025-12-31,ACTIVO
1132,44,345,294752.32,2024-01-01,2025-12-31,ACTIVO
1133,44,91,356198.25,2024-01-01,2025-12-31,ACTIVO
1134,44,84,90246.45,2024-01-01,2025-12-31,ACTIVO
1135,44,348,250321.57,2024-01-01,2025-12-31,ACTIVO
1136,44,151,5979.37,2024-01-01,2025-12-31,ACTIVO
1137,44,362,317047.45,2024-01-01,2025-12-31,ACTIVO
1138,44,317,117592.45,2024-01-01,2025-12-31,ACTIVO
1139,44,53,118565.51,2024-01-01,2025-12-31,ACTIVO
1140,44,440,250455.52,2024-01-01,2025-12-31,ACTIVO
1141,44,129,406421.51,2024-01-01,2025-12-31,ACTIVO
1142,44,335,179447.0,2024-01-01,2025-12-31,ACTIVO
1143,44,69,384758.96,2024-01-01,2025-12-31,ACTIVO
1144,44,323,230633.34,2024-01-01,2025-12-31,ACTIVO
1145,44,239,77607.76,2024-01-01,2025-12-31,ACTIVO
1146,45,243,299395.23,2024-01-01,2025-12-31,ACTIVO
1147,45,256,19667.95,2024-01-01,2025-12-31,ACTIVO
1148,45,409,46539.32,2024-01-01,2025-12-31,ACTIVO
1149,45,360,321093.07,2024-01-01,2025-12-31,ACTIVO
1150,45,31,157686.05,2024-01-01,2025-12-31,ACTIVO
1151,45,213,154085.53,2024-01-01,2025-12-31,ACTIVO
1152,45,270,197225.78,2024-01-01,2025-12-31,ACTIVO
1153,45,470,115326.57,2024-01-01,2025-12-31,ACTIVO
1154,45,377,388935.17,2024-01-01,2025-12-31,ACTIVO
1155,45,220,32003.26,2024-01-01,2025-12-31,ACTIVO
1156,45,440,404885.6,2024-01-01,2025-12-31,ACTIVO
1157,45,472,121068.28,2024-01-01,2025-12-31,ACTIVO
1158,45,458,218103.52,2024-01-01,2025-12-31,ACTIVO
1159,45,11,258470.6,2024-01-01,2025-12-31,ACTIVO
1160,45,437,329620.84,2024-01-01,2025-12-31,ACTIVO
1161,45,135,410889.19,2024-01-01,2025-12-31,ACTIVO
1162,45,249,153322.66,2024-01-01,2025-12-31,ACTIVO
1163,45,399,20809.86,2024-01-01,2025-12-31,ACTIVO
1164,45,423,350405.16,2024-01-01,2025-12-31,ACTIVO
1165,46,332,147356.82,2024-01-01,2025-12-31,ACTIVO
1166,46,215,224437.52,2024-01-01,2025-12-31,ACTIVO
1167,46,434,94233.53,2024-01-01,2025-12-31,ACTIVO
1168,46,440,380440.9,2024-01-01,2025-12-31,ACTIVO
1169,46,3,61214.24,2024-01-01,2025-12-31,ACTIVO
1170,46,267,292698.46,2024-01-01,2025-12-31,ACTIVO
1171,46,372,444562.98,2024-01-01,2025-12-31,ACTIVO
1172,46,60,81489.12,2024-01-01,2025-12-31,ACTIVO
1173,46,269,238547.86,2024-01-01,2025-12-31,ACTIVO
1174,46,82,179571.98,2024-01-01,2025-12-31,ACTIVO
1175,47,75,33229.43,2024-01-01,2025-12-31,ACTIVO
1176,47,329,446890.06,2024-01-01,2025-12-31,ACTIVO
1177,47,288,314625.15,2024-01-01,2025-12-31,ACTIVO
1178,47,251,393460.58,2024-01-01,2025-12-31,ACTIVO
1179,47,318,384386.66,2024-01-01,2025-12-31,ACTIVO
1180,47,360,201672.61,2024-01-01,2025-12-31,ACTIVO
1181,47,433,368380.68,2024-01-01,2025-12-31,ACTIVO
1182,47,53,105824.97,2024-01-01,2025-12-31,ACTIVO
1183,47,354,384905.53,2024-01-01,2025-12-31,ACTIVO
1184,47,376,310955.42,2024-01-01,2025-12-31,ACTIVO
1185,47,377,177910.32,2024-01-01,2025-12-31,ACTIVO
1186,47,387,416178.01,2024-01-01,2025-12-31,ACTIVO
1187,47,415,336167.54,2024-01-01,2025-12-31,ACTIVO
1188,47,264,83009.85,2024-01-01,2025-12-31,ACTIVO
1189,47,181,414756.83,2024-01-01,2025-12-31,ACTIVO
1190,47,113,334448.54,2024-01-01,2025-12-31,ACTIVO
1191,47,292,75987.67,2024-01-01,2025-12-31,ACTIVO
1192,47,433,445877.96,2024-01-01,2025-12-31,ACTIVO
1193,47,474,160549.31,2024-01-01,2025-12-31,ACTIVO
1194,47,205,274119.63,2024-01-01,2025-12-31,ACTIVO
1195,47,329,287964.13,2024-01-01,2025-12-31,ACTIVO
1196,47,221,67446.78,2024-01-01,2025-12-31,ACTIVO
1197,47,173,238693.97,2024-01-01,2025-12-31,ACTIVO
1198,47,49,318813.79,2024-01-01,2025-12-31,ACTIVO
1199,47,162,158934.54,2024-01-01,2025-12-31,ACTIVO
1200,47,78,265947.33,2024-01-01,2025-12-31,ACTIVO
1201,47,124,248812.39,2024-01-01,2025-12-31,ACTIVO
1202,47,361,109084.4,2024-01-01,2025-12-31,ACTIVO
1203,47,339,95436.36,2024-01-01,2025-12-31,ACTIVO
1204,47,143,217891.84,2024-01-01,2025-12-31,ACTIVO
1205,47,171,332060.06,2024-01-01,2025-12-31,ACTIVO
1206,47,354,205108.85,2024-01-01,2025-12-31,ACTIVO
1207,47,51,354926.45,2024-01-01,2025-12-31,ACTIVO
1208,47,125,314815.97,2024-01-01,2025-12-31,ACTIVO
1209,47,393,435474.06,2024-01-01,2025-12-31,ACTIVO
1210,47,59,8987.75,2024-01-01,2025-12-31,ACTIVO
1211,47,43,95782.36,2024-01-01,2025-12-31,ACTIVO
1212,48,374,411274.71,2024-01-01,2025-12-31,ACTIVO
1213,48,374,19612.98,2024-01-01,2025-12-31,ACTIVO
1214,48,62,17736.52,2024-01-01,2025-12-31,ACTIVO
1215,48,350,378516.06,2024-01-01,2025-12-31,ACTIVO
1216,48,142,250372.41,2024-01-01,2025-12-31,ACTIVO
1217,48,456,360876.1,2024-01-01,2025-12-31,ACTIVO
1218,48,239,125112.92,2024-01-01,2025-12-31,ACTIVO
1219,48,173,421771.18,2024-01-01,2025-12-31,ACTIVO
1220,48,310,289750.41,2024-01-01,2025-12-31,ACTIVO
1221,48,327,59324.76,2024-01-01,2025-12-31,ACTIVO
1222,48,276,111357.49,2024-01-01,2025-12-31,ACTIVO
1223,48,120,449949.02,2024-01-01,2025-12-31,ACTIVO
1224,48,368,346409.41,2024-01-01,2025-12-31,ACTIVO
1225,48,138,407979.21,2024-01-01,2025-12-31,ACTIVO
1226,48,304,170282.35,2024-01-01,2025-12-31,ACTIVO
1227,48,116,315528.73,2024-01-01,2025-12-31,ACTIVO
1228,48,481,174698.98,2024-01-01,2025-12-31,ACTIVO
1229,48,371,258275.91,2024-01-01,2025-12-31,ACTIVO
1230,49,35,272152.06,2024-01-01,2025-12-31,ACTIVO
1231,49,173,5680.67,2024-01-01,2025-12-31,ACTIVO
1232,49,479,414500.49,2024-01-01,2025-12-31,ACTIVO
1233,49,283,6.31,2024-01-01,2025-12-31,ACTIVO
1234,49,110,257100.16,2024-01-01,2025-12-31,ACTIVO
1235,49,382,301749.46,2024-01-01,2025-12-31,ACTIVO
1236,49,3,388062.52,2024-01-01,2025-12-31,ACTIVO
1237,49,244,124233.58,2024-01-01,2025-12-31,ACTIVO
1238,49,348,100275.71,2024-01-01,2025-12-31,ACTIVO
1239,49,42,374516.1,2024-01-01,2025-12-31,ACTIVO
1240,49,321,368667.88,2024-01-01,2025-12-31,ACTIVO
1241,49,213,121283.61,2024-01-01,2025-12-31,ACTIVO
1242,49,146,100250.02,2024-01-01,2025-12-31,ACTIVO
1243,49,2,172735.04,2024-01-01,2025-12-31,ACTIVO
1244,49,227,342263.39,2024-01-01,2025-12-31,ACTIVO
1245,49,94,413749.66,2024-01-01,2025-12-31,ACTIVO
1246,49,216,36067.41,2024-01-01,2025-12-31,ACTIVO
1247,49,286,138255.02,2024-01-01,2025-12-31,ACTIVO
1248,49,266,284478.03,2024-01-01,2025-12-31,ACTIVO
1249,49,432,159393.22,2024-01-01,2025-12-31,ACTIVO
1250,49,86,154500.04,2024-01-01,2025-12-31,ACTIVO
1251,49,215,88593.63,2024-01-01,2025-12-31,ACTIVO
1252,49,273,262765.16,2024-01-01,2025-12-31,ACTIVO
1253,49,199,266995.08,2024-01-01,2025-12-31,ACTIVO
1254,49,58,136741.86,2024-01-01,2025-12-31,ACTIVO
1255,49,185,370414.9,2024-01-01,2025-12-31,ACTIVO
1256,49,94,67565.06,2024-01-01,2025-12-31,ACTIVO
1257,49,122,133703.94,2024-01-01,2025-12-31,ACTIVO
1258,49,283,299166.35,2024-01-01,2025-12-31,ACTIVO
1259,49,63,51121.7,2024-01-01,2025-12-31,ACTIVO
1260,49,57,203893.33,2024-01-01,2025-12-31,ACTIVO
1261,49,208,190735.3,2024-01-01,2025-12-31,ACTIVO
1262,49,473,308687.77,2024-01-01,2025-12-31,ACTIVO
1263,49,358,213919.34,2024-01-01,2025-12-31,ACTIVO
1264,49,424,241222.82,2024-01-01,2025-12-31,ACTIVO
1265,49,424,304358.42,2024-01-01,2025-12-31,ACTIVO
1266,49,366,4324.43,2024-01-01,2025-12-31,ACTIVO
1267,49,163,373010.41,2024-01-01,2025-12-31,ACTIVO
1268,49,192,390917.9,2024-01-01,2025-12-31,ACTIVO
1269,49,358,201060.0,2024-01-01,2025-12-31,ACTIVO
1270,49,92,5988.52,2024-01-01,2025-12-31,ACTIVO
1271,49,382,234773.63,2024-01-01,2025-12-31,ACTIVO
1272,49,232,82978.9,2024-01-01,2025-12-31,ACTIVO
1273,49,238,158127.93,2024-01-01,2025-12-31,ACTIVO
1274,49,246,114323.94,2024-01-01,2025-12-31,ACTIVO
1275,50,374,292472.46,2024-01-01,2025-12-31,ACTIVO
1276,50,307,64902.83,2024-01-01,2025-12-31,ACTIVO
1277,50,242,186024.07,2024-01-01,2025-12-31,ACTIVO
1278,50,201,178417.81,2024-01-01,2025-12-31,ACTIVO
1279,50,52,175087.8,2024-01-01,2025-12-31,ACTIVO
1280,50,94,56054.23,2024-01-01,2025-12-31,ACTIVO
1281,50,27,412829.46,2024-01-01,2025-12-31,ACTIVO
1282,50,425,356142.81,2024-01-01,2025-12-31,ACTIVO
1283,50,446,249563.4,2024-01-01,2025-12-31,ACTIVO
1284,50,73,85677.82,2024-01-01,2025-12-31,ACTIVO
1285,50,144,147406.68,2024-01-01,2025-12-31,ACTIVO
1286,50,225,276062.11,2024-01-01,2025-12-31,ACTIVO
1287,50,137,416492.15,2024-01-01,2025-12-31,ACTIVO
1288,50,393,330753.79,2024-01-01,2025-12-31,ACTIVO
1289,50,476,167843.52,2024-01-01,2025-12-31,ACTIVO
1290,50,137,335263.69,2024-01-01,2025-12-31,ACTIVO
1291,50,482,244748.03,2024-01-01,2025-12-31,ACTIVO
1292,50,195,174038.01,2024-01-01,2025-12-31,ACTIVO
1293,50,13,300809.51,2024-01-01,2025-12-31,ACTIVO
1294,50,108,425195.38,2024-01-01,2025-12-31,ACTIVO
1295,50,339,216501.79,2024-01-01,2025-12-31,ACTIVO
1296,50,332,25631.33,2024-01-01,2025-12-31,ACTIVO
1297,50,403,54417.79,2024-01-01,2025-12-31,ACTIVO
1298,50,367,132706.18,2024-01-01,2025-12-31,ACTIVO
1299,50,224,247870.64,2024-01-01,2025-12-31,ACTIVO
1300,50,384,318706.53,2024-01-01,2025-12-31,ACTIVO
1301,50,479,2679.7,2024-01-01,2025-12-31,ACTIVO
1302,50,224,104034.45,2024-01-01,2025-12-31,ACTIVO
1303,50,250,201523.68,2024-01-01,2025-12-31,ACTIVO
1304,50,200,457.65,2024-01-01,2025-12-31,ACTIVO
1305,50,77,229030.34,2024-01-01,2025-12-31,ACTIVO
1306,50,78,354291.18,2024-01-01,2025-12-31,ACTIVO
1307,51,204,255821.96,2024-01-01,2025-12-31,ACTIVO
1308,51,19,44896.38,2024-01-01,2025-12-31,ACTIVO
1309,51,429,45329.49,2024-01-01,2025-12-31,ACTIVO
1310,51,27,437702.95,2024-01-01,2025-12-31,ACTIVO
1311,51,353,447847.04,2024-01-01,2025-12-31,ACTIVO
1312,51,306,414512.99,2024-01-01,2025-12-31,ACTIVO
1313,51,315,243771.67,2024-01-01,2025-12-31,ACTIVO
1314,51,300,399829.66,2024-01-01,2025-12-31,ACTIVO
1315,51,248,336535.55,2024-01-01,2025-12-31,ACTIVO
1316,51,243,154853.96,2024-01-01,2025-12-31,ACTIVO
1317,51,453,199382.77,2024-01-01,2025-12-31,ACTIVO
1318,51,439,177499.28,2024-01-01,2025-12-31,ACTIVO
1319,51,114,183242.24,2024-01-01,2025-12-31,ACTIVO
1320,51,400,734.37,2024-01-01,2025-12-31,ACTIVO
1321,51,444,396451.7,2024-01-01,2025-12-31,ACTIVO
1322,51,384,96252.77,2024-01-01,2025-12-31,ACTIVO
1323,51,142,139361.01,2024-01-01,2025-12-31,ACTIVO
1324,51,370,262044.0,2024-01-01,2025-12-31,ACTIVO
1325,51,384,180567.73,2024-01-01,2025-12-31,ACTIVO
1326,51,116,303578.98,2024-01-01,2025-12-31,ACTIVO
1327,51,21,343181.47,2024-01-01,2025-12-31,ACTIVO
1328,51,229,262859.91,2024-01-01,2025-12-31,ACTIVO
1329,51,39,47033.97,2024-01-01,2025-12-31,ACTIVO
1330,51,348,268846.98,2024-01-01,2025-12-31,ACTIVO
1331,51,246,31325.11,2024-01-01,2025-12-31,ACTIVO
1332,51,57,234089.97,2024-01-01,2025-12-31,ACTIVO
1333,51,435,305821.68,2024-01-01,2025-12-31,ACTIVO
1334,51,102,38790.85,2024-01-01,2025-12-31,ACTIVO
1335,51,161,221473.32,2024-01-01,2025-12-31,ACTIVO
1336,51,462,48552.57,2024-01-01,2025-12-31,ACTIVO
1337,51,322,449109.73,2024-01-01,2025-12-31,ACTIVO
1338,51,395,306681.09,2024-01-01,2025-12-31,ACTIVO
1339,51,325,256308.74,2024-01-01,2025-12-31,ACTIVO
1340,51,380,127914.59,2024-01-01,2025-12-31,ACTIVO
1341,52,389,117008.43,2024-01-01,2025-12-31,ACTIVO
1342,52,340,168551.99,2024-01-01,2025-12-31,ACTIVO
1343,52,199,7626.46,2024-01-01,2025-12-31,ACTIVO
1344,52,27,405331.41,2024-01-01,2025-12-31,ACTIVO
1345,52,392,194263.37,2024-01-01,2025-12-31,ACTIVO
1346,52,286,23112.11,2024-01-01,2025-12-31,ACTIVO
1347,52,340,360069.12,2024-01-01,2025-12-31,ACTIVO
1348,52,476,440025.91,2024-01-01,2025-12-31,ACTIVO
1349,52,225,423588.72,2024-01-01,2025-12-31,ACTIVO
1350,52,194,343626.36,2024-01-01,2025-12-31,ACTIVO
1351,52,205,393862.71,2024-01-01,2025-12-31,ACTIVO
1352,52,86,226185.68,2024-01-01,2025-12-31,ACTIVO
1353,52,351,367217.02,2024-01-01,2025-12-31,ACTIVO
1354,52,158,82951.06,2024-01-01,2025-12-31,ACTIVO
1355,52,299,237906.12,2024-01-01,2025-12-31,ACTIVO
1356,52,101,161235.49,2024-01-01,2025-12-31,ACTIVO
1357,52,301,172483.06,2024-01-01,2025-12-31,ACTIVO
1358,52,208,129016.52,2024-01-01,2025-12-31,ACTIVO
1359,52,166,313065.56,2024-01-01,2025-12-31,ACTIVO
1360,52,413,388860.98,2024-01-01,2025-12-31,ACTIVO
1361,53,205,411869.61,2024-01-01,2025-12-31,ACTIVO
1362,53,408,171124.3,2024-01-01,2025-12-31,ACTIVO
1363,53,269,208151.81,2024-01-01,2025-12-31,ACTIVO
1364,53,132,255765.85,2024-01-01,2025-12-31,ACTIVO
1365,53,470,345345.42,2024-01-01,2025-12-31,ACTIVO
1366,53,64,252503.17,2024-01-01,2025-12-31,ACTIVO
1367,53,99,255217.24,2024-01-01,2025-12-31,ACTIVO
1368,53,451,261950.61,2024-01-01,2025-12-31,ACTIVO
1369,53,347,268305.37,2024-01-01,2025-12-31,ACTIVO
1370,53,11,61969.13,2024-01-01,2025-12-31,ACTIVO
1371,53,180,123163.15,2024-01-01,2025-12-31,ACTIVO
1372,53,454,84266.41,2024-01-01,2025-12-31,ACTIVO
1373,53,474,406260.69,2024-01-01,2025-12-31,ACTIVO
1374,53,116,423817.04,2024-01-01,2025-12-31,ACTIVO
1375,53,483,32610.17,2024-01-01,2025-12-31,ACTIVO
1376,53,32,136655.37,2024-01-01,2025-12-31,ACTIVO
1377,54,359,183335.25,2024-01-01,2025-12-31,ACTIVO
1378,54,215,296314.37,2024-01-01,2025-12-31,ACTIVO
1379,54,386,415582.41,2024-01-01,2025-12-31,ACTIVO
1380,54,441,435933.39,2024-01-01,2025-12-31,ACTIVO
1381,54,56,170351.07,2024-01-01,2025-12-31,ACTIVO
1382,54,306,240925.8,2024-01-01,2025-12-31,ACTIVO
1383,54,117,170436.91,2024-01-01,2025-12-31,ACTIVO
1384,54,373,355857.28,2024-01-01,2025-12-31,ACTIVO
1385,54,266,164059.81,2024-01-01,2025-12-31,ACTIVO
1386,54,425,227007.2,2024-01-01,2025-12-31,ACTIVO
1387,54,275,90080.48,2024-01-01,2025-12-31,ACTIVO
1388,54,172,125439.92,2024-01-01,2025-12-31,ACTIVO
1389,54,431,71688.54,2024-01-01,2025-12-31,ACTIVO
1390,54,379,341087.37,2024-01-01,2025-12-31,ACTIVO
1391,54,290,163993.13,2024-01-01,2025-12-31,ACTIVO
1392,54,170,426542.68,2024-01-01,2025-12-31,ACTIVO
1393,54,95,87221.11,2024-01-01,2025-12-31,ACTIVO
1394,54,293,366672.31,2024-01-01,2025-12-31,ACTIVO
1395,54,284,378479.83,2024-01-01,2025-12-31,ACTIVO
1396,54,410,417047.88,2024-01-01,2025-12-31,ACTIVO
1397,54,348,260741.81,2024-01-01,2025-12-31,ACTIVO
1398,54,121,243346.63,2024-01-01,2025-12-31,ACTIVO
1399,54,338,402779.28,2024-01-01,2025-12-31,ACTIVO
1400,54,401,304431.47,2024-01-01,2025-12-31,ACTIVO
1401,54,19,398023.03,2024-01-01,2025-12-31,ACTIVO
1402,54,429,60741.32,2024-01-01,2025-12-31,ACTIVO
1403,54,211,408435.93,2024-01-01,2025-12-31,ACTIVO
1404,54,498,192182.57,2024-01-01,2025-12-31,ACTIVO
1405,54,165,260233.57,2024-01-01,2025-12-31,ACTIVO
1406,54,427,313214.12,2024-01-01,2025-12-31,ACTIVO
1407,54,142,404574.39,2024-01-01,2025-12-31,ACTIVO
1408,54,240,429477.07,2024-01-01,2025-12-31,ACTIVO
1409,54,160,198294.74,2024-01-01,2025-12-31,ACTIVO
1410,54,228,323084.87,2024-01-01,2025-12-31,ACTIVO
1411,54,15,268787.07,2024-01-01,2025-12-31,ACTIVO
1412,54,15,185510.43,2024-01-01,2025-12-31,ACTIVO
1413,55,18,296720.64,2024-01-01,2025-12-31,ACTIVO
1414,55,245,416968.25,2024-01-01,2025-12-31,ACTIVO
1415,55,240,248290.62,2024-01-01,2025-12-31,ACTIVO
1416,55,290,406610.7,2024-01-01,2025-12-31,ACTIVO
1417,55,197,286196.58,2024-01-01,2025-12-31,ACTIVO
1418,55,242,93280.34,2024-01-01,2025-12-31,ACTIVO
1419,55,203,185577.45,2024-01-01,2025-12-31,ACTIVO
1420,55,195,138382.55,2024-01-01,2025-12-31,ACTIVO
1421,55,500,42700.09,2024-01-01,2025-12-31,ACTIVO
1422,55,418,146625.04,2024-01-01,2025-12-31,ACTIVO
1423,55,49,374273.08,2024-01-01,2025-12-31,ACTIVO
1424,55,304,419651.13,2024-01-01,2025-12-31,ACTIVO
1425,55,88,22279.6,2024-01-01,2025-12-31,ACTIVO
1426,55,406,145607.32,2024-01-01,2025-12-31,ACTIVO
1427,55,170,88138.7,2024-01-01,2025-12-31,ACTIVO
1428,55,252,49019.78,2024-01-01,2025-12-31,ACTIVO
1429,55,171,418469.29,2024-01-01,2025-12-31,ACTIVO
1430,55,78,27196.3,2024-01-01,2025-12-31,ACTIVO
1431,55,303,74896.95,2024-01-01,2025-12-31,ACTIVO
1432,55,368,217890.04,2024-01-01,2025-12-31,ACTIVO
1433,55,105,219158.65,2024-01-01,2025-12-31,ACTIVO
1434,55,461,411204.76,2024-01-01,2025-12-31,ACTIVO
1435,55,263,164888.1,2024-01-01,2025-12-31,ACTIVO
1436,55,57,264545.47,2024-01-01,2025-12-31,ACTIVO
1437,55,461,314263.9,2024-01-01,2025-12-31,ACTIVO
1438,55,210,326124.6,2024-01-01,2025-12-31,ACTIVO
1439,55,271,303023.69,2024-01-01,2025-12-31,ACTIVO
1440,55,295,262919.72,2024-01-01,2025-12-31,ACTIVO
1441,55,450,403872.87,2024-01-01,2025-12-31,ACTIVO
1442,56,131,6263.18,2024-01-01,2025-12-31,ACTIVO
1443,56,86,194425.49,2024-01-01,2025-12-31,ACTIVO
1444,56,268,17228.84,2024-01-01,2025-12-31,ACTIVO
1445,56,107,202789.19,2024-01-01,2025-12-31,ACTIVO
1446,56,45,352762.15,2024-01-01,2025-12-31,ACTIVO
1447,56,261,267983.88,2024-01-01,2025-12-31,ACTIVO
1448,57,186,141176.06,2024-01-01,2025-12-31,ACTIVO
1449,57,220,129546.4,2024-01-01,2025-12-31,ACTIVO
1450,57,99,195616.11,2024-01-01,2025-12-31,ACTIVO
1451,57,139,422370.83,2024-01-01,2025-12-31,ACTIVO
1452,57,280,22152.94,2024-01-01,2025-12-31,ACTIVO
1453,58,289,164762.23,2024-01-01,2025-12-31,ACTIVO
1454,58,227,374297.6,2024-01-01,2025-12-31,ACTIVO
1455,58,423,167261.07,2024-01-01,2025-12-31,ACTIVO
1456,58,408,225893.7,2024-01-01,2025-12-31,ACTIVO
1457,58,239,163931.95,2024-01-01,2025-12-31,ACTIVO
1458,58,13,33318.6,2024-01-01,2025-12-31,ACTIVO
1459,58,422,237978.97,2024-01-01,2025-12-31,ACTIVO
1460,58,324,77748.69,2024-01-01,2025-12-31,ACTIVO
1461,58,21,142185.65,2024-01-01,2025-12-31,ACTIVO
1462,58,151,193515.84,2024-01-01,2025-12-31,ACTIVO
1463,58,293,64868.73,2024-01-01,2025-12-31,ACTIVO
1464,58,100,341428.12,2024-01-01,2025-12-31,ACTIVO
1465,58,207,20130.17,2024-01-01,2025-12-31,ACTIVO
1466,58,247,9161.72,2024-01-01,2025-12-31,ACTIVO
1467,58,83,127642.63,2024-01-01,2025-12-31,ACTIVO
1468,58,153,265670.35,2024-01-01,2025-12-31,ACTIVO
1469,58,348,262614.09,2024-01-01,2025-12-31,ACTIVO
1470,58,206,161964.64,2024-01-01,2025-12-31,ACTIVO
1471,58,202,153917.8,2024-01-01,2025-12-31,ACTIVO
1472,58,386,126131.78,2024-01-01,2025-12-31,ACTIVO
1473,58,98,9290.42,2024-01-01,2025-12-31,ACTIVO
1474,58,203,280229.36,2024-01-01,2025-12-31,ACTIVO
1475,58,404,255704.24,2024-01-01,2025-12-31,ACTIVO
1476,58,60,214599.68,2024-01-01,2025-12-31,ACTIVO
1477,58,335,264305.78,2024-01-01,2025-12-31,ACTIVO
1478,58,97,240354.32,2024-01-01,2025-12-31,ACTIVO
1479,58,21,220324.48,2024-01-01,2025-12-31,ACTIVO
1480,58,323,270817.05,2024-01-01,2025-12-31,ACTIVO
1481,58,331,233334.74,2024-01-01,2025-12-31,ACTIVO
1482,58,254,245605.93,2024-01-01,2025-12-31,ACTIVO
1483,58,186,370530.49,2024-01-01,2025-12-31,ACTIVO
1484,58,181,444459.86,2024-01-01,2025-12-31,ACTIVO
1485,59,358,318180.76,2024-01-01,2025-12-31,ACTIVO
1486,59,253,417122.32,2024-01-01,2025-12-31,ACTIVO
1487,59,144,74120.19,2024-01-01,2025-12-31,ACTIVO
1488,59,249,432521.08,2024-01-01,2025-12-31,ACTIVO
1489,59,138,77671.84,2024-01-01,2025-12-31,ACTIVO
1490,59,74,20849.05,2024-01-01,2025-12-31,ACTIVO
1491,59,245,241592.3,2024-01-01,2025-12-31,ACTIVO
1492,59,447,448606.26,2024-01-01,2025-12-31,ACTIVO
1493,59,279,105819.91,2024-01-01,2025-12-31,ACTIVO
1494,59,169,438590.55,2024-01-01,2025-12-31,ACTIVO
1495,59,403,73368.45,2024-01-01,2025-12-31,ACTIVO
1496,59,160,374643.58,2024-01-01,2025-12-31,ACTIVO
1497,59,361,270536.61,2024-01-01,2025-12-31,ACTIVO
1498,59,367,346511.34,2024-01-01,2025-12-31,ACTIVO
1499,59,11,195584.18,2024-01-01,2025-12-31,ACTIVO
1500,59,441,426494.34,2024-01-01,2025-12-31,ACTIVO
1501,59,325,387462.05,2024-01-01,2025-12-31,ACTIVO
1502,59,437,306214.02,2024-01-01,2025-12-31,ACTIVO
1503,59,266,123809.68,2024-01-01,2025-12-31,ACTIVO
1504,59,163,109225.54,2024-01-01,2025-12-31,ACTIVO
1505,59,497,407137.78,2024-01-01,2025-12-31,ACTIVO
1506,59,144,35601.35,2024-01-01,2025-12-31,ACTIVO
1507,59,22,116054.92,2024-01-01,2025-12-31,ACTIVO
1508,59,122,117546.23,2024-01-01,2025-12-31,ACTIVO
1509,59,480,176870.26,2024-01-01,2025-12-31,ACTIVO
1510,59,415,422952.19,2024-01-01,2025-12-31,ACTIVO
1511,59,432,279677.1,2024-01-01,2025-12-31,ACTIVO
1512,59,45,344398.88,2024-01-01,2025-12-31,ACTIVO
1513,59,170,235195.76,2024-01-01,2025-12-31,ACTIVO
1514,59,7,402458.53,2024-01-01,2025-12-31,ACTIVO
1515,59,299,367021.2,2024-01-01,2025-12-31,ACTIVO
1516,59,52,435309.54,2024-01-01,2025-12-31,ACTIVO
1517,59,147,286223.9,2024-01-01,2025-12-31,ACTIVO
1518,59,118,119285.14,2024-01-01,2025-12-31,ACTIVO
1519,59,448,301173.59,2024-01-01,2025-12-31,ACTIVO
1520,59,291,294181.73,2024-01-01,2025-12-31,ACTIVO
1521,59,500,363004.86,2024-01-01,2025-12-31,ACTIVO
1522,59,280,358652.11,2024-01-01,2025-12-31,ACTIVO
1523,60,370,199796.43,2024-01-01,2025-12-31,ACTIVO
1524,60,427,222869.72,2024-01-01,2025-12-31,ACTIVO
1525,60,219,343926.73,2024-01-01,2025-12-31,ACTIVO
1526,60,400,376548.6,2024-01-01,2025-12-31,ACTIVO
1527,60,104,270939.46,2024-01-01,2025-12-31,ACTIVO
1528,60,446,430359.84,2024-01-01,2025-12-31,ACTIVO
1529,60,306,431357.83,2024-01-01,2025-12-31,ACTIVO
1530,60,445,404760.69,2024-01-01,2025-12-31,ACTIVO
1531,60,493,1180.52,2024-01-01,2025-12-31,ACTIVO
1532,60,198,402257.49,2024-01-01,2025-12-31,ACTIVO
1533,60,328,212306.83,2024-01-01,2025-12-31,ACTIVO
1534,60,331,70328.66,2024-01-01,2025-12-31,ACTIVO
1535,60,157,20498.13,2024-01-01,2025-12-31,ACTIVO
1536,60,389,74621.92,2024-01-01,2025-12-31,ACTIVO
1537,60,91,274094.49,2024-01-01,2025-12-31,ACTIVO
1538,60,162,230102.57,2024-01-01,2025-12-31,ACTIVO
1539,60,209,218472.83,2024-01-01,2025-12-31,ACTIVO
1540,60,344,315326.86,2024-01-01,2025-12-31,ACTIVO
1541,60,360,183129.48,2024-01-01,2025-12-31,ACTIVO
1542,60,354,46473.26,2024-01-01,2025-12-31,ACTIVO
1543,60,166,275980.58,2024-01-01,2025-12-31,ACTIVO
1544,60,473,80566.38,2024-01-01,2025-12-31,ACTIVO
1545,60,301,274867.06,2024-01-01,2025-12-31,ACTIVO
1546,60,380,260542.04,2024-01-01,2025-12-31,ACTIVO
1547,60,27,124334.45,2024-01-01,2025-12-31,ACTIVO
1548,60,404,420722.14,2024-01-01,2025-12-31,ACTIVO
1549,60,157,170109.91,2024-01-01,2025-12-31,ACTIVO
1550,61,220,120487.48,2024-01-01,2025-12-31,ACTIVO
1551,61,349,366465.5,2024-01-01,2025-12-31,ACTIVO
1552,61,262,263581.5,2024-01-01,2025-12-31,ACTIVO
1553,61,363,403971.74,2024-01-01,2025-12-31,ACTIVO
1554,61,493,387416.57,2024-01-01,2025-12-31,ACTIVO
1555,61,283,61271.54,2024-01-01,2025-12-31,ACTIVO
1556,61,314,150783.37,2024-01-01,2025-12-31,ACTIVO
1557,61,378,68246.32,2024-01-01,2025-12-31,ACTIVO
1558,61,225,361706.3,2024-01-01,2025-12-31,ACTIVO
1559,61,315,253947.97,2024-01-01,2025-12-31,ACTIVO
1560,61,458,401186.13,2024-01-01,2025-12-31,ACTIVO
1561,61,466,251027.74,2024-01-01,2025-12-31,ACTIVO
1562,61,167,61909.83,2024-01-01,2025-12-31,ACTIVO
1563,61,357,138320.47,2024-01-01,2025-12-31,ACTIVO
1564,61,42,123446.01,2024-01-01,2025-12-31,ACTIVO
1565,61,209,84215.67,2024-01-01,2025-12-31,ACTIVO
1566,61,427,75089.47,2024-01-01,2025-12-31,ACTIVO
1567,61,51,227930.21,2024-01-01,2025-12-31,ACTIVO
1568,61,382,4908.65,2024-01-01,2025-12-31,ACTIVO
1569,61,109,272632.72,2024-01-01,2025-12-31,ACTIVO
1570,61,175,203513.1,2024-01-01,2025-12-31,ACTIVO
1571,61,356,427194.19,2024-01-01,2025-12-31,ACTIVO
1572,61,411,57462.17,2024-01-01,2025-12-31,ACTIVO
1573,61,258,342890.32,2024-01-01,2025-12-31,ACTIVO
1574,61,288,256521.25,2024-01-01,2025-12-31,ACTIVO
1575,61,220,413093.95,2024-01-01,2025-12-31,ACTIVO
1576,61,158,367440.83,2024-01-01,2025-12-31,ACTIVO
1577,61,136,279893.31,2024-01-01,2025-12-31,ACTIVO
1578,61,128,17692.66,2024-01-01,2025-12-31,ACTIVO
1579,61,447,80715.86,2024-01-01,2025-12-31,ACTIVO
1580,61,169,297215.79,2024-01-01,2025-12-31,ACTIVO
1581,61,30,99548.93,2024-01-01,2025-12-31,ACTIVO
1582,61,356,35204.46,2024-01-01,2025-12-31,ACTIVO
1583,61,450,414744.84,2024-01-01,2025-12-31,ACTIVO
1584,62,141,318842.52,2024-01-01,2025-12-31,ACTIVO
1585,62,22,259163.12,2024-01-01,2025-12-31,ACTIVO
1586,62,164,267919.68,2024-01-01,2025-12-31,ACTIVO
1587,62,131,422630.13,2024-01-01,2025-12-31,ACTIVO
1588,62,348,255088.66,2024-01-01,2025-12-31,ACTIVO
1589,62,109,87048.58,2024-01-01,2025-12-31,ACTIVO
1590,62,202,290472.3,2024-01-01,2025-12-31,ACTIVO
1591,62,128,319531.04,2024-01-01,2025-12-31,ACTIVO
1592,62,34,300672.91,2024-01-01,2025-12-31,ACTIVO
1593,62,328,363231.51,2024-01-01,2025-12-31,ACTIVO
1594,62,363,299695.14,2024-01-01,2025-12-31,ACTIVO
1595,62,32,111173.56,2024-01-01,2025-12-31,ACTIVO
1596,62,487,43196.12,2024-01-01,2025-12-31,ACTIVO
1597,62,352,54182.74,2024-01-01,2025-12-31,ACTIVO
1598,62,471,317735.48,2024-01-01,2025-12-31,ACTIVO
1599,62,323,211979.28,2024-01-01,2025-12-31,ACTIVO
1600,62,12,227874.31,2024-01-01,2025-12-31,ACTIVO
1601,62,219,271038.18,2024-01-01,2025-12-31,ACTIVO
1602,62,403,364965.47,2024-01-01,2025-12-31,ACTIVO
1603,62,69,192965.54,2024-01-01,2025-12-31,ACTIVO
1604,62,490,334576.99,2024-01-01,2025-12-31,ACTIVO
1605,62,443,44973.09,2024-01-01,2025-12-31,ACTIVO
1606,62,290,345570.25,2024-01-01,2025-12-31,ACTIVO
1607,62,124,84512.89,2024-01-01,2025-12-31,ACTIVO
1608,62,498,44505.01,2024-01-01,2025-12-31,ACTIVO
1609,62,367,125318.7,2024-01-01,2025-12-31,ACTIVO
1610,62,131,55846.14,2024-01-01,2025-12-31,ACTIVO
1611,62,484,150926.57,2024-01-01,2025-12-31,ACTIVO
1612,62,84,77331.85,2024-01-01,2025-12-31,ACTIVO
1613,62,235,420431.98,2024-01-01,2025-12-31,ACTIVO
1614,62,283,128017.77,2024-01-01,2025-12-31,ACTIVO
1615,62,55,252934.89,2024-01-01,2025-12-31,ACTIVO
1616,62,57,380847.68,2024-01-01,2025-12-31,ACTIVO
1617,62,392,320376.9,2024-01-01,2025-12-31,ACTIVO
1618,62,2,165257.42,2024-01-01,2025-12-31,ACTIVO
1619,62,31,417601.92,2024-01-01,2025-12-31,ACTIVO
1620,62,253,113753.69,2024-01-01,2025-12-31,ACTIVO
1621,62,365,275107.5,2024-01-01,2025-12-31,ACTIVO
1622,62,202,379809.49,2024-01-01,2025-12-31,ACTIVO
1623,62,468,429336.03,2024-01-01,2025-12-31,ACTIVO
1624,62,178,97357.6,2024-01-01,2025-12-31,ACTIVO
1625,62,184,162317.75,2024-01-01,2025-12-31,ACTIVO
1626,62,415,241523.47,2024-01-01,2025-12-31,ACTIVO
1627,62,401,150877.59,2024-01-01,2025-12-31,ACTIVO
1628,62,232,303170.63,2024-01-01,2025-12-31,ACTIVO
1629,62,119,405363.0,2024-01-01,2025-12-31,ACTIVO
1630,62,28,173763.18,2024-01-01,2025-12-31,ACTIVO
1631,63,307,346655.79,2024-01-01,2025-12-31,ACTIVO
1632,63,304,147620.75,2024-01-01,2025-12-31,ACTIVO
1633,63,346,258660.38,2024-01-01,2025-12-31,ACTIVO
1634,63,193,351572.78,2024-01-01,2025-12-31,ACTIVO
1635,63,176,209789.91,2024-01-01,2025-12-31,ACTIVO
1636,63,270,346965.31,2024-01-01,2025-12-31,ACTIVO
1637,63,303,14275.15,2024-01-01,2025-12-31,ACTIVO
1638,63,113,26583.55,2024-01-01,2025-12-31,ACTIVO
1639,63,87,94252.49,2024-01-01,2025-12-31,ACTIVO
1640,63,206,100791.41,2024-01-01,2025-12-31,ACTIVO
1641,63,357,151769.87,2024-01-01,2025-12-31,ACTIVO
1642,63,165,215471.65,2024-01-01,2025-12-31,ACTIVO
1643,63,285,428558.79,2024-01-01,2025-12-31,ACTIVO
1644,63,328,75254.47,2024-01-01,2025-12-31,ACTIVO
1645,63,316,285119.62,2024-01-01,2025-12-31,ACTIVO
1646,63,153,84631.1,2024-01-01,2025-12-31,ACTIVO
1647,63,273,319889.85,2024-01-01,2025-12-31,ACTIVO
1648,63,413,27272.42,2024-01-01,2025-12-31,ACTIVO
1649,63,451,350669.5,2024-01-01,2025-12-31,ACTIVO
1650,63,414,118696.25,2024-01-01,2025-12-31,ACTIVO
1651,63,98,31434.89,2024-01-01,2025-12-31,ACTIVO
1652,63,183,358980.9,2024-01-01,2025-12-31,ACTIVO
1653,63,122,215118.66,2024-01-01,2025-12-31,ACTIVO
1654,63,364,47946.21,2024-01-01,2025-12-31,ACTIVO
1655,63,6,320887.34,2024-01-01,2025-12-31,ACTIVO
1656,63,93,223907.39,2024-01-01,2025-12-31,ACTIVO
1657,64,123,346215.84,2024-01-01,2025-12-31,ACTIVO
1658,64,158,145446.27,2024-01-01,2025-12-31,ACTIVO
1659,64,219,18842.11,2024-01-01,2025-12-31,ACTIVO
1660,64,357,171111.48,2024-01-01,2025-12-31,ACTIVO
1661,64,235,55022.35,2024-01-01,2025-12-31,ACTIVO
1662,64,456,333033.31,2024-01-01,2025-12-31,ACTIVO
1663,64,97,428870.58,2024-01-01,2025-12-31,ACTIVO
1664,64,317,265358.77,2024-01-01,2025-12-31,ACTIVO
1665,64,432,30366.22,2024-01-01,2025-12-31,ACTIVO
1666,64,150,221625.33,2024-01-01,2025-12-31,ACTIVO
1667,64,168,391168.18,2024-01-01,2025-12-31,ACTIVO
1668,64,419,2063.68,2024-01-01,2025-12-31,ACTIVO
1669,64,387,342906.98,2024-01-01,2025-12-31,ACTIVO
1670,64,264,282743.95,2024-01-01,2025-12-31,ACTIVO
1671,64,273,68960.56,2024-01-01,2025-12-31,ACTIVO
1672,64,5,189102.18,2024-01-01,2025-12-31,ACTIVO
1673,64,435,275724.36,2024-01-01,2025-12-31,ACTIVO
1674,64,137,396960.96,2024-01-01,2025-12-31,ACTIVO
1675,64,264,9907.84,2024-01-01,2025-12-31,ACTIVO
1676,64,236,123945.75,2024-01-01,2025-12-31,ACTIVO
1677,64,498,385118.06,2024-01-01,2025-12-31,ACTIVO
1678,64,36,114162.98,2024-01-01,2025-12-31,ACTIVO
1679,64,423,208301.89,2024-01-01,2025-12-31,ACTIVO
1680,64,342,6517.53,2024-01-01,2025-12-31,ACTIVO
1681,64,109,265085.58,2024-01-01,2025-12-31,ACTIVO
1682,64,127,215943.57,2024-01-01,2025-12-31,ACTIVO
1683,64,382,101122.6,2024-01-01,2025-12-31,ACTIVO
1684,64,422,172246.34,2024-01-01,2025-12-31,ACTIVO
1685,64,440,7261.63,2024-01-01,2025-12-31,ACTIVO
1686,64,247,189692.22,2024-01-01,2025-12-31,ACTIVO
1687,65,55,286507.46,2024-01-01,2025-12-31,ACTIVO
1688,65,163,301269.13,2024-01-01,2025-12-31,ACTIVO
1689,65,383,2089.56,2024-01-01,2025-12-31,ACTIVO
1690,65,245,14068.63,2024-01-01,2025-12-31,ACTIVO
1691,65,211,165434.86,2024-01-01,2025-12-31,ACTIVO
1692,65,142,314734.59,2024-01-01,2025-12-31,ACTIVO
1693,65,388,412531.5,2024-01-01,2025-12-31,ACTIVO
1694,65,155,171279.94,2024-01-01,2025-12-31,ACTIVO
1695,65,428,416411.45,2024-01-01,2025-12-31,ACTIVO
1696,65,241,383835.57,2024-01-01,2025-12-31,ACTIVO
1697,65,425,301592.18,2024-01-01,2025-12-31,ACTIVO
1698,65,224,266685.09,2024-01-01,2025-12-31,ACTIVO
1699,65,367,136352.07,2024-01-01,2025-12-31,ACTIVO
1700,66,82,288959.71,2024-01-01,2025-12-31,ACTIVO
1701,66,176,129295.29,2024-01-01,2025-12-31,ACTIVO
1702,66,209,175173.94,2024-01-01,2025-12-31,ACTIVO
1703,66,173,308210.12,2024-01-01,2025-12-31,ACTIVO
1704,66,29,157646.7,2024-01-01,2025-12-31,ACTIVO
1705,66,171,102139.66,2024-01-01,2025-12-31,ACTIVO
1706,66,229,420202.83,2024-01-01,2025-12-31,ACTIVO
1707,66,246,164113.2,2024-01-01,2025-12-31,ACTIVO
1708,66,400,31667.69,2024-01-01,2025-12-31,ACTIVO
1709,66,136,283981.56,2024-01-01,2025-12-31,ACTIVO
1710,66,106,329644.79,2024-01-01,2025-12-31,ACTIVO
1711,66,65,210173.42,2024-01-01,2025-12-31,ACTIVO
1712,66,309,260765.99,2024-01-01,2025-12-31,ACTIVO
1713,66,185,350575.75,2024-01-01,2025-12-31,ACTIVO
1714,66,187,443456.84,2024-01-01,2025-12-31,ACTIVO
1715,66,416,136372.03,2024-01-01,2025-12-31,ACTIVO
1716,66,244,93890.03,2024-01-01,2025-12-31,ACTIVO
1717,66,11,333951.01,2024-01-01,2025-12-31,ACTIVO
1718,66,112,385307.91,2024-01-01,2025-12-31,ACTIVO
1719,66,166,400013.9,2024-01-01,2025-12-31,ACTIVO
1720,66,328,136847.3,2024-01-01,2025-12-31,ACTIVO
1721,66,280,391606.3,2024-01-01,2025-12-31,ACTIVO
1722,66,346,226718.8,2024-01-01,2025-12-31,ACTIVO
1723,66,132,19604.47,2024-01-01,2025-12-31,ACTIVO
1724,66,269,192765.67,2024-01-01,2025-12-31,ACTIVO
1725,66,408,189360.55,2024-01-01,2025-12-31,ACTIVO
1726,66,483,300732.52,2024-01-01,2025-12-31,ACTIVO
1727,66,106,190694.41,2024-01-01,2025-12-31,ACTIVO
1728,66,410,231440.47,2024-01-01,2025-12-31,ACTIVO
1729,66,47,88687.24,2024-01-01,2025-12-31,ACTIVO
1730,66,318,337322.8,2024-01-01,2025-12-31,ACTIVO
1731,66,7,48152.33,2024-01-01,2025-12-31,ACTIVO
1732,66,319,216581.56,2024-01-01,2025-12-31,ACTIVO
1733,66,222,53450.03,2024-01-01,2025-12-31,ACTIVO
1734,66,212,148107.03,2024-01-01,2025-12-31,ACTIVO
1735,66,396,384769.63,2024-01-01,2025-12-31,ACTIVO
1736,66,436,116218.0,2024-01-01,2025-12-31,ACTIVO
1737,66,363,160000.62,2024-01-01,2025-12-31,ACTIVO
1738,66,127,203090.65,2024-01-01,2025-12-31,ACTIVO
1739,66,263,327366.81,2024-01-01,2025-12-31,ACTIVO
1740,66,338,387816.92,2024-01-01,2025-12-31,ACTIVO
1741,66,294,300976.31,2024-01-01,2025-12-31,ACTIVO
1742,66,435,328186.83,2024-01-01,2025-12-31,ACTIVO
1743,66,120,421187.09,2024-01-01,2025-12-31,ACTIVO
1744,66,139,417822.14,2024-01-01,2025-12-31,ACTIVO
1745,66,315,426392.3,2024-01-01,2025-12-31,ACTIVO
1746,66,188,142676.35,2024-01-01,2025-12-31,ACTIVO
1747,66,162,374224.38,2024-01-01,2025-12-31,ACTIVO
1748,67,494,235263.77,2024-01-01,2025-12-31,ACTIVO
1749,67,53,139400.22,2024-01-01,2025-12-31,ACTIVO
1750,67,322,426321.34,2024-01-01,2025-12-31,ACTIVO
1751,67,10,230217.57,2024-01-01,2025-12-31,ACTIVO
1752,67,347,7656.11,2024-01-01,2025-12-31,ACTIVO
1753,67,177,264171.05,2024-01-01,2025-12-31,ACTIVO
1754,67,450,2282.92,2024-01-01,2025-12-31,ACTIVO
1755,67,74,83265.73,2024-01-01,2025-12-31,ACTIVO
1756,68,386,309220.92,2024-01-01,2025-12-31,ACTIVO
1757,68,183,448251.57,2024-01-01,2025-12-31,ACTIVO
1758,68,373,288221.7,2024-01-01,2025-12-31,ACTIVO
1759,68,396,72415.72,2024-01-01,2025-12-31,ACTIVO
1760,68,312,220748.06,2024-01-01,2025-12-31,ACTIVO
1761,68,38,433348.05,2024-01-01,2025-12-31,ACTIVO
1762,68,186,226140.68,2024-01-01,2025-12-31,ACTIVO
1763,68,424,440966.83,2024-01-01,2025-12-31,ACTIVO
1764,68,51,332208.91,2024-01-01,2025-12-31,ACTIVO
1765,68,145,12331.26,2024-01-01,2025-12-31,ACTIVO
1766,68,377,338346.61,2024-01-01,2025-12-31,ACTIVO
1767,68,459,27423.38,2024-01-01,2025-12-31,ACTIVO
1768,68,494,167303.24,2024-01-01,2025-12-31,ACTIVO
1769,68,171,396246.61,2024-01-01,2025-12-31,ACTIVO
1770,68,251,225579.4,2024-01-01,2025-12-31,ACTIVO
1771,68,430,384657.48,2024-01-01,2025-12-31,ACTIVO
1772,68,182,67554.48,2024-01-01,2025-12-31,ACTIVO
1773,68,200,143872.31,2024-01-01,2025-12-31,ACTIVO
1774,68,445,321544.71,2024-01-01,2025-12-31,ACTIVO
1775,68,193,425011.03,2024-01-01,2025-12-31,ACTIVO
1776,68,153,65342.96,2024-01-01,2025-12-31,ACTIVO
1777,68,203,326696.1,2024-01-01,2025-12-31,ACTIVO
1778,68,257,73777.61,2024-01-01,2025-12-31,ACTIVO
1779,68,441,438049.44,2024-01-01,2025-12-31,ACTIVO
1780,68,148,429116.25,2024-01-01,2025-12-31,ACTIVO
1781,68,286,295474.87,2024-01-01,2025-12-31,ACTIVO
1782,68,133,17326.11,2024-01-01,2025-12-31,ACTIVO
1783,68,123,418379.94,2024-01-01,2025-12-31,ACTIVO
1784,68,120,149275.49,2024-01-01,2025-12-31,ACTIVO
1785,68,485,414670.77,2024-01-01,2025-12-31,ACTIVO
1786,68,77,18977.21,2024-01-01,2025-12-31,ACTIVO
1787,68,402,325981.61,2024-01-01,2025-12-31,ACTIVO
1788,68,16,262236.73,2024-01-01,2025-12-31,ACTIVO
1789,68,282,203872.86,2024-01-01,2025-12-31,ACTIVO
1790,68,231,78067.15,2024-01-01,2025-12-31,ACTIVO
1791,68,176,382957.72,2024-01-01,2025-12-31,ACTIVO
1792,69,2,281406.18,2024-01-01,2025-12-31,ACTIVO
1793,69,283,207080.77,2024-01-01,2025-12-31,ACTIVO
1794,69,353,390167.51,2024-01-01,2025-12-31,ACTIVO
1795,69,43,81904.47,2024-01-01,2025-12-31,ACTIVO
1796,69,45,89314.4,2024-01-01,2025-12-31,ACTIVO
1797,69,391,292322.34,2024-01-01,2025-12-31,ACTIVO
1798,69,278,29887.02,2024-01-01,2025-12-31,ACTIVO
1799,69,419,18231.97,2024-01-01,2025-12-31,ACTIVO
1800,69,75,336347.23,2024-01-01,2025-12-31,ACTIVO
1801,69,366,287184.43,2024-01-01,2025-12-31,ACTIVO
1802,69,454,156242.44,2024-01-01,2025-12-31,ACTIVO
1803,69,411,359445.06,2024-01-01,2025-12-31,ACTIVO
1804,70,421,372234.36,2024-01-01,2025-12-31,ACTIVO
1805,70,232,49979.16,2024-01-01,2025-12-31,ACTIVO
1806,70,327,365753.48,2024-01-01,2025-12-31,ACTIVO
1807,70,121,138602.83,2024-01-01,2025-12-31,ACTIVO
1808,70,286,235772.9,2024-01-01,2025-12-31,ACTIVO
1809,70,478,36665.02,2024-01-01,2025-12-31,ACTIVO
1810,70,317,341288.24,2024-01-01,2025-12-31,ACTIVO
1811,71,311,5154.74,2024-01-01,2025-12-31,ACTIVO
1812,71,174,173525.1,2024-01-01,2025-12-31,ACTIVO
1813,71,42,270963.56,2024-01-01,2025-12-31,ACTIVO
1814,71,92,48114.49,2024-01-01,2025-12-31,ACTIVO
1815,71,212,400484.33,2024-01-01,2025-12-31,ACTIVO
1816,71,284,81055.41,2024-01-01,2025-12-31,ACTIVO
1817,71,183,351088.76,2024-01-01,2025-12-31,ACTIVO
1818,71,46,305825.11,2024-01-01,2025-12-31,ACTIVO
1819,71,207,376584.61,2024-01-01,2025-12-31,ACTIVO
1820,71,203,299747.27,2024-01-01,2025-12-31,ACTIVO
1821,71,396,415117.75,2024-01-01,2025-12-31,ACTIVO
1822,71,81,16760.81,2024-01-01,2025-12-31,ACTIVO
1823,71,388,223271.59,2024-01-01,2025-12-31,ACTIVO
1824,71,257,26511.68,2024-01-01,2025-12-31,ACTIVO
1825,71,110,260540.76,2024-01-01,2025-12-31,ACTIVO
1826,71,344,348834.84,2024-01-01,2025-12-31,ACTIVO
1827,71,172,341251.31,2024-01-01,2025-12-31,ACTIVO
1828,71,229,199240.41,2024-01-01,2025-12-31,ACTIVO
1829,71,437,72194.79,2024-01-01,2025-12-31,ACTIVO
1830,71,386,5761.21,2024-01-01,2025-12-31,ACTIVO
1831,71,158,393403.43,2024-01-01,2025-12-31,ACTIVO
1832,71,405,253842.22,2024-01-01,2025-12-31,ACTIVO
1833,71,130,437698.48,2024-01-01,2025-12-31,ACTIVO
1834,71,276,101835.09,2024-01-01,2025-12-31,ACTIVO
1835,72,42,229393.53,2024-01-01,2025-12-31,ACTIVO
1836,72,199,49489.54,2024-01-01,2025-12-31,ACTIVO
1837,72,321,377057.8,2024-01-01,2025-12-31,ACTIVO
1838,72,404,213385.4,2024-01-01,2025-12-31,ACTIVO
1839,72,469,349616.46,2024-01-01,2025-12-31,ACTIVO
1840,72,305,313092.99,2024-01-01,2025-12-31,ACTIVO
1841,72,327,223488.73,2024-01-01,2025-12-31,ACTIVO
1842,72,390,139381.47,2024-01-01,2025-12-31,ACTIVO
1843,72,368,400267.27,2024-01-01,2025-12-31,ACTIVO
1844,72,360,103762.42,2024-01-01,2025-12-31,ACTIVO
1845,73,303,372246.93,2024-01-01,2025-12-31,ACTIVO
1846,73,257,375033.87,2024-01-01,2025-12-31,ACTIVO
1847,73,439,162948.79,2024-01-01,2025-12-31,ACTIVO
1848,73,498,446796.62,2024-01-01,2025-12-31,ACTIVO
1849,73,327,184632.48,2024-01-01,2025-12-31,ACTIVO
1850,73,459,238654.59,2024-01-01,2025-12-31,ACTIVO
1851,73,419,314987.27,2024-01-01,2025-12-31,ACTIVO
1852,73,7,189721.99,2024-01-01,2025-12-31,ACTIVO
1853,73,349,257022.97,2024-01-01,2025-12-31,ACTIVO
1854,73,420,382873.24,2024-01-01,2025-12-31,ACTIVO
1855,73,450,44217.15,2024-01-01,2025-12-31,ACTIVO
1856,73,123,411580.45,2024-01-01,2025-12-31,ACTIVO
1857,73,117,70032.37,2024-01-01,2025-12-31,ACTIVO
1858,73,146,42527.69,2024-01-01,2025-12-31,ACTIVO
1859,73,387,213153.37,2024-01-01,2025-12-31,ACTIVO
1860,73,424,331412.93,2024-01-01,2025-12-31,ACTIVO
1861,73,180,284075.99,2024-01-01,2025-12-31,ACTIVO
1862,73,33,7036.47,2024-01-01,2025-12-31,ACTIVO
1863,73,87,310770.06,2024-01-01,2025-12-31,ACTIVO
1864,73,444,348446.43,2024-01-01,2025-12-31,ACTIVO
1865,73,259,389825.36,2024-01-01,2025-12-31,ACTIVO
1866,73,412,324975.17,2024-01-01,2025-12-31,ACTIVO
1867,73,187,292414.48,2024-01-01,2025-12-31,ACTIVO
1868,73,318,331027.01,2024-01-01,2025-12-31,ACTIVO
1869,73,225,274322.39,2024-01-01,2025-12-31,ACTIVO
1870,73,358,233841.26,2024-01-01,2025-12-31,ACTIVO
1871,73,498,275048.13,2024-01-01,2025-12-31,ACTIVO
1872,73,462,349200.83,2024-01-01,2025-12-31,ACTIVO
1873,73,360,90013.2,2024-01-01,2025-12-31,ACTIVO
1874,73,156,54462.14,2024-01-01,2025-12-31,ACTIVO
1875,73,454,265990.98,2024-01-01,2025-12-31,ACTIVO
1876,73,485,196308.6,2024-01-01,2025-12-31,ACTIVO
1877,74,134,386919.04,2024-01-01,2025-12-31,ACTIVO
1878,74,113,30021.11,2024-01-01,2025-12-31,ACTIVO
1879,74,278,381320.49,2024-01-01,2025-12-31,ACTIVO
1880,74,222,274988.19,2024-01-01,2025-12-31,ACTIVO
1881,74,1,63632.5,2024-01-01,2025-12-31,ACTIVO
1882,74,364,105229.33,2024-01-01,2025-12-31,ACTIVO
1883,74,106,430569.21,2024-01-01,2025-12-31,ACTIVO
1884,74,218,256571.04,2024-01-01,2025-12-31,ACTIVO
1885,74,86,138780.5,2024-01-01,2025-12-31,ACTIVO
1886,74,104,261900.14,2024-01-01,2025-12-31,ACTIVO
1887,74,437,71002.89,2024-01-01,2025-12-31,ACTIVO
1888,74,163,51754.42,2024-01-01,2025-12-31,ACTIVO
1889,74,417,384313.34,2024-01-01,2025-12-31,ACTIVO
1890,74,110,447831.6,2024-01-01,2025-12-31,ACTIVO
1891,74,327,415185.2,2024-01-01,2025-12-31,ACTIVO
1892,74,366,319184.06,2024-01-01,2025-12-31,ACTIVO
1893,74,438,36100.27,2024-01-01,2025-12-31,ACTIVO
1894,74,163,79134.58,2024-01-01,2025-12-31,ACTIVO
1895,74,311,32989.36,2024-01-01,2025-12-31,ACTIVO
1896,74,168,390085.35,2024-01-01,2025-12-31,ACTIVO
1897,74,35,328415.77,2024-01-01,2025-12-31,ACTIVO
1898,74,497,282344.71,2024-01-01,2025-12-31,ACTIVO
1899,74,381,106460.49,2024-01-01,2025-12-31,ACTIVO
1900,74,110,360025.16,2024-01-01,2025-12-31,ACTIVO
1901,74,275,323621.52,2024-01-01,2025-12-31,ACTIVO
1902,74,290,142781.84,2024-01-01,2025-12-31,ACTIVO
1903,74,47,191098.06,2024-01-01,2025-12-31,ACTIVO
1904,74,201,38686.66,2024-01-01,2025-12-31,ACTIVO
1905,74,69,338951.59,2024-01-01,2025-12-31,ACTIVO
1906,74,431,246404.33,2024-01-01,2025-12-31,ACTIVO
1907,74,156,224777.46,2024-01-01,2025-12-31,ACTIVO
1908,74,383,75178.96,2024-01-01,2025-12-31,ACTIVO
1909,74,65,426426.96,2024-01-01,2025-12-31,ACTIVO
1910,74,267,377942.21,2024-01-01,2025-12-31,ACTIVO
1911,74,232,65803.08,2024-01-01,2025-12-31,ACTIVO
1912,74,252,426318.67,2024-01-01,2025-12-31,ACTIVO
1913,74,331,206848.1,2024-01-01,2025-12-31,ACTIVO
1914,74,295,411406.37,2024-01-01,2025-12-31,ACTIVO
1915,74,211,151108.15,2024-01-01,2025-12-31,ACTIVO
1916,75,23,373380.05,2024-01-01,2025-12-31,ACTIVO
1917,75,265,3087.07,2024-01-01,2025-12-31,ACTIVO
1918,75,87,407126.99,2024-01-01,2025-12-31,ACTIVO
1919,75,1,342507.95,2024-01-01,2025-12-31,ACTIVO
1920,75,456,360615.48,2024-01-01,2025-12-31,ACTIVO
1921,75,267,436881.21,2024-01-01,2025-12-31,ACTIVO
1922,75,130,47542.61,2024-01-01,2025-12-31,ACTIVO
1923,75,350,337685.24,2024-01-01,2025-12-31,ACTIVO
1924,75,94,58796.2,2024-01-01,2025-12-31,ACTIVO
1925,75,1,150199.24,2024-01-01,2025-12-31,ACTIVO
1926,75,309,250039.41,2024-01-01,2025-12-31,ACTIVO
1927,75,394,5636.26,2024-01-01,2025-12-31,ACTIVO
1928,75,18,14904.16,2024-01-01,2025-12-31,ACTIVO
1929,75,360,47983.96,2024-01-01,2025-12-31,ACTIVO
1930,75,38,318342.94,2024-01-01,2025-12-31,ACTIVO
1931,75,340,334604.66,2024-01-01,2025-12-31,ACTIVO
1932,75,426,125139.3,2024-01-01,2025-12-31,ACTIVO
1933,75,224,60858.63,2024-01-01,2025-12-31,ACTIVO
1934,75,112,207784.69,2024-01-01,2025-12-31,ACTIVO
1935,75,176,297193.15,2024-01-01,2025-12-31,ACTIVO
1936,75,322,95927.75,2024-01-01,2025-12-31,ACTIVO
1937,75,215,153805.21,2024-01-01,2025-12-31,ACTIVO
1938,75,237,255092.76,2024-01-01,2025-12-31,ACTIVO
1939,75,181,190562.83,2024-01-01,2025-12-31,ACTIVO
1940,75,428,94361.57,2024-01-01,2025-12-31,ACTIVO
1941,75,296,199820.99,2024-01-01,2025-12-31,ACTIVO
1942,75,172,423376.89,2024-01-01,2025-12-31,ACTIVO
1943,75,388,159189.41,2024-01-01,2025-12-31,ACTIVO
1944,75,396,237842.35,2024-01-01,2025-12-31,ACTIVO
1945,75,283,416459.73,2024-01-01,2025-12-31,ACTIVO
1946,76,480,201411.4,2024-01-01,2025-12-31,ACTIVO
1947,76,35,82681.4,2024-01-01,2025-12-31,ACTIVO
1948,76,31,219135.03,2024-01-01,2025-12-31,ACTIVO
1949,76,244,107768.5,2024-01-01,2025-12-31,ACTIVO
1950,76,38,36496.81,2024-01-01,2025-12-31,ACTIVO
1951,76,272,172554.41,2024-01-01,2025-12-31,ACTIVO
1952,76,481,151241.47,2024-01-01,2025-12-31,ACTIVO
1953,76,224,161355.67,2024-01-01,2025-12-31,ACTIVO
1954,76,124,392526.12,2024-01-01,2025-12-31,ACTIVO
1955,76,86,288684.88,2024-01-01,2025-12-31,ACTIVO
1956,76,55,270454.55,2024-01-01,2025-12-31,ACTIVO
1957,76,355,387429.39,2024-01-01,2025-12-31,ACTIVO
1958,76,136,286993.18,2024-01-01,2025-12-31,ACTIVO
1959,76,148,216042.87,2024-01-01,2025-12-31,ACTIVO
1960,76,238,328518.78,2024-01-01,2025-12-31,ACTIVO
1961,76,329,121578.07,2024-01-01,2025-12-31,ACTIVO
1962,76,438,257388.64,2024-01-01,2025-12-31,ACTIVO
1963,76,248,308843.08,2024-01-01,2025-12-31,ACTIVO
1964,76,181,54845.33,2024-01-01,2025-12-31,ACTIVO
1965,76,83,310924.45,2024-01-01,2025-12-31,ACTIVO
1966,76,290,431910.5,2024-01-01,2025-12-31,ACTIVO
1967,76,442,61097.99,2024-01-01,2025-12-31,ACTIVO
1968,76,358,47708.25,2024-01-01,2025-12-31,ACTIVO
1969,76,59,218866.39,2024-01-01,2025-12-31,ACTIVO
1970,76,57,338840.73,2024-01-01,2025-12-31,ACTIVO
1971,76,225,133899.66,2024-01-01,2025-12-31,ACTIVO
1972,76,318,303900.77,2024-01-01,2025-12-31,ACTIVO
1973,76,352,370349.85,2024-01-01,2025-12-31,ACTIVO
1974,76,19,431448.7,2024-01-01,2025-12-31,ACTIVO
1975,76,387,317200.38,2024-01-01,2025-12-31,ACTIVO
1976,76,3,261590.75,2024-01-01,2025-12-31,ACTIVO
1977,76,209,215119.21,2024-01-01,2025-12-31,ACTIVO
1978,76,459,290213.32,2024-01-01,2025-12-31,ACTIVO
1979,76,125,443.61,2024-01-01,2025-12-31,ACTIVO
1980,76,411,98321.76,2024-01-01,2025-12-31,ACTIVO
1981,76,364,106011.87,2024-01-01,2025-12-31,ACTIVO
1982,77,301,25425.81,2024-01-01,2025-12-31,ACTIVO
1983,77,434,367424.35,2024-01-01,2025-12-31,ACTIVO
1984,77,12,287458.32,2024-01-01,2025-12-31,ACTIVO
1985,77,45,352828.83,2024-01-01,2025-12-31,ACTIVO
1986,77,292,75571.88,2024-01-01,2025-12-31,ACTIVO
1987,77,2,314716.46,2024-01-01,2025-12-31,ACTIVO
1988,77,270,51960.77,2024-01-01,2025-12-31,ACTIVO
1989,77,121,309493.57,2024-01-01,2025-12-31,ACTIVO
1990,77,130,432803.21,2024-01-01,2025-12-31,ACTIVO
1991,77,399,400953.01,2024-01-01,2025-12-31,ACTIVO
1992,77,331,86361.34,2024-01-01,2025-12-31,ACTIVO
1993,77,185,43238.82,2024-01-01,2025-12-31,ACTIVO
1994,77,118,322510.14,2024-01-01,2025-12-31,ACTIVO
1995,77,424,267832.65,2024-01-01,2025-12-31,ACTIVO
1996,78,401,40312.03,2024-01-01,2025-12-31,ACTIVO
1997,78,368,62124.78,2024-01-01,2025-12-31,ACTIVO
1998,78,399,84009.56,2024-01-01,2025-12-31,ACTIVO
1999,78,498,395772.1,2024-01-01,2025-12-31,ACTIVO
2000,78,337,308777.7,2024-01-01,2025-12-31,ACTIVO
2001,78,462,236775.9,2024-01-01,2025-12-31,ACTIVO
2002,78,139,210139.01,2024-01-01,2025-12-31,ACTIVO
2003,78,123,153840.27,2024-01-01,2025-12-31,ACTIVO
2004,78,454,72580.41,2024-01-01,2025-12-31,ACTIVO
2005,78,487,31115.13,2024-01-01,2025-12-31,ACTIVO
2006,78,164,175524.01,2024-01-01,2025-12-31,ACTIVO
2007,78,234,135189.48,2024-01-01,2025-12-31,ACTIVO
2008,78,83,50879.48,2024-01-01,2025-12-31,ACTIVO
2009,78,370,363895.07,2024-01-01,2025-12-31,ACTIVO
2010,78,183,116075.8,2024-01-01,2025-12-31,ACTIVO
2011,78,127,179376.15,2024-01-01,2025-12-31,ACTIVO
2012,78,290,284023.15,2024-01-01,2025-12-31,ACTIVO
2013,78,144,77577.22,2024-01-01,2025-12-31,ACTIVO
2014,79,419,159443.92,2024-01-01,2025-12-31,ACTIVO
2015,79,433,191260.6,2024-01-01,2025-12-31,ACTIVO
2016,79,182,425728.87,2024-01-01,2025-12-31,ACTIVO
2017,79,120,385647.18,2024-01-01,2025-12-31,ACTIVO
2018,79,420,128308.56,2024-01-01,2025-12-31,ACTIVO
2019,79,323,401861.31,2024-01-01,2025-12-31,ACTIVO
2020,79,388,11313.91,2024-01-01,2025-12-31,ACTIVO
2021,79,392,408893.36,2024-01-01,2025-12-31,ACTIVO
2022,79,38,165744.22,2024-01-01,2025-12-31,ACTIVO
2023,79,469,334967.98,2024-01-01,2025-12-31,ACTIVO
2024,79,339,270347.52,2024-01-01,2025-12-31,ACTIVO
2025,79,415,392985.74,2024-01-01,2025-12-31,ACTIVO
2026,79,332,181047.09,2024-01-01,2025-12-31,ACTIVO
2027,79,217,410754.36,2024-01-01,2025-12-31,ACTIVO
2028,79,303,117355.16,2024-01-01,2025-12-31,ACTIVO
2029,79,129,178196.84,2024-01-01,2025-12-31,ACTIVO
2030,79,126,39337.39,2024-01-01,2025-12-31,ACTIVO
2031,79,429,264779.91,2024-01-01,2025-12-31,ACTIVO
2032,79,229,168323.91,2024-01-01,2025-12-31,ACTIVO
2033,79,486,443112.23,2024-01-01,2025-12-31,ACTIVO
2034,79,233,395619.54,2024-01-01,2025-12-31,ACTIVO
2035,79,179,347927.04,2024-01-01,2025-12-31,ACTIVO
2036,79,350,426923.9,2024-01-01,2025-12-31,ACTIVO
2037,80,132,404591.38,2024-01-01,2025-12-31,ACTIVO
2038,80,164,186657.65,2024-01-01,2025-12-31,ACTIVO
2039,80,227,344949.19,2024-01-01,2025-12-31,ACTIVO
2040,80,380,7818.95,2024-01-01,2025-12-31,ACTIVO
2041,80,300,209840.56,2024-01-01,2025-12-31,ACTIVO
2042,80,470,33486.98,2024-01-01,2025-12-31,ACTIVO
2043,80,402,430618.67,2024-01-01,2025-12-31,ACTIVO
2044,80,110,210387.0,2024-01-01,2025-12-31,ACTIVO
2045,80,389,415402.34,2024-01-01,2025-12-31,ACTIVO
2046,80,446,136588.23,2024-01-01,2025-12-31,ACTIVO
2047,80,145,343332.44,2024-01-01,2025-12-31,ACTIVO
2048,80,221,350982.44,2024-01-01,2025-12-31,ACTIVO
2049,80,193,79554.13,2024-01-01,2025-12-31,ACTIVO
2050,80,73,372257.3,2024-01-01,2025-12-31,ACTIVO
2051,80,278,67258.82,2024-01-01,2025-12-31,ACTIVO
2052,80,179,30231.14,2024-01-01,2025-12-31,ACTIVO
2053,80,89,213884.16,2024-01-01,2025-12-31,ACTIVO
2054,80,408,232860.3,2024-01-01,2025-12-31,ACTIVO
2055,80,73,298037.95,2024-01-01,2025-12-31,ACTIVO
2056,80,470,245366.96,2024-01-01,2025-12-31,ACTIVO
2057,80,128,123896.16,2024-01-01,2025-12-31,ACTIVO
2058,80,228,285233.04,2024-01-01,2025-12-31,ACTIVO
2059,80,301,158234.26,2024-01-01,2025-12-31,ACTIVO
2060,80,115,422858.02,2024-01-01,2025-12-31,ACTIVO
2061,80,453,309542.69,2024-01-01,2025-12-31,ACTIVO
2062,80,345,311593.08,2024-01-01,2025-12-31,ACTIVO
2063,80,55,367291.66,2024-01-01,2025-12-31,ACTIVO
2064,80,146,154616.91,2024-01-01,2025-12-31,ACTIVO
2065,80,109,414331.68,2024-01-01,2025-12-31,ACTIVO
2066,80,495,79257.05,2024-01-01,2025-12-31,ACTIVO
2067,80,494,101036.97,2024-01-01,2025-12-31,ACTIVO
2068,80,345,64691.56,2024-01-01,2025-12-31,ACTIVO
2069,80,78,335720.28,2024-01-01,2025-12-31,ACTIVO
2070,80,149,418312.96,2024-01-01,2025-12-31,ACTIVO
2071,80,387,18357.55,2024-01-01,2025-12-31,ACTIVO
2072,80,480,274539.91,2024-01-01,2025-12-31,ACTIVO
2073,80,24,141889.33,2024-01-01,2025-12-31,ACTIVO
2074,80,299,69017.79,2024-01-01,2025-12-31,ACTIVO
2075,80,25,388356.63,2024-01-01,2025-12-31,ACTIVO
2076,81,329,224325.49,2024-01-01,2025-12-31,ACTIVO
2077,81,62,205213.05,2024-01-01,2025-12-31,ACTIVO
2078,81,180,86343.47,2024-01-01,2025-12-31,ACTIVO
2079,81,44,67819.97,2024-01-01,2025-12-31,ACTIVO
2080,81,299,27052.16,2024-01-01,2025-12-31,ACTIVO
2081,81,186,227644.05,2024-01-01,2025-12-31,ACTIVO
2082,81,168,370095.97,2024-01-01,2025-12-31,ACTIVO
2083,81,162,133742.01,2024-01-01,2025-12-31,ACTIVO
2084,81,73,135899.65,2024-01-01,2025-12-31,ACTIVO
2085,81,169,338673.2,2024-01-01,2025-12-31,ACTIVO
2086,81,225,193085.76,2024-01-01,2025-12-31,ACTIVO
2087,81,40,148025.36,2024-01-01,2025-12-31,ACTIVO
2088,81,166,400983.29,2024-01-01,2025-12-31,ACTIVO
2089,81,214,376340.52,2024-01-01,2025-12-31,ACTIVO
2090,81,476,247811.41,2024-01-01,2025-12-31,ACTIVO
2091,81,282,272548.04,2024-01-01,2025-12-31,ACTIVO
2092,81,187,9493.79,2024-01-01,2025-12-31,ACTIVO
2093,81,150,76345.26,2024-01-01,2025-12-31,ACTIVO
2094,81,17,84783.24,2024-01-01,2025-12-31,ACTIVO
2095,81,25,64260.07,2024-01-01,2025-12-31,ACTIVO
2096,81,2,116843.35,2024-01-01,2025-12-31,ACTIVO
2097,81,461,306171.47,2024-01-01,2025-12-31,ACTIVO
2098,81,16,189510.84,2024-01-01,2025-12-31,ACTIVO
2099,81,381,38679.03,2024-01-01,2025-12-31,ACTIVO
2100,81,233,180449.0,2024-01-01,2025-12-31,ACTIVO
2101,81,462,230467.0,2024-01-01,2025-12-31,ACTIVO
2102,81,202,98160.3,2024-01-01,2025-12-31,ACTIVO
2103,81,100,49603.12,2024-01-01,2025-12-31,ACTIVO
2104,81,477,100693.95,2024-01-01,2025-12-31,ACTIVO
2105,81,178,36045.03,2024-01-01,2025-12-31,ACTIVO
2106,81,374,257851.77,2024-01-01,2025-12-31,ACTIVO
2107,81,198,290553.84,2024-01-01,2025-12-31,ACTIVO
2108,82,20,235135.37,2024-01-01,2025-12-31,ACTIVO
2109,82,359,284921.5,2024-01-01,2025-12-31,ACTIVO
2110,82,398,406967.56,2024-01-01,2025-12-31,ACTIVO
2111,82,426,178085.16,2024-01-01,2025-12-31,ACTIVO
2112,82,77,356765.36,2024-01-01,2025-12-31,ACTIVO
2113,82,73,181624.71,2024-01-01,2025-12-31,ACTIVO
2114,82,261,200729.13,2024-01-01,2025-12-31,ACTIVO
2115,82,251,273822.18,2024-01-01,2025-12-31,ACTIVO
2116,82,3,106693.19,2024-01-01,2025-12-31,ACTIVO
2117,82,404,23296.02,2024-01-01,2025-12-31,ACTIVO
2118,82,299,1613.62,2024-01-01,2025-12-31,ACTIVO
2119,82,137,386938.23,2024-01-01,2025-12-31,ACTIVO
2120,82,438,119043.59,2024-01-01,2025-12-31,ACTIVO
2121,82,89,203804.79,2024-01-01,2025-12-31,ACTIVO
2122,82,60,448544.22,2024-01-01,2025-12-31,ACTIVO
2123,82,430,444406.42,2024-01-01,2025-12-31,ACTIVO
2124,82,100,351544.46,2024-01-01,2025-12-31,ACTIVO
2125,82,207,350455.55,2024-01-01,2025-12-31,ACTIVO
2126,82,28,219722.89,2024-01-01,2025-12-31,ACTIVO
2127,82,468,385282.23,2024-01-01,2025-12-31,ACTIVO
2128,82,104,260971.32,2024-01-01,2025-12-31,ACTIVO
2129,82,103,212096.59,2024-01-01,2025-12-31,ACTIVO
2130,82,444,176981.9,2024-01-01,2025-12-31,ACTIVO
2131,82,177,71136.99,2024-01-01,2025-12-31,ACTIVO
2132,82,489,110681.18,2024-01-01,2025-12-31,ACTIVO
2133,82,19,423274.41,2024-01-01,2025-12-31,ACTIVO
2134,82,56,178683.66,2024-01-01,2025-12-31,ACTIVO
2135,82,454,435315.2,2024-01-01,2025-12-31,ACTIVO
2136,82,420,242871.72,2024-01-01,2025-12-31,ACTIVO
2137,82,490,32181.42,2024-01-01,2025-12-31,ACTIVO
2138,82,76,235395.7,2024-01-01,2025-12-31,ACTIVO
2139,82,498,90179.12,2024-01-01,2025-12-31,ACTIVO
2140,82,357,77797.42,2024-01-01,2025-12-31,ACTIVO
2141,82,77,290874.3,2024-01-01,2025-12-31,ACTIVO
2142,82,227,219350.79,2024-01-01,2025-12-31,ACTIVO
2143,82,317,199348.08,2024-01-01,2025-12-31,ACTIVO
2144,82,123,165180.36,2024-01-01,2025-12-31,ACTIVO
2145,82,486,36087.79,2024-01-01,2025-12-31,ACTIVO
2146,82,46,233927.76,2024-01-01,2025-12-31,ACTIVO
2147,82,155,375613.45,2024-01-01,2025-12-31,ACTIVO
2148,82,321,393217.6,2024-01-01,2025-12-31,ACTIVO
2149,82,63,231176.52,2024-01-01,2025-12-31,ACTIVO
2150,82,466,90031.04,2024-01-01,2025-12-31,ACTIVO
2151,82,367,412479.5,2024-01-01,2025-12-31,ACTIVO
2152,82,317,315639.75,2024-01-01,2025-12-31,ACTIVO
2153,82,131,76224.06,2024-01-01,2025-12-31,ACTIVO
2154,82,309,59772.83,2024-01-01,2025-12-31,ACTIVO
2155,82,384,258092.01,2024-01-01,2025-12-31,ACTIVO
2156,82,130,205959.54,2024-01-01,2025-12-31,ACTIVO
2157,82,195,314636.33,2024-01-01,2025-12-31,ACTIVO
2158,83,93,32786.06,2024-01-01,2025-12-31,ACTIVO
2159,83,339,279466.84,2024-01-01,2025-12-31,ACTIVO
2160,83,230,404061.38,2024-01-01,2025-12-31,ACTIVO
2161,83,185,428332.44,2024-01-01,2025-12-31,ACTIVO
2162,83,67,340795.06,2024-01-01,2025-12-31,ACTIVO
2163,83,293,132652.28,2024-01-01,2025-12-31,ACTIVO
2164,83,65,233212.23,2024-01-01,2025-12-31,ACTIVO
2165,83,500,194868.43,2024-01-01,2025-12-31,ACTIVO
2166,83,51,38380.89,2024-01-01,2025-12-31,ACTIVO
2167,83,457,186089.64,2024-01-01,2025-12-31,ACTIVO
2168,83,492,145443.07,2024-01-01,2025-12-31,ACTIVO
2169,83,481,127223.2,2024-01-01,2025-12-31,ACTIVO
2170,83,366,316423.27,2024-01-01,2025-12-31,ACTIVO
2171,83,155,422108.91,2024-01-01,2025-12-31,ACTIVO
2172,83,237,96786.96,2024-01-01,2025-12-31,ACTIVO
2173,83,296,174314.24,2024-01-01,2025-12-31,ACTIVO
2174,83,62,150449.37,2024-01-01,2025-12-31,ACTIVO
2175,83,473,240684.63,2024-01-01,2025-12-31,ACTIVO
2176,83,352,215002.2,2024-01-01,2025-12-31,ACTIVO
2177,83,319,43233.29,2024-01-01,2025-12-31,ACTIVO
2178,83,106,341255.3,2024-01-01,2025-12-31,ACTIVO
2179,83,470,378684.0,2024-01-01,2025-12-31,ACTIVO
2180,83,310,15063.08,2024-01-01,2025-12-31,ACTIVO
2181,83,406,138318.7,2024-01-01,2025-12-31,ACTIVO
2182,83,396,328896.2,2024-01-01,2025-12-31,ACTIVO
2183,83,26,356559.42,2024-01-01,2025-12-31,ACTIVO
2184,83,140,164572.89,2024-01-01,2025-12-31,ACTIVO
2185,83,98,156120.23,2024-01-01,2025-12-31,ACTIVO
2186,83,150,270144.99,2024-01-01,2025-12-31,ACTIVO
2187,83,316,42117.2,2024-01-01,2025-12-31,ACTIVO
2188,83,24,28653.36,2024-01-01,2025-12-31,ACTIVO
2189,83,280,382178.88,2024-01-01,2025-12-31,ACTIVO
2190,83,456,131992.54,2024-01-01,2025-12-31,ACTIVO
2191,84,443,343420.7,2024-01-01,2025-12-31,ACTIVO
2192,84,374,373393.51,2024-01-01,2025-12-31,ACTIVO
2193,84,439,348512.49,2024-01-01,2025-12-31,ACTIVO
2194,84,206,76571.24,2024-01-01,2025-12-31,ACTIVO
2195,84,155,202931.49,2024-01-01,2025-12-31,ACTIVO
2196,84,454,133319.43,2024-01-01,2025-12-31,ACTIVO
2197,84,444,216176.36,2024-01-01,2025-12-31,ACTIVO
2198,84,196,366019.02,2024-01-01,2025-12-31,ACTIVO
2199,84,310,134482.96,2024-01-01,2025-12-31,ACTIVO
2200,84,266,129259.62,2024-01-01,2025-12-31,ACTIVO
2201,84,15,422121.55,2024-01-01,2025-12-31,ACTIVO
2202,84,114,25192.44,2024-01-01,2025-12-31,ACTIVO
2203,84,176,393425.99,2024-01-01,2025-12-31,ACTIVO
2204,84,43,346652.67,2024-01-01,2025-12-31,ACTIVO
2205,84,308,101787.37,2024-01-01,2025-12-31,ACTIVO
2206,84,91,67182.3,2024-01-01,2025-12-31,ACTIVO
2207,84,287,85033.73,2024-01-01,2025-12-31,ACTIVO
2208,84,199,311994.44,2024-01-01,2025-12-31,ACTIVO
2209,84,84,422677.67,2024-01-01,2025-12-31,ACTIVO
2210,84,337,169516.24,2024-01-01,2025-12-31,ACTIVO
2211,84,352,152521.88,2024-01-01,2025-12-31,ACTIVO
2212,84,131,60323.11,2024-01-01,2025-12-31,ACTIVO
2213,84,5,364689.62,2024-01-01,2025-12-31,ACTIVO
2214,84,171,112980.29,2024-01-01,2025-12-31,ACTIVO
2215,84,67,223566.76,2024-01-01,2025-12-31,ACTIVO
2216,84,7,310298.52,2024-01-01,2025-12-31,ACTIVO
2217,84,58,200325.37,2024-01-01,2025-12-31,ACTIVO
2218,84,354,443033.95,2024-01-01,2025-12-31,ACTIVO
2219,84,78,136964.96,2024-01-01,2025-12-31,ACTIVO
2220,84,98,393917.78,2024-01-01,2025-12-31,ACTIVO
2221,84,174,18711.43,2024-01-01,2025-12-31,ACTIVO
2222,85,391,302356.7,2024-01-01,2025-12-31,ACTIVO
2223,85,202,329818.78,2024-01-01,2025-12-31,ACTIVO
2224,85,278,304653.32,2024-01-01,2025-12-31,ACTIVO
2225,85,342,261357.91,2024-01-01,2025-12-31,ACTIVO
2226,85,245,438332.96,2024-01-01,2025-12-31,ACTIVO
2227,85,271,439914.44,2024-01-01,2025-12-31,ACTIVO
2228,85,108,101715.35,2024-01-01,2025-12-31,ACTIVO
2229,85,81,82358.6,2024-01-01,2025-12-31,ACTIVO
2230,85,146,89028.04,2024-01-01,2025-12-31,ACTIVO
2231,85,332,98071.58,2024-01-01,2025-12-31,ACTIVO
2232,85,381,312151.76,2024-01-01,2025-12-31,ACTIVO
2233,85,126,39274.53,2024-01-01,2025-12-31,ACTIVO
2234,85,399,429959.84,2024-01-01,2025-12-31,ACTIVO
2235,85,338,297080.65,2024-01-01,2025-12-31,ACTIVO
2236,85,458,11818.13,2024-01-01,2025-12-31,ACTIVO
2237,85,425,420654.9,2024-01-01,2025-12-31,ACTIVO
2238,85,104,214024.06,2024-01-01,2025-12-31,ACTIVO
2239,85,417,355288.31,2024-01-01,2025-12-31,ACTIVO
2240,85,63,79440.66,2024-01-01,2025-12-31,ACTIVO
2241,85,217,90131.15,2024-01-01,2025-12-31,ACTIVO
2242,85,460,8756.24,2024-01-01,2025-12-31,ACTIVO
2243,85,248,139680.49,2024-01-01,2025-12-31,ACTIVO
2244,85,443,121525.68,2024-01-01,2025-12-31,ACTIVO
2245,85,300,45013.05,2024-01-01,2025-12-31,ACTIVO
2246,85,315,357603.24,2024-01-01,2025-12-31,ACTIVO
2247,85,426,365275.42,2024-01-01,2025-12-31,ACTIVO
2248,85,450,336831.25,2024-01-01,2025-12-31,ACTIVO
2249,85,47,16212.77,2024-01-01,2025-12-31,ACTIVO
2250,85,220,398235.88,2024-01-01,2025-12-31,ACTIVO
2251,85,301,44123.57,2024-01-01,2025-12-31,ACTIVO
2252,85,86,169428.61,2024-01-01,2025-12-31,ACTIVO
2253,85,228,91404.88,2024-01-01,2025-12-31,ACTIVO
2254,85,492,34708.79,2024-01-01,2025-12-31,ACTIVO
2255,85,263,259118.46,2024-01-01,2025-12-31,ACTIVO
2256,85,166,25825.15,2024-01-01,2025-12-31,ACTIVO
2257,85,425,159663.76,2024-01-01,2025-12-31,ACTIVO
2258,85,130,34044.38,2024-01-01,2025-12-31,ACTIVO
2259,85,408,372740.25,2024-01-01,2025-12-31,ACTIVO
2260,85,117,432209.69,2024-01-01,2025-12-31,ACTIVO
2261,85,346,389040.39,2024-01-01,2025-12-31,ACTIVO
2262,86,31,346826.42,2024-01-01,2025-12-31,ACTIVO
2263,86,50,334744.33,2024-01-01,2025-12-31,ACTIVO
2264,86,359,167041.4,2024-01-01,2025-12-31,ACTIVO
2265,86,126,247322.01,2024-01-01,2025-12-31,ACTIVO
2266,86,160,185829.02,2024-01-01,2025-12-31,ACTIVO
2267,86,318,372022.3,2024-01-01,2025-12-31,ACTIVO
2268,86,195,392629.12,2024-01-01,2025-12-31,ACTIVO
2269,86,425,258408.0,2024-01-01,2025-12-31,ACTIVO
2270,86,485,254331.51,2024-01-01,2025-12-31,ACTIVO
2271,86,428,412641.5,2024-01-01,2025-12-31,ACTIVO
2272,86,58,449307.45,2024-01-01,2025-12-31,ACTIVO
2273,86,304,373125.78,2024-01-01,2025-12-31,ACTIVO
2274,86,219,244591.47,2024-01-01,2025-12-31,ACTIVO
2275,86,371,38325.96,2024-01-01,2025-12-31,ACTIVO
2276,86,144,348722.08,2024-01-01,2025-12-31,ACTIVO
2277,86,355,112342.23,2024-01-01,2025-12-31,ACTIVO
2278,86,310,262234.29,2024-01-01,2025-12-31,ACTIVO
2279,87,188,261106.22,2024-01-01,2025-12-31,ACTIVO
2280,87,238,174097.36,2024-01-01,2025-12-31,ACTIVO
2281,87,190,203480.52,2024-01-01,2025-12-31,ACTIVO
2282,87,123,241187.47,2024-01-01,2025-12-31,ACTIVO
2283,87,414,244896.6,2024-01-01,2025-12-31,ACTIVO
2284,87,111,201815.16,2024-01-01,2025-12-31,ACTIVO
2285,87,22,18346.89,2024-01-01,2025-12-31,ACTIVO
2286,87,106,131720.77,2024-01-01,2025-12-31,ACTIVO
2287,87,26,18445.86,2024-01-01,2025-12-31,ACTIVO
2288,87,15,3096.09,2024-01-01,2025-12-31,ACTIVO
2289,87,451,272289.23,2024-01-01,2025-12-31,ACTIVO
2290,87,331,149500.09,2024-01-01,2025-12-31,ACTIVO
2291,87,57,178331.3,2024-01-01,2025-12-31,ACTIVO
2292,87,303,223400.6,2024-01-01,2025-12-31,ACTIVO
2293,87,419,118154.62,2024-01-01,2025-12-31,ACTIVO
2294,87,30,15210.12,2024-01-01,2025-12-31,ACTIVO
2295,87,119,342237.41,2024-01-01,2025-12-31,ACTIVO
2296,87,364,118142.43,2024-01-01,2025-12-31,ACTIVO
2297,87,450,335565.16,2024-01-01,2025-12-31,ACTIVO
2298,87,491,137148.56,2024-01-01,2025-12-31,ACTIVO
2299,87,455,66103.14,2024-01-01,2025-12-31,ACTIVO
2300,87,194,87727.56,2024-01-01,2025-12-31,ACTIVO
2301,87,390,243533.0,2024-01-01,2025-12-31,ACTIVO
2302,87,395,6557.12,2024-01-01,2025-12-31,ACTIVO
2303,87,107,191999.71,2024-01-01,2025-12-31,ACTIVO
2304,87,351,139186.99,2024-01-01,2025-12-31,ACTIVO
2305,87,432,34313.71,2024-01-01,2025-12-31,ACTIVO
2306,87,68,337996.98,2024-01-01,2025-12-31,ACTIVO
2307,87,71,78753.19,2024-01-01,2025-12-31,ACTIVO
2308,87,414,262744.01,2024-01-01,2025-12-31,ACTIVO
2309,87,172,90981.97,2024-01-01,2025-12-31,ACTIVO
2310,87,33,317931.98,2024-01-01,2025-12-31,ACTIVO
2311,87,283,85283.74,2024-01-01,2025-12-31,ACTIVO
2312,87,311,81728.25,2024-01-01,2025-12-31,ACTIVO
2313,87,89,209663.23,2024-01-01,2025-12-31,ACTIVO
2314,88,116,285272.06,2024-01-01,2025-12-31,ACTIVO
2315,88,57,252129.46,2024-01-01,2025-12-31,ACTIVO
2316,88,178,60130.24,2024-01-01,2025-12-31,ACTIVO
2317,88,167,365291.56,2024-01-01,2025-12-31,ACTIVO
2318,88,224,227033.16,2024-01-01,2025-12-31,ACTIVO
2319,88,9,416669.93,2024-01-01,2025-12-31,ACTIVO
2320,88,459,300657.43,2024-01-01,2025-12-31,ACTIVO
2321,88,171,697.82,2024-01-01,2025-12-31,ACTIVO
2322,88,391,331251.89,2024-01-01,2025-12-31,ACTIVO
2323,88,47,55298.28,2024-01-01,2025-12-31,ACTIVO
2324,88,445,77800.99,2024-01-01,2025-12-31,ACTIVO
2325,88,27,259889.95,2024-01-01,2025-12-31,ACTIVO
2326,88,238,271587.43,2024-01-01,2025-12-31,ACTIVO
2327,88,140,268465.3,2024-01-01,2025-12-31,ACTIVO
2328,88,473,388284.31,2024-01-01,2025-12-31,ACTIVO
2329,88,157,128130.57,2024-01-01,2025-12-31,ACTIVO
2330,88,265,395287.19,2024-01-01,2025-12-31,ACTIVO
2331,88,403,297704.08,2024-01-01,2025-12-31,ACTIVO
2332,88,189,402311.79,2024-01-01,2025-12-31,ACTIVO
2333,88,197,221241.83,2024-01-01,2025-12-31,ACTIVO
2334,88,63,175236.62,2024-01-01,2025-12-31,ACTIVO
2335,88,336,324654.15,2024-01-01,2025-12-31,ACTIVO
2336,88,373,171753.79,2024-01-01,2025-12-31,ACTIVO
2337,88,126,211751.09,2024-01-01,2025-12-31,ACTIVO
2338,88,94,112586.03,2024-01-01,2025-12-31,ACTIVO
2339,88,294,14.84,2024-01-01,2025-12-31,ACTIVO
2340,88,414,409841.86,2024-01-01,2025-12-31,ACTIVO
2341,88,251,369383.92,2024-01-01,2025-12-31,ACTIVO
2342,88,357,205611.44,2024-01-01,2025-12-31,ACTIVO
2343,88,497,204551.0,2024-01-01,2025-12-31,ACTIVO
2344,88,290,108097.65,2024-01-01,2025-12-31,ACTIVO
2345,88,410,164468.43,2024-01-01,2025-12-31,ACTIVO
2346,88,279,377161.73,2024-01-01,2025-12-31,ACTIVO
2347,88,339,32841.68,2024-01-01,2025-12-31,ACTIVO
2348,88,153,180865.53,2024-01-01,2025-12-31,ACTIVO
2349,88,298,277228.74,2024-01-01,2025-12-31,ACTIVO
2350,88,472,18328.16,2024-01-01,2025-12-31,ACTIVO
2351,88,130,346790.93,2024-01-01,2025-12-31,ACTIVO
2352,88,259,182618.09,2024-01-01,2025-12-31,ACTIVO
2353,88,251,13547.48,2024-01-01,2025-12-31,ACTIVO
2354,88,50,171969.24,2024-01-01,2025-12-31,ACTIVO
2355,89,224,440612.08,2024-01-01,2025-12-31,ACTIVO
2356,89,373,73553.67,2024-01-01,2025-12-31,ACTIVO
2357,89,53,382760.71,2024-01-01,2025-12-31,ACTIVO
2358,89,352,134088.72,2024-01-01,2025-12-31,ACTIVO
2359,89,118,74863.97,2024-01-01,2025-12-31,ACTIVO
2360,89,304,272115.73,2024-01-01,2025-12-31,ACTIVO
2361,89,167,369029.31,2024-01-01,2025-12-31,ACTIVO
2362,89,283,403241.6,2024-01-01,2025-12-31,ACTIVO
2363,89,88,311682.68,2024-01-01,2025-12-31,ACTIVO
2364,89,182,185819.25,2024-01-01,2025-12-31,ACTIVO
2365,90,146,309608.86,2024-01-01,2025-12-31,ACTIVO
2366,90,48,350640.97,2024-01-01,2025-12-31,ACTIVO
2367,90,291,251998.11,2024-01-01,2025-12-31,ACTIVO
2368,90,371,316797.53,2024-01-01,2025-12-31,ACTIVO
2369,90,200,199564.06,2024-01-01,2025-12-31,ACTIVO
2370,90,386,423761.13,2024-01-01,2025-12-31,ACTIVO
2371,90,292,52789.51,2024-01-01,2025-12-31,ACTIVO
2372,90,74,2717.52,2024-01-01,2025-12-31,ACTIVO
2373,90,112,308431.26,2024-01-01,2025-12-31,ACTIVO
2374,90,9,120850.92,2024-01-01,2025-12-31,ACTIVO
2375,90,490,445376.51,2024-01-01,2025-12-31,ACTIVO
2376,90,433,31551.03,2024-01-01,2025-12-31,ACTIVO
2377,90,151,39504.52,2024-01-01,2025-12-31,ACTIVO
2378,90,192,156017.1,2024-01-01,2025-12-31,ACTIVO
2379,90,463,115166.52,2024-01-01,2025-12-31,ACTIVO
2380,90,261,93945.39,2024-01-01,2025-12-31,ACTIVO
2381,90,1,55983.15,2024-01-01,2025-12-31,ACTIVO
2382,90,326,220531.52,2024-01-01,2025-12-31,ACTIVO
2383,90,390,66500.58,2024-01-01,2025-12-31,ACTIVO
2384,90,265,410560.48,2024-01-01,2025-12-31,ACTIVO
2385,90,113,123830.59,2024-01-01,2025-12-31,ACTIVO
2386,90,320,154154.0,2024-01-01,2025-12-31,ACTIVO
2387,90,58,260169.04,2024-01-01,2025-12-31,ACTIVO
2388,90,189,382480.17,2024-01-01,2025-12-31,ACTIVO
2389,90,159,336773.36,2024-01-01,2025-12-31,ACTIVO
2390,90,345,248707.94,2024-01-01,2025-12-31,ACTIVO
2391,90,437,296911.24,2024-01-01,2025-12-31,ACTIVO
2392,90,326,415275.05,2024-01-01,2025-12-31,ACTIVO
2393,90,408,436363.29,2024-01-01,2025-12-31,ACTIVO
2394,90,55,240576.14,2024-01-01,2025-12-31,ACTIVO
2395,90,100,222025.11,2024-01-01,2025-12-31,ACTIVO
2396,90,470,306466.3,2024-01-01,2025-12-31,ACTIVO
2397,90,425,408386.41,2024-01-01,2025-12-31,ACTIVO
2398,90,218,372261.19,2024-01-01,2025-12-31,ACTIVO
2399,90,304,332332.43,2024-01-01,2025-12-31,ACTIVO
2400,90,477,69959.87,2024-01-01,2025-12-31,ACTIVO
2401,90,302,191627.53,2024-01-01,2025-12-31,ACTIVO
2402,90,485,56451.58,2024-01-01,2025-12-31,ACTIVO
2403,90,491,277859.83,2024-01-01,2025-12-31,ACTIVO
2404,90,285,222239.6,2024-01-01,2025-12-31,ACTIVO
2405,90,331,25798.65,2024-01-01,2025-12-31,ACTIVO
2406,90,332,174386.92,2024-01-01,2025-12-31,ACTIVO
2407,90,488,402710.55,2024-01-01,2025-12-31,ACTIVO
2408,90,442,274453.16,2024-01-01,2025-12-31,ACTIVO
2409,90,292,60899.97,2024-01-01,2025-12-31,ACTIVO
2410,90,440,93086.52,2024-01-01,2025-12-31,ACTIVO
2411,90,10,24855.69,2024-01-01,2025-12-31,ACTIVO
2412,90,75,176717.02,2024-01-01,2025-12-31,ACTIVO
2413,90,208,107050.28,2024-01-01,2025-12-31,ACTIVO
2414,91,119,252085.08,2024-01-01,2025-12-31,ACTIVO
2415,91,211,285997.37,2024-01-01,2025-12-31,ACTIVO
2416,91,286,249744.68,2024-01-01,2025-12-31,ACTIVO
2417,91,158,247477.27,2024-01-01,2025-12-31,ACTIVO
2418,91,135,9001.03,2024-01-01,2025-12-31,ACTIVO
2419,91,410,329255.57,2024-01-01,2025-12-31,ACTIVO
2420,91,69,336468.31,2024-01-01,2025-12-31,ACTIVO
2421,91,34,411471.98,2024-01-01,2025-12-31,ACTIVO
2422,91,26,113852.23,2024-01-01,2025-12-31,ACTIVO
2423,91,147,371677.93,2024-01-01,2025-12-31,ACTIVO
2424,91,238,182297.29,2024-01-01,2025-12-31,ACTIVO
2425,91,32,404428.16,2024-01-01,2025-12-31,ACTIVO
2426,91,280,41055.52,2024-01-01,2025-12-31,ACTIVO
2427,91,153,207952.32,2024-01-01,2025-12-31,ACTIVO
2428,91,112,287176.23,2024-01-01,2025-12-31,ACTIVO
2429,91,279,408228.05,2024-01-01,2025-12-31,ACTIVO
2430,91,34,16589.69,2024-01-01,2025-12-31,ACTIVO
2431,92,370,60501.82,2024-01-01,2025-12-31,ACTIVO
2432,92,473,73040.8,2024-01-01,2025-12-31,ACTIVO
2433,92,122,404303.65,2024-01-01,2025-12-31,ACTIVO
2434,92,96,397988.6,2024-01-01,2025-12-31,ACTIVO
2435,92,425,271044.42,2024-01-01,2025-12-31,ACTIVO
2436,92,44,17851.76,2024-01-01,2025-12-31,ACTIVO
2437,92,12,226298.89,2024-01-01,2025-12-31,ACTIVO
2438,92,385,420439.98,2024-01-01,2025-12-31,ACTIVO
2439,92,76,448281.78,2024-01-01,2025-12-31,ACTIVO
2440,92,353,219001.0,2024-01-01,2025-12-31,ACTIVO
2441,92,286,93671.62,2024-01-01,2025-12-31,ACTIVO
2442,92,15,127897.52,2024-01-01,2025-12-31,ACTIVO
2443,92,181,361661.49,2024-01-01,2025-12-31,ACTIVO
2444,92,33,168910.68,2024-01-01,2025-12-31,ACTIVO
2445,92,163,64821.19,2024-01-01,2025-12-31,ACTIVO
2446,92,40,89587.96,2024-01-01,2025-12-31,ACTIVO
2447,92,177,287264.76,2024-01-01,2025-12-31,ACTIVO
2448,92,273,42806.41,2024-01-01,2025-12-31,ACTIVO
2449,92,106,190902.72,2024-01-01,2025-12-31,ACTIVO
2450,92,148,288633.13,2024-01-01,2025-12-31,ACTIVO
2451,92,147,312416.3,2024-01-01,2025-12-31,ACTIVO
2452,92,80,239319.39,2024-01-01,2025-12-31,ACTIVO
2453,92,269,100559.84,2024-01-01,2025-12-31,ACTIVO
2454,92,368,362126.83,2024-01-01,2025-12-31,ACTIVO
2455,92,222,447289.43,2024-01-01,2025-12-31,ACTIVO
2456,92,176,119940.98,2024-01-01,2025-12-31,ACTIVO
2457,92,93,125276.54,2024-01-01,2025-12-31,ACTIVO
2458,92,119,314402.77,2024-01-01,2025-12-31,ACTIVO
2459,92,332,362951.58,2024-01-01,2025-12-31,ACTIVO
2460,92,6,364305.99,2024-01-01,2025-12-31,ACTIVO
2461,92,429,224633.69,2024-01-01,2025-12-31,ACTIVO
2462,92,179,60359.05,2024-01-01,2025-12-31,ACTIVO
2463,92,445,49829.09,2024-01-01,2025-12-31,ACTIVO
2464,92,379,340629.46,2024-01-01,2025-12-31,ACTIVO
2465,92,480,10996.34,2024-01-01,2025-12-31,ACTIVO
2466,92,31,71533.06,2024-01-01,2025-12-31,ACTIVO
2467,92,89,424573.02,2024-01-01,2025-12-31,ACTIVO
2468,92,151,283499.47,2024-01-01,2025-12-31,ACTIVO
2469,92,446,326808.4,2024-01-01,2025-12-31,ACTIVO
2470,92,191,140303.77,2024-01-01,2025-12-31,ACTIVO
2471,92,314,119768.5,2024-01-01,2025-12-31,ACTIVO
2472,92,253,431423.54,2024-01-01,2025-12-31,ACTIVO
2473,92,260,231078.04,2024-01-01,2025-12-31,ACTIVO
2474,92,232,155695.82,2024-01-01,2025-12-31,ACTIVO
2475,92,396,229658.63,2024-01-01,2025-12-31,ACTIVO
2476,93,140,84679.91,2024-01-01,2025-12-31,ACTIVO
2477,93,87,197133.82,2024-01-01,2025-12-31,ACTIVO
2478,93,128,184917.43,2024-01-01,2025-12-31,ACTIVO
2479,93,264,52273.51,2024-01-01,2025-12-31,ACTIVO
2480,93,470,74856.24,2024-01-01,2025-12-31,ACTIVO
2481,93,137,412173.71,2024-01-01,2025-12-31,ACTIVO
2482,93,343,138189.11,2024-01-01,2025-12-31,ACTIVO
2483,93,182,119082.91,2024-01-01,2025-12-31,ACTIVO
2484,93,424,6747.16,2024-01-01,2025-12-31,ACTIVO
2485,93,189,113325.61,2024-01-01,2025-12-31,ACTIVO
2486,93,346,441532.02,2024-01-01,2025-12-31,ACTIVO
2487,93,479,282909.54,2024-01-01,2025-12-31,ACTIVO
2488,93,371,229180.09,2024-01-01,2025-12-31,ACTIVO
2489,93,292,430584.86,2024-01-01,2025-12-31,ACTIVO
2490,93,258,327747.99,2024-01-01,2025-12-31,ACTIVO
2491,93,405,260130.96,2024-01-01,2025-12-31,ACTIVO
2492,93,375,272147.69,2024-01-01,2025-12-31,ACTIVO
2493,93,35,258538.97,2024-01-01,2025-12-31,ACTIVO
2494,93,191,188053.06,2024-01-01,2025-12-31,ACTIVO
2495,93,264,52260.67,2024-01-01,2025-12-31,ACTIVO
2496,93,173,412578.89,2024-01-01,2025-12-31,ACTIVO
2497,93,343,387588.8,2024-01-01,2025-12-31,ACTIVO
2498,93,205,448909.69,2024-01-01,2025-12-31,ACTIVO
2499,93,9,65208.64,2024-01-01,2025-12-31,ACTIVO
2500,93,127,44693.42,2024-01-01,2025-12-31,ACTIVO
2501,93,285,85935.41,2024-01-01,2025-12-31,ACTIVO
2502,93,211,163911.79,2024-01-01,2025-12-31,ACTIVO
2503,93,427,209579.47,2024-01-01,2025-12-31,ACTIVO
2504,93,193,405771.98,2024-01-01,2025-12-31,ACTIVO
2505,93,322,227625.72,2024-01-01,2025-12-31,ACTIVO
2506,93,298,284197.67,2024-01-01,2025-12-31,ACTIVO
2507,93,313,377451.76,2024-01-01,2025-12-31,ACTIVO
2508,93,354,412323.43,2024-01-01,2025-12-31,ACTIVO
2509,94,272,49836.2,2024-01-01,2025-12-31,ACTIVO
2510,94,112,344378.28,2024-01-01,2025-12-31,ACTIVO
2511,94,426,433723.83,2024-01-01,2025-12-31,ACTIVO
2512,94,89,438592.82,2024-01-01,2025-12-31,ACTIVO
2513,94,241,347564.34,2024-01-01,2025-12-31,ACTIVO
2514,95,360,82527.88,2024-01-01,2025-12-31,ACTIVO
2515,95,414,250466.3,2024-01-01,2025-12-31,ACTIVO
2516,95,367,269785.67,2024-01-01,2025-12-31,ACTIVO
2517,95,440,69590.05,2024-01-01,2025-12-31,ACTIVO
2518,95,482,192594.09,2024-01-01,2025-12-31,ACTIVO
2519,95,9,89101.92,2024-01-01,2025-12-31,ACTIVO
2520,95,231,194871.69,2024-01-01,2025-12-31,ACTIVO
2521,95,317,289280.3,2024-01-01,2025-12-31,ACTIVO
2522,95,196,413421.65,2024-01-01,2025-12-31,ACTIVO
2523,95,294,405976.95,2024-01-01,2025-12-31,ACTIVO
2524,95,18,221095.45,2024-01-01,2025-12-31,ACTIVO
2525,95,302,445486.03,2024-01-01,2025-12-31,ACTIVO
2526,95,226,288352.39,2024-01-01,2025-12-31,ACTIVO
2527,95,297,300108.9,2024-01-01,2025-12-31,ACTIVO
2528,95,62,116115.8,2024-01-01,2025-12-31,ACTIVO
2529,95,373,421677.46,2024-01-01,2025-12-31,ACTIVO
2530,95,85,272101.93,2024-01-01,2025-12-31,ACTIVO
2531,95,179,179858.03,2024-01-01,2025-12-31,ACTIVO
2532,96,142,445872.71,2024-01-01,2025-12-31,ACTIVO
2533,96,167,246330.14,2024-01-01,2025-12-31,ACTIVO
2534,96,447,23180.55,2024-01-01,2025-12-31,ACTIVO
2535,96,476,441185.77,2024-01-01,2025-12-31,ACTIVO
2536,96,297,379663.4,2024-01-01,2025-12-31,ACTIVO
2537,96,392,272926.43,2024-01-01,2025-12-31,ACTIVO
2538,96,13,96355.0,2024-01-01,2025-12-31,ACTIVO
2539,96,135,445854.57,2024-01-01,2025-12-31,ACTIVO
2540,96,440,164113.11,2024-01-01,2025-12-31,ACTIVO
2541,96,284,85978.99,2024-01-01,2025-12-31,ACTIVO
2542,96,37,280736.42,2024-01-01,2025-12-31,ACTIVO
2543,96,198,100123.25,2024-01-01,2025-12-31,ACTIVO
2544,96,435,441581.51,2024-01-01,2025-12-31,ACTIVO
2545,96,120,390385.67,2024-01-01,2025-12-31,ACTIVO
2546,96,478,128752.75,2024-01-01,2025-12-31,ACTIVO
2547,96,353,143016.44,2024-01-01,2025-12-31,ACTIVO
2548,96,392,435929.67,2024-01-01,2025-12-31,ACTIVO
2549,96,4,68580.45,2024-01-01,2025-12-31,ACTIVO
2550,97,43,48067.3,2024-01-01,2025-12-31,ACTIVO
2551,97,215,208620.82,2024-01-01,2025-12-31,ACTIVO
2552,97,321,216942.66,2024-01-01,2025-12-31,ACTIVO
2553,97,118,388612.45,2024-01-01,2025-12-31,ACTIVO
2554,97,56,4375.65,2024-01-01,2025-12-31,ACTIVO
2555,97,336,171323.84,2024-01-01,2025-12-31,ACTIVO
2556,97,330,138316.48,2024-01-01,2025-12-31,ACTIVO
2557,97,326,237017.45,2024-01-01,2025-12-31,ACTIVO
2558,97,149,185694.77,2024-01-01,2025-12-31,ACTIVO
2559,97,497,302865.22,2024-01-01,2025-12-31,ACTIVO
2560,97,422,104963.41,2024-01-01,2025-12-31,ACTIVO
2561,97,404,223480.91,2024-01-01,2025-12-31,ACTIVO
2562,97,260,67384.87,2024-01-01,2025-12-31,ACTIVO
2563,97,404,106763.68,2024-01-01,2025-12-31,ACTIVO
2564,97,210,393353.14,2024-01-01,2025-12-31,ACTIVO
2565,97,168,175897.32,2024-01-01,2025-12-31,ACTIVO
2566,97,369,173430.94,2024-01-01,2025-12-31,ACTIVO
2567,97,276,61021.17,2024-01-01,2025-12-31,ACTIVO
2568,97,371,380005.73,2024-01-01,2025-12-31,ACTIVO
2569,97,187,395013.2,2024-01-01,2025-12-31,ACTIVO
2570,97,357,420348.23,2024-01-01,2025-12-31,ACTIVO
2571,97,405,44247.2,2024-01-01,2025-12-31,ACTIVO
2572,97,39,193995.24,2024-01-01,2025-12-31,ACTIVO
2573,97,213,372825.71,2024-01-01,2025-12-31,ACTIVO
2574,97,92,356820.13,2024-01-01,2025-12-31,ACTIVO
2575,97,387,244358.44,2024-01-01,2025-12-31,ACTIVO
2576,97,24,80296.62,2024-01-01,2025-12-31,ACTIVO
2577,97,189,139909.51,2024-01-01,2025-12-31,ACTIVO
2578,97,481,44483.26,2024-01-01,2025-12-31,ACTIVO
2579,97,389,81991.44,2024-01-01,2025-12-31,ACTIVO
2580,97,465,566.32,2024-01-01,2025-12-31,ACTIVO
2581,97,177,307621.06,2024-01-01,2025-12-31,ACTIVO
2582,97,478,163228.93,2024-01-01,2025-12-31,ACTIVO
2583,97,164,52781.71,2024-01-01,2025-12-31,ACTIVO
2584,97,160,171919.4,2024-01-01,2025-12-31,ACTIVO
2585,97,50,405916.31,2024-01-01,2025-12-31,ACTIVO
2586,97,438,289836.34,2024-01-01,2025-12-31,ACTIVO
2587,97,408,215236.33,2024-01-01,2025-12-31,ACTIVO
2588,97,377,422679.27,2024-01-01,2025-12-31,ACTIVO
2589,97,257,155947.73,2024-01-01,2025-12-31,ACTIVO
2590,97,404,217327.01,2024-01-01,2025-12-31,ACTIVO
2591,97,456,308307.06,2024-01-01,2025-12-31,ACTIVO
2592,97,1,183054.2,2024-01-01,2025-12-31,ACTIVO
2593,97,152,84149.26,2024-01-01,2025-12-31,ACTIVO
2594,98,306,268188.96,2024-01-01,2025-12-31,ACTIVO
2595,98,10,405330.53,2024-01-01,2025-12-31,ACTIVO
2596,98,16,200513.03,2024-01-01,2025-12-31,ACTIVO
2597,98,467,40185.32,2024-01-01,2025-12-31,ACTIVO
2598,98,188,147592.19,2024-01-01,2025-12-31,ACTIVO
2599,98,27,437280.23,2024-01-01,2025-12-31,ACTIVO
2600,98,172,129321.29,2024-01-01,2025-12-31,ACTIVO
2601,98,222,102281.35,2024-01-01,2025-12-31,ACTIVO
2602,98,23,64850.52,2024-01-01,2025-12-31,ACTIVO
2603,98,373,272979.89,2024-01-01,2025-12-31,ACTIVO
2604,98,294,344806.46,2024-01-01,2025-12-31,ACTIVO
2605,98,269,337136.39,2024-01-01,2025-12-31,ACTIVO
2606,98,101,54368.06,2024-01-01,2025-12-31,ACTIVO
2607,98,2,335023.0,2024-01-01,2025-12-31,ACTIVO
2608,98,123,79000.35,2024-01-01,2025-12-31,ACTIVO
2609,98,422,248912.76,2024-01-01,2025-12-31,ACTIVO
2610,98,421,404715.91,2024-01-01,2025-12-31,ACTIVO
2611,98,204,160767.39,2024-01-01,2025-12-31,ACTIVO
2612,98,456,104608.38,2024-01-01,2025-12-31,ACTIVO
2613,98,275,227527.03,2024-01-01,2025-12-31,ACTIVO
2614,98,218,139684.08,2024-01-01,2025-12-31,ACTIVO
2615,99,98,270890.67,2024-01-01,2025-12-31,ACTIVO
2616,99,449,73106.72,2024-01-01,2025-12-31,ACTIVO
2617,99,232,443584.16,2024-01-01,2025-12-31,ACTIVO
2618,99,266,82065.68,2024-01-01,2025-12-31,ACTIVO
2619,99,380,278784.92,2024-01-01,2025-12-31,ACTIVO
2620,99,242,326818.73,2024-01-01,2025-12-31,ACTIVO
2621,99,449,23484.34,2024-01-01,2025-12-31,ACTIVO
2622,99,121,417388.99,2024-01-01,2025-12-31,ACTIVO
2623,99,493,13753.48,2024-01-01,2025-12-31,ACTIVO
2624,99,362,15216.74,2024-01-01,2025-12-31,ACTIVO
2625,99,133,81357.31,2024-01-01,2025-12-31,ACTIVO
2626,99,467,76879.37,2024-01-01,2025-12-31,ACTIVO
2627,99,142,367126.53,2024-01-01,2025-12-31,ACTIVO
2628,100,50,27267.87,2024-01-01,2025-12-31,ACTIVO
2629,100,253,210262.32,2024-01-01,2025-12-31,ACTIVO
2630,100,130,255953.83,2024-01-01,2025-12-31,ACTIVO
2631,100,187,264083.87,2024-01-01,2025-12-31,ACTIVO
2632,100,413,258925.42,2024-01-01,2025-12-31,ACTIVO
2633,100,167,278704.76,2024-01-01,2025-12-31,ACTIVO
2634,100,280,402140.66,2024-01-01,2025-12-31,ACTIVO
2635,100,112,177273.64,2024-01-01,2025-12-31,ACTIVO
2636,100,106,79586.08,2024-01-01,2025-12-31,ACTIVO
2637,100,424,214151.5,2024-01-01,2025-12-31,ACTIVO
2638,100,324,304031.8,2024-01-01,2025-12-31,ACTIVO
2639,100,245,411673.15,2024-01-01,2025-12-31,ACTIVO
2640,100,89,349893.69,2024-01-01,2025-12-31,ACTIVO
2641,100,371,341267.26,2024-01-01,2025-12-31,ACTIVO
2642,100,135,570.57,2024-01-01,2025-12-31,ACTIVO
2643,100,225,322101.2,2024-01-01,2025-12-31,ACTIVO
2644,100,34,36421.91,2024-01-01,2025-12-31,ACTIVO
2645,100,265,186789.03,2024-01-01,2025-12-31,ACTIVO
2646,100,61,446554.82,2024-01-01,2025-12-31,ACTIVO
2647,100,151,12820.73,2024-01-01,2025-12-31,ACTIVO
2648,100,124,67855.81,2024-01-01,2025-12-31,ACTIVO
2649,100,280,192297.77,2024-01-01,2025-12-31,ACTIVO
2650,100,331,12895.07,2024-01-01,2025-12-31,ACTIVO
2651,100,50,172835.56,2024-01-01,2025-12-31,ACTIVO
2652,100,448,390484.01,2024-01-01,2025-12-31,ACTIVO
2653,100,16,279907.76,2024-01-01,2025-12-31,ACTIVO
2654,100,144,367276.86,2024-01-01,2025-12-31,ACTIVO
2655,100,330,147519.95,2024-01-01,2025-12-31,ACTIVO
2656,100,101,242040.01,2024-01-01,2025-12-31,ACTIVO
2657,100,125,359528.15,2024-01-01,2025-12-31,ACTIVO
2658,100,288,20257.71,2024-01-01,2025-12-31,ACTIVO
2659,100,439,439973.45,2024-01-01,2025-12-31,ACTIVO
2660,100,175,18342.42,2024-01-01,2025-12-31,ACTIVO
2661,100,276,164182.22,2024-01-01,2025-12-31,ACTIVO
2662,100,450,148363.42,2024-01-01,2025-12-31,ACTIVO
2663,100,389,167411.68,2024-01-01,2025-12-31,ACTIVO
2664,100,213,304499.74,2024-01-01,2025-12-31,ACTIVO
2665,100,133,190546.34,2024-01-01,2025-12-31,ACTIVO
2666,100,126,34170.91,2024-01-01,2025-12-31,ACTIVO
2667,100,317,429214.01,2024-01-01,2025-12-31,ACTIVO
2668,100,436,184070.82,2024-01-01,2025-12-31,ACTIVO
2669,100,154,108373.48,2024-01-01,2025-12-31,ACTIVO
2670,100,138,435616.06,2024-01-01,2025-12-31,ACTIVO
